id,name,role,basePrice,dynamicRating,dynamicBattingRating,dynamicBowlingRating,age,impact_total,base_price,overall_rating,scarcity,form,target_value
IPL26-001,MS Dhoni,WICKET_KEEPER,2.0,,76,50,44.0,492.22,200.0,76,88.66666666666667,10.0,200.0
IPL26-002,Ruturaj Gaikwad,BATSMAN,2.0,,79,50,29.0,0.0,200.0,79,70.66666666666667,1.7934283060224654,1533.6511884979698
IPL26-003,Sanju Samson,WICKET_KEEPER,2.0,,85,50,31.0,0.0,200.0,85,88.66666666666667,1.7234713976576308,1601.401784607274
IPL26-004,Shivam Dube,ALL_ROUNDER,2.0,,75,60,32.0,0.0,200.0,75,85.0,1.295377076201385,1016.1038939819427
IPL26-005,Ayush Mhatre,BATSMAN,0.25,,73,50,18.0,0.0,25.0,73,70.66666666666667,2.646059712816051,1196.9683297126217
IPL26-006,Dewald Brevis,BATSMAN,1.0,,68,50,23.0,0.0,100.0,68,70.66666666666667,-1.8683067494466719,719.0738971061994
IPL26-007,Urvil Patel,WICKET_KEEPER,0.25,,69,50,27.0,268.05,25.0,69,88.66666666666667,10.0,878.8694570231679
IPL26-008,Noor Ahmad,BOWLER,1.5,,51,76,21.0,701.28,150.0,76,55.666666666666664,10.0,1404.1541506860976
IPL26-009,Nathan Ellis,BOWLER,1.0,,50,71,26.0,0.0,100.0,71,55.666666666666664,-1.2682739138983612,909.6238039393392
IPL26-010,Shreyas Gopal,BOWLER,2.0,,50,76,32.0,0.0,200.0,76,55.666666666666664,3.358425631014783,1075.0628747023482
IPL26-011,Khaleel Ahmed,BOWLER,2.0,,50,80,26.0,0.0,200.0,80,55.666666666666664,2.534869458305818,1583.4783916544536
IPL26-012,Ramakrishna Ghosh,BOWLER,0.25,,61,55,28.0,0.0,25.0,61,55.666666666666664,-3.738948771869904,294.02579002534463
IPL26-013,Mukesh Choudhary,BOWLER,1.5,,50,68,30.0,140.19,150.0,68,55.666666666666664,10.0,771.0510675371409
IPL26-014,Jamie Overton,ALL_ROUNDER,1.0,,69,71,32.0,0.0,100.0,71,85.0,0.28512008717192927,935.6189494494706
IPL26-015,Gurjapneet Singh,BOWLER,0.5,,50,58,27.0,99.53,50.0,58,55.666666666666664,10.0,599.8547477044469
IPL26-016,Anshul Kamboj,ALL_ROUNDER,0.5,,66,72,31.0,0.0,50.0,72,85.0,-1.5268353856249246,949.2534061359901
IPL26-017,Prashant Veer,BATSMAN,0.25,,73,50,20.0,0.0,25.0,73,70.66666666666667,-1.3314595071405138,1043.1269461794982
IPL26-018,Kartik Sharma,WICKET_KEEPER,0.25,,70,50,26.0,292.84,25.0,70,88.66666666666667,10.0,1279.8735793259677
IPL26-019,Rahul Chahar,BOWLER,2.0,,50,78,26.0,0.0,200.0,78,55.666666666666664,1.0839245431320683,1357.506369817881
IPL26-020,Akeal Hosein,BOWLER,1.0,,58,71,33.0,0.0,100.0,71,55.666666666666664,-4.626560489315596,551.7451751689347
IPL26-021,Matt Henry,BOWLER,1.0,,50,54,47.0,0.0,100.0,54,55.666666666666664,-7.649835665026066,100.0
IPL26-022,Matthew Short,BATSMAN,1.0,,64,50,26.0,0.0,100.0,64,70.66666666666667,-3.324575058481946,529.9491751368652
IPL26-023,Sarfaraz Khan,BATSMAN,1.0,,67,50,26.0,0.0,100.0,67,70.66666666666667,-3.6256622406688477,660.3654257706244
IPL26-024,Zak Foulkes,BOWLER,1.0,,50,81,24.0,0.0,100.0,81,55.666666666666664,1.8284946651905476,1217.856271064347
IPL26-025,Aman Khan,BOWLER,0.25,,55,64,26.0,0.0,25.0,64,55.666666666666664,-4.016048151042422,346.01181273683295
IPL26-026,KL Rahul,WICKET_KEEPER,2.0,,87,50,34.0,1380.75,200.0,87,88.66666666666667,10.0,2478.205399936498
IPL26-027,Axar Patel,ALL_ROUNDER,2.0,,71,86,32.0,0.0,200.0,86,85.0,-0.6246074026705828,2241.950424516735
IPL26-028,Kuldeep Yadav,BOWLER,2.0,,52,77,26.0,718.52,200.0,77,55.666666666666664,10.0,1579.9789203164012
IPL26-029,T. Natarajan,BOWLER,2.0,,50,75,26.0,0.0,200.0,75,55.666666666666664,2.931297537843108,1163.586475296554
IPL26-030,Mitchell Starc,BOWLER,1.5,,50,80,36.0,0.0,150.0,80,55.666666666666664,0.5484473990269287,616.8323252920374
IPL26-031,Tristan Stubbs,WICKET_KEEPER,1.5,,77,50,25.0,0.0,150.0,77,88.66666666666667,0.5350564093758476,1185.4616976708708
IPL26-032,Mukesh Kumar,BOWLER,1.5,,51,67,26.0,521.18,150.0,67,55.666666666666664,10.0,838.802798883612
IPL26-033,Nitish Rana,BATSMAN,2.0,,76,50,32.0,0.0,200.0,76,70.66666666666667,-2.6494963724269134,1183.1279219591288
IPL26-034,Abishek Porel,WICKET_KEEPER,1.0,,70,50,23.0,743.92,100.0,70,88.66666666666667,10.0,1261.9787912157065
IPL26-035,Ashutosh Sharma,BATSMAN,0.5,,72,50,26.0,869.41,50.0,72,70.66666666666667,10.0,1182.0075048493923
IPL26-036,Sameer Rizvi,BATSMAN,0.5,,71,50,22.0,503.63,50.0,71,70.66666666666667,10.0,992.069917282231
IPL26-037,Karun Nair,BATSMAN,1.5,,69,50,34.0,0.0,150.0,69,70.66666666666667,-2.2887654490503655,675.1124229875549
IPL26-038,Dushmantha Chameera,BOWLER,1.0,,50,61,34.0,0.0,100.0,61,55.666666666666664,-2.578154820580268,208.8533975727219
IPL26-039,Vipraj Nigam,ALL_ROUNDER,0.5,,68,66,21.0,0.0,50.0,68,85.0,-3.7019871548446055,780.0953211257121
IPL26-040,Ajay Mandal,ALL_ROUNDER,0.25,,60,69,26.0,0.0,25.0,69,85.0,-0.44860396330865604,843.575743470974
IPL26-041,Madhav Tiwari,BOWLER,0.25,,50,70,22.0,0.0,25.0,70,55.666666666666664,-2.20127737983761,683.9633632663098
IPL26-042,Tripurana Vijay,BOWLER,0.25,,50,50,24.0,0.0,25.0,50,55.666666666666664,-5.583387499586554,147.30033016931495
IPL26-043,Auqib Nabi Dar,ALL_ROUNDER,0.25,,60,76,26.0,0.0,25.0,76,85.0,-1.0034132244587939,1076.870701550631
IPL26-044,Pathum Nissanka,BATSMAN,1.0,,69,50,28.0,0.0,100.0,69,70.66666666666667,2.504556369017876,967.5115209508454
IPL26-045,David Miller,BATSMAN,2.0,,80,50,26.0,0.0,200.0,80,70.66666666666667,0.9730055505241322,1245.3385735526358
IPL26-046,Ben Duckett,BATSMAN,1.0,,84,50,31.0,0.0,100.0,84,70.66666666666667,-0.31542185791180066,1413.1217977404265
IPL26-047,Lungi Ngidi,BOWLER,1.5,,50,77,30.0,0.0,150.0,77,55.666666666666664,2.045089824206378,1003.3840823860193
IPL26-048,Kyle Jamieson,ALL_ROUNDER,1.5,,62,68,26.0,0.0,150.0,68,85.0,-3.8416872999420444,673.1969922319341
IPL26-049,Prithvi Shaw,BATSMAN,2.0,,72,50,26.0,0.0,200.0,72,70.66666666666667,-0.18227280999048917,1207.495958600438
IPL26-050,Sahil Parakh,BATSMAN,0.25,,61,50,26.0,0.0,25.0,61,70.66666666666667,-6.7193402477595505,389.7402150626141
IPL26-051,Shubman Gill,BATSMAN,2.0,,84,50,26.0,1502.36,200.0,84,70.66666666666667,10.0,1999.9424644226651
IPL26-052,Rashid Khan,ALL_ROUNDER,2.0,,63,83,26.0,1036.91,200.0,83,85.0,10.0,1684.6692964813312
IPL26-053,Jos Buttler,WICKET_KEEPER,2.0,,86,50,35.0,0.0,200.0,86,88.66666666666667,-0.45637209779686083,1690.5215393314622
IPL26-054,Kagiso Rabada,BOWLER,2.0,,50,89,31.0,0.0,200.0,89,55.666666666666664,3.193722471738247,2178.2805360310645
IPL26-055,Mohammed Siraj,BOWLER,2.0,,52,79,32.0,835.35,200.0,79,55.666666666666664,10.0,1331.315298977489
IPL26-056,Sai Sudharsan,BATSMAN,1.5,,83,50,24.0,1572.25,150.0,83,70.66666666666667,10.0,1843.0383075794189
IPL26-057,Prasidh Krishna,BOWLER,2.0,,51,77,30.0,571.61,200.0,77,55.666666666666664,10.0,1376.8645224687962
IPL26-058,Washington Sundar,ALL_ROUNDER,2.0,,69,64,26.0,670.48,200.0,69,85.0,10.0,1246.674868685378
IPL26-059,Rahul Tewatia,ALL_ROUNDER,2.0,,70,71,33.0,0.0,200.0,71,85.0,0.6769331599908208,982.221844932723
IPL26-060,Shahrukh Khan,BATSMAN,1.5,,66,51,26.0,378.48,150.0,66,70.66666666666667,10.0,788.6936275564916
IPL26-061,R. Sai Kishore,BOWLER,1.5,,50,75,26.0,0.0,150.0,75,55.666666666666664,0.342736562379941,1050.332320623958
IPL26-062,Glenn Phillips,BATSMAN,1.5,,61,50,26.0,0.0,150.0,61,70.66666666666667,-3.031296564776481,587.2926975456714
IPL26-063,Jayant Yadav,BOWLER,2.0,,63,61,36.0,0.0,200.0,63,55.666666666666664,-3.0022073911785774,200.0
IPL26-064,Anuj Rawat,WICKET_KEEPER,0.5,,66,50,26.0,109.12,50.0,66,88.66666666666667,10.0,1079.7872391660765
IPL26-065,Kumar Kushagra,WICKET_KEEPER,0.5,,56,50,21.0,18.97,50.0,56,88.66666666666667,10.0,789.9483256730176
IPL26-066,Gurnoor Singh Brar,BOWLER,0.5,,56,65,26.0,0.0,50.0,65,55.666666666666664,-4.957043980734855,401.64926274326547
IPL26-067,Nishant Sindhu,BATSMAN,0.5,,61,50,22.0,0.0,50.0,61,70.66666666666667,-4.239688416789417,380.1360257295482
IPL26-068,Manav Suthar,BOWLER,0.25,,50,58,23.0,0.0,25.0,58,55.666666666666664,-4.321277541919575,307.4032804018965
IPL26-069,Ishant Sharma,BOWLER,1.5,,50,78,37.0,0.0,150.0,78,55.666666666666664,2.7142444524378315,219.9323879159159
IPL26-070,Arshad Khan,BOWLER,0.5,,52,64,26.0,357.1,50.0,64,55.666666666666664,10.0,757.5516350352785
IPL26-071,Jason Holder,ALL_ROUNDER,1.5,,61,79,41.0,0.0,150.0,79,85.0,1.4872365791369229,150.0
IPL26-072,Tom Banton,WICKET_KEEPER,1.0,,58,50,27.0,0.0,100.0,58,88.66666666666667,-6.926080310725467,463.83158446445196
IPL26-073,Ashok Sharma,BOWLER,0.25,,50,64,26.0,94.13,25.0,64,55.666666666666664,10.0,675.7776390973916
IPL26-074,Luke Wood,BOWLER,1.0,,50,50,26.0,0.0,100.0,50,55.666666666666664,-4.35183206121041,278.5638368973205
IPL26-075,Prithvi Raj,BOWLER,0.25,,55,73,26.0,0.0,25.0,73,55.666666666666664,-1.170164560832633,830.2404819174006
IPL26-076,Sunil Narine,ALL_ROUNDER,2.0,,70,98,37.0,0.0,200.0,98,85.0,3.2461559993880824,2312.318547418607
IPL26-077,Varun Chakravarthy,BOWLER,2.0,,50,85,34.0,0.0,200.0,85,55.666666666666664,3.2233525776817356,1927.4612105920264
IPL26-078,Rinku Singh,BATSMAN,1.5,,74,50,37.0,0.0,150.0,74,70.66666666666667,1.861999044991902,150.0
IPL26-079,Harshit Rana,BOWLER,1.0,,51,73,24.0,541.9,100.0,73,55.666666666666664,10.0,1353.5522406878958
IPL26-080,Angkrish Raghuvanshi,BATSMAN,0.5,,73,50,22.0,0.0,50.0,73,70.66666666666667,1.4625602382323972,1177.8227345360326
IPL26-081,Ramandeep Singh,ALL_ROUNDER,1.5,,63,65,26.0,355.97,150.0,65,85.0,10.0,874.2604109103765
IPL26-082,Ajinkya Rahane,BATSMAN,2.0,,79,50,38.0,0.0,200.0,79,70.66666666666667,-0.878435046445277,200.0
IPL26-083,Rovman Powell,BATSMAN,1.5,,67,50,32.0,0.0,150.0,67,70.66666666666667,-2.2184247517024294,584.0448646642926
IPL26-084,Vaibhav Arora,BOWLER,1.5,,50,73,28.0,0.0,150.0,73,55.666666666666664,0.2625268628071279,805.6691572088308
IPL26-085,Manish Pandey,BATSMAN,2.0,,73,50,26.0,0.0,200.0,73,70.66666666666667,1.5510902542447185,956.1258450296014
IPL26-086,Anukul Roy,BOWLER,0.5,,60,69,27.0,0.0,50.0,69,55.666666666666664,-2.15834847569058,715.0701169705392
IPL26-087,Umran Malik,BOWLER,1.5,,50,65,26.0,0.0,150.0,65,55.666666666666664,-2.371317953327634,510.30415369149
IPL26-088,Cameron Green,ALL_ROUNDER,1.0,,75,66,26.0,0.0,100.0,75,85.0,-2.2126699480120564,1054.3781153394486
IPL26-089,Matheesha Pathirana,BOWLER,1.5,,50,77,24.0,0.0,150.0,77,55.666666666666664,-1.9924132481613417,1337.4097224337
IPL26-090,Mustafizur Rahman,BOWLER,1.5,,50,77,30.0,258.07,150.0,77,55.666666666666664,10.0,1120.996245171162
IPL26-091,Tejasvi Singh,BATSMAN,0.25,,78,50,26.0,0.0,25.0,78,70.66666666666667,2.225051644788396,1423.034800145419
IPL26-092,Finn Allen,BATSMAN,1.0,,74,50,27.0,0.0,100.0,74,70.66666666666667,2.5124800571416457,1015.2924595363202
IPL26-093,Rachin Ravindra,BATSMAN,1.0,,68,50,26.0,0.0,100.0,68,70.66666666666667,-1.5440202431606675,640.6643916876228
IPL26-094,Tim Seifert,WICKET_KEEPER,1.0,,58,50,24.0,0.0,100.0,58,88.66666666666667,-1.3929342042159516,605.0420417343146
IPL26-095,Akash Deep,BOWLER,1.0,,50,58,26.0,74.49,100.0,58,55.666666666666664,10.0,673.283433783751
IPL26-096,Rahul Tripathi,BATSMAN,2.0,,73,50,26.0,0.0,200.0,73,70.66666666666667,0.32327205009526827,1285.319230601739
IPL26-097,Prashant Solanki,BOWLER,0.25,,50,75,26.0,0.0,25.0,75,55.666666666666664,-1.2902395092102485,1037.2853352415912
IPL26-098,Kartik Tyagi,BOWLER,1.0,,51,71,25.0,267.17,100.0,71,55.666666666666664,10.0,1173.3436782220203
IPL26-099,Sarthak Ranjan,BATSMAN,0.25,,59,50,29.0,0.0,25.0,59,70.66666666666667,-2.477208788983172,353.2157828851652
IPL26-100,Daksh Kamra,BATSMAN,0.25,,50,50,26.0,0.0,25.0,50,70.66666666666667,-1.9239268670680616,265.2308298890241
IPL26-101,Rishabh Pant,WICKET_KEEPER,2.0,,82,50,28.0,0.0,200.0,82,88.66666666666667,1.3283479217800969,1953.6987093665728
IPL26-102,Nicholas Pooran,WICKET_KEEPER,2.0,,77,50,30.0,0.0,200.0,77,88.66666666666667,3.5292873116280123,1632.6950662328709
IPL26-103,Mayank Yadav,BOWLER,1.0,,50,63,26.0,0.0,100.0,63,55.666666666666664,-7.639490208179488,479.46316555834665
IPL26-104,Mohammed Shami,BOWLER,2.0,,51,77,36.0,366.12,200.0,77,55.666666666666664,10.0,728.7340659433333
IPL26-105,Mohsin Khan,BOWLER,1.5,,51,75,38.0,341.0,150.0,75,55.666666666666664,10.0,150.0
IPL26-106,Ayush Badoni,BATSMAN,0.5,,70,50,26.0,0.0,50.0,70,70.66666666666667,0.6438050087504477,924.092583325804
IPL26-107,Avesh Khan,BOWLER,1.5,,51,73,29.0,614.92,150.0,73,55.666666666666664,10.0,1102.7462507090743
IPL26-108,Abdul Samad,BATSMAN,1.5,,66,55,26.0,652.13,150.0,66,70.66666666666667,10.0,1130.1349899938139
IPL26-109,Mitchell Marsh,ALL_ROUNDER,1.5,,75,76,34.0,0.0,150.0,76,85.0,0.3740941364763425,1183.6721763095138
IPL26-110,Aiden Markram,ALL_ROUNDER,1.5,,73,56,31.0,0.0,150.0,73,85.0,-0.9980147009317349,1029.682612091465
IPL26-111,Shahbaz Ahmed,ALL_ROUNDER,1.5,,62,63,26.0,458.64,150.0,63,85.0,10.0,1029.4981167939886
IPL26-112,Matthew Breetzke,BATSMAN,1.0,,61,50,27.0,0.0,100.0,61,70.66666666666667,-2.616478446928995,570.1237953856598
IPL26-113,Digvesh Rathi,BOWLER,0.5,,50,65,26.0,0.0,50.0,65,55.666666666666664,-5.975137829201786,373.4132341179836
IPL26-114,Himmat Singh,BATSMAN,0.5,,66,50,29.0,101.92,50.0,66,70.66666666666667,10.0,985.7415958581722
IPL26-115,Arshin Kulkarni,BATSMAN,0.25,,56,50,26.0,0.0,25.0,56,70.66666666666667,-4.239343775675024,316.6744831187603
IPL26-116,Manimaran Siddharth,BOWLER,0.5,,50,68,27.0,0.0,50.0,68,55.666666666666664,-0.6857748569765071,741.4588586599205
IPL26-117,Akash Singh,BOWLER,0.25,,50,67,39.0,96.39,25.0,67,55.666666666666664,10.0,25.0
IPL26-118,Arjun Tendulkar,BOWLER,0.5,,59,64,26.0,32.51,50.0,64,55.666666666666664,10.0,848.2980394414773
IPL26-119,Prince Yadav,BATSMAN,0.25,,52,55,24.0,347.54,25.0,55,70.66666666666667,10.0,561.4015147174475
IPL26-120,Josh Inglis,WICKET_KEEPER,1.0,,74,50,31.0,0.0,100.0,74,88.66666666666667,2.755788089483032,927.5757118854666
IPL26-121,Akshat Raghuwanshi,BATSMAN,0.25,,59,50,22.0,22.82,25.0,59,70.66666666666667,10.0,785.030588304095
IPL26-122,Mukul Choudhary,BATSMAN,0.25,,71,50,21.0,0.0,25.0,71,70.66666666666667,-1.8365404365472948,701.0801784303197
IPL26-123,Wanindu Hasaranga,BOWLER,1.5,,57,76,28.0,0.0,150.0,76,55.666666666666664,-1.4169872057863753,1045.9468045155365
IPL26-124,Anrich Nortje,BOWLER,1.5,,50,76,32.0,0.0,150.0,76,55.666666666666664,-0.8035140871690731,1274.0737747718497
IPL26-125,Naman Tiwari,BOWLER,0.25,,50,76,26.0,0.0,25.0,76,55.666666666666664,2.0308042354041485,1264.4971206223104
IPL26-126,Rohit Sharma,BATSMAN,2.0,,54,50,39.0,0.0,200.0,54,70.66666666666667,-3.5424977806806313,200.0
IPL26-127,Jasprit Bumrah,BOWLER,2.0,,50,95,32.0,0.0,200.0,95,55.666666666666664,2.9404795924659224,2500.0
IPL26-128,Suryakumar Yadav,BATSMAN,2.0,,84,50,35.0,0.0,200.0,84,70.66666666666667,2.8265348662267122,1486.058705348594
IPL26-129,Hardik Pandya,ALL_ROUNDER,2.0,,77,76,32.0,0.0,200.0,77,85.0,0.5941550986960809,1237.4267174919792
IPL26-130,Tilak Varma,BATSMAN,1.5,,76,50,23.0,1185.21,150.0,76,70.66666666666667,10.0,1336.9060064299833
IPL26-131,Trent Boult,BOWLER,2.0,,50,87,36.0,0.0,200.0,87,55.666666666666664,4.337289981065778,1474.6460912451107
IPL26-132,Deepak Chahar,BOWLER,2.0,,50,80,26.0,0.0,200.0,80,55.666666666666664,-0.40410618775470475,1596.9365667572097
IPL26-133,Naman Dhir,BATSMAN,0.5,,71,55,26.0,863.67,50.0,71,70.66666666666667,10.0,1187.9034229988026
IPL26-134,Will Jacks,ALL_ROUNDER,1.5,,70,67,27.0,0.0,150.0,70,85.0,-1.6553242931955365,1060.7350859993385
IPL26-135,Robin Minz,WICKET_KEEPER,0.5,,55,50,23.0,0.0,50.0,55,88.66666666666667,-4.784216306264315,342.75032883989945
IPL26-136,Ryan Rickelton,WICKET_KEEPER,1.0,,73,50,29.0,0.0,100.0,73,88.66666666666667,-3.327029896264237,1007.4491433980071
IPL26-137,Shardul Thakur,ALL_ROUNDER,2.0,,62,82,34.0,0.0,200.0,82,85.0,1.9922405541291521,1244.798885283736
IPL26-138,Sherfane Rutherford,BATSMAN,1.0,,67,50,27.0,0.0,100.0,67,70.66666666666667,-1.0778894556402214,742.2644516097557
IPL26-139,Mayank Markande,BOWLER,1.5,,50,72,28.0,0.0,150.0,72,55.666666666666664,-0.5897730867150782,909.7449519298161
IPL26-140,Allah Ghazanfar,BOWLER,1.0,,50,70,26.0,0.0,100.0,70,55.666666666666664,-1.4691742667502938,892.1072026497341
IPL26-141,Corbin Bosch,ALL_ROUNDER,1.0,,69,73,31.0,0.0,100.0,73,85.0,-3.2307414841008284,907.5739801115591
IPL26-142,Mitchell Santner,ALL_ROUNDER,1.5,,62,73,34.0,0.0,150.0,73,85.0,-1.241290645530718,711.264621894556
IPL26-143,Ashwani Kumar,BOWLER,0.25,,50,73,26.0,180.0,25.0,73,55.666666666666664,10.0,915.2659824434942
IPL26-144,Raj Angad Bawa,BATSMAN,0.5,,62,71,23.0,0.0,50.0,71,70.66666666666667,-1.485429033053539,934.6265575136408
IPL26-145,Raghu Sharma,BOWLER,0.25,,50,59,26.0,37.39,25.0,59,55.666666666666664,10.0,611.6124758324894
IPL26-146,Quinton de Kock,WICKET_KEEPER,2.0,,79,50,33.0,0.0,200.0,79,88.66666666666667,-0.8045545384432378,1146.307415927162
IPL26-147,Atharva Ankolekar,ALL_ROUNDER,1.0,,63,68,25.0,0.0,100.0,68,85.0,-1.7225714233320182,681.1561317985279
IPL26-148,Mohammad Izhar,BOWLER,0.25,,56,76,26.0,0.0,25.0,76,55.666666666666664,1.0081017136290769,1135.415224879701
IPL26-149,Danish Malewar,BATSMAN,0.25,,52,50,26.0,0.0,25.0,52,70.66666666666667,-0.8276281975789392,282.11764046837607
IPL26-150,Mayank Rawat,BATSMAN,0.25,,56,50,26.0,0.0,25.0,56,70.66666666666667,-3.450844374336322,374.4953119591878
IPL26-151,Shreyas Iyer,BATSMAN,2.0,,83,50,31.0,0.0,200.0,83,70.66666666666667,2.1151007814455287,1884.0114434171694
IPL26-152,Arshdeep Singh,BOWLER,2.0,,52,78,21.0,828.89,200.0,78,55.666666666666664,10.0,1301.2876348140148
IPL26-153,Yuzvendra Chahal,BOWLER,2.0,,50,100,35.0,0.0,200.0,100,55.666666666666664,4.851108168467666,2500.0
IPL26-154,Marco Jansen,ALL_ROUNDER,1.0,,61,70,26.0,0.0,100.0,70,85.0,-4.8375424305980825,999.8853705814339
IPL26-155,Prabhsimran Singh,WICKET_KEEPER,1.5,,74,50,25.0,0.0,150.0,74,88.66666666666667,-0.25302775089843377,1128.2954800590223
IPL26-156,Harpreet Brar,ALL_ROUNDER,1.5,,62,72,30.0,492.23,150.0,72,85.0,10.0,1180.8897589916555
IPL26-157,Shashank Singh,BATSMAN,1.5,,73,52,26.0,1092.28,150.0,73,70.66666666666667,10.0,1417.9246950119907
IPL26-158,Azmatullah Omarzai,ALL_ROUNDER,1.0,,64,67,26.0,458.76,100.0,67,85.0,10.0,1195.2890880472282
IPL26-159,Nehal Wadhera,BATSMAN,0.5,,68,50,25.0,0.0,50.0,68,70.66666666666667,-1.279539580117947,849.749779262637
IPL26-160,Xavier Bartlett,BOWLER,1.0,,50,55,27.0,0.0,100.0,55,55.666666666666664,0.9264842249705723,455.3712854545646
IPL26-161,Lockie Ferguson,BOWLER,1.5,,50,74,35.0,0.0,150.0,74,55.666666666666664,-0.584721929562245,639.6038566701324
IPL26-162,Marcus Stoinis,ALL_ROUNDER,1.5,,75,71,36.0,0.0,150.0,75,85.0,0.6030946846672249,444.20276705537253
IPL26-163,Mitch Owen,ALL_ROUNDER,1.0,,50,50,22.0,0.0,100.0,50,85.0,-5.0694235394104865,450.0216935828684
IPL26-164,Musheer Khan,BOWLER,0.5,,50,61,26.0,9.79,50.0,61,55.666666666666664,10.0,667.5072578411095
IPL26-165,Priyansh Arya,BATSMAN,0.5,,74,50,25.0,912.18,50.0,74,70.66666666666667,10.0,1175.364431096806
IPL26-166,Vyshak Vijaykumar,BOWLER,1.5,,50,62,26.0,0.0,150.0,62,55.666666666666664,-4.937356075239064,555.8818287751727
IPL26-167,Yash Thakur,BOWLER,0.5,,50,67,26.0,223.54,50.0,67,55.666666666666664,10.0,702.5241909646978
IPL26-168,Pyla Avinash,BATSMAN,0.25,,63,50,25.0,0.0,25.0,63,70.66666666666667,-0.11435437096995882,542.2196769710379
IPL26-169,Harnoor Pannu,BATSMAN,0.25,,64,50,26.0,0.0,25.0,64,70.66666666666667,-0.6961339346264519,451.3472631258359
IPL26-170,Vishnu Vinod,WICKET_KEEPER,1.0,,62,50,32.0,15.19,100.0,62,88.66666666666667,10.0,805.186120821742
IPL26-171,Suryansh Shedge,BATSMAN,0.25,,67,50,23.0,226.14,25.0,67,70.66666666666667,10.0,729.08495113961
IPL26-172,Cooper Connolly,BATSMAN,1.0,,75,50,22.0,0.0,100.0,75,70.66666666666667,1.5820638940860938,993.3695406799256
IPL26-173,Ben Dwarshuis,BOWLER,1.0,,50,56,31.0,0.0,100.0,56,55.666666666666664,-5.618774909589478,212.5335161603545
IPL26-174,Praveen Dubey,BOWLER,0.25,,50,59,32.0,0.0,25.0,59,55.666666666666664,-0.3944113781278018,334.9753232727951
IPL26-175,Vishal Nishad,BOWLER,0.25,,50,51,26.0,0.0,25.0,51,55.666666666666664,-7.603702125584562,142.5811939435662
IPL26-176,Yashasvi Jaiswal,BATSMAN,1.5,,78,50,24.0,0.0,150.0,78,70.66666666666667,1.7737141876005404,1426.0282062215135
IPL26-177,Ravindra Jadeja,ALL_ROUNDER,2.0,,76,91,37.0,0.0,200.0,91,85.0,7.580911251619957,1893.0259329934227
IPL26-178,Riyan Parag,ALL_ROUNDER,2.0,,72,58,24.0,0.0,200.0,72,85.0,-2.5810726502613766,1019.9645754145918
IPL26-179,Jofra Archer,BOWLER,1.5,,50,80,31.0,0.0,150.0,80,55.666666666666664,-0.13259545920554383,1244.285217775435
IPL26-180,Dhruv Jurel,WICKET_KEEPER,1.0,,74,50,25.0,1059.22,100.0,74,88.66666666666667,10.0,1541.1316768649906
IPL26-181,Shimron Hetmyer,BATSMAN,2.0,,72,50,29.0,0.0,200.0,72,70.66666666666667,-0.40069726982471754,923.070612348517
IPL26-182,Sam Curran,ALL_ROUNDER,2.0,,69,72,26.0,0.0,200.0,72,85.0,-1.6069513082323983,1295.7435597688425
IPL26-183,Sandeep Sharma,BOWLER,2.0,,51,77,26.0,459.67,200.0,77,55.666666666666664,10.0,1179.2255457208705
IPL26-184,Vaibhav Suryavanshi,BATSMAN,0.5,,80,50,26.0,0.0,50.0,80,70.66666666666667,-2.1013268621322654,1584.8029413234888
IPL26-185,Tushar Deshpande,BOWLER,1.5,,50,72,26.0,0.0,150.0,72,55.666666666666664,-0.4628740503879453,763.3812634601712
IPL26-186,Shubham Dubey,BATSMAN,0.5,,72,50,32.0,0.0,50.0,72,70.66666666666667,-2.72460742745221,920.9270743430587
IPL26-187,Yudhvir Charak,BOWLER,0.5,,50,66,26.0,0.0,50.0,66,55.666666666666664,-0.8528151387296369,585.8943470526729
IPL26-188,Kwena Maphaka,BOWLER,0.5,,50,52,20.0,0.0,50.0,52,55.666666666666664,-6.438848468467606,279.5946283081138
IPL26-189,Lhuan-Dre Pretorius,BATSMAN,0.5,,57,50,20.0,0.0,50.0,57,70.66666666666667,-0.5001311899649212,397.2393472751406
IPL26-190,Nandre Burger,BOWLER,1.0,,50,70,30.0,0.0,100.0,70,55.666666666666664,-2.5665065846724744,735.904275871619
IPL26-191,Donovan Ferreira,WICKET_KEEPER,1.0,,69,50,27.0,0.0,100.0,69,88.66666666666667,-1.8441230324113511,1034.6000107391094
IPL26-192,Ravi Bishnoi,BOWLER,2.0,,51,74,25.0,466.26,200.0,74,55.666666666666664,10.0,1306.5658086876656
IPL26-193,Adam Milne,BOWLER,1.0,,50,59,34.0,0.0,100.0,59,55.666666666666664,-1.5729655652606607,176.20922577911298
IPL26-194,Ravi Singh,BATSMAN,0.25,,59,50,26.0,4.35,25.0,59,70.66666666666667,8.7,674.4729615794139
IPL26-195,Sushant Mishra,BOWLER,0.25,,51,75,25.0,0.0,25.0,75,55.666666666666664,-2.4617286328679104,907.8896064591084
IPL26-196,Kuldeep Sen,BOWLER,1.0,,50,70,29.0,0.0,100.0,70,55.666666666666664,-0.5450801307917412,815.3990185615919
IPL26-197,Brijesh Sharma,BOWLER,0.25,,50,67,26.0,210.22,25.0,67,55.666666666666664,10.0,834.1158784305059
IPL26-198,Aman Rao Perala,BATSMAN,0.25,,71,50,26.0,0.0,25.0,71,70.66666666666667,1.8142855085648562,1015.5366808900955
IPL26-199,Vignesh Puthur,BOWLER,0.25,,50,73,25.0,0.0,25.0,73,55.666666666666664,-3.614966469122455,650.8151754318081
IPL26-200,Virat Kohli,BATSMAN,2.0,,100,50,37.0,0.0,200.0,100,70.66666666666667,5.369267717064608,2273.9921533779852
IPL26-201,Rajat Patidar,BATSMAN,1.5,,75,50,33.0,0.0,150.0,75,70.66666666666667,0.5197655884968471,1200.031384254475
IPL26-202,Phil Salt,WICKET_KEEPER,1.0,,75,50,47.0,0.0,100.0,75,88.66666666666667,1.5636457435546207,100.0
IPL26-203,Josh Hazlewood,BOWLER,1.5,,50,79,35.0,0.0,150.0,79,55.666666666666664,-1.6739014217561639,931.2199939926818
IPL26-204,Yash Dayal,BOWLER,1.5,,51,68,28.0,485.16,150.0,68,55.666666666666664,10.0,1016.124554315206
IPL26-205,Krunal Pandya,ALL_ROUNDER,2.0,,71,82,35.0,0.0,200.0,82,85.0,-1.2409132261685527,1227.788633556568
IPL26-206,Bhuvneshwar Kumar,BOWLER,2.0,,50,98,36.0,0.0,200.0,98,55.666666666666664,5.643883131233795,2220.362638743606
IPL26-207,Tim David,BATSMAN,1.5,,74,50,26.0,0.0,150.0,74,70.66666666666667,0.3939693464663721,1103.7212792212372
IPL26-208,Romario Shepherd,ALL_ROUNDER,1.0,,68,62,31.0,0.0,100.0,68,85.0,-0.8990142993082468,742.2992023656095
IPL26-209,Nuwan Thushara,BOWLER,1.0,,50,68,31.0,0.0,100.0,68,55.666666666666664,-0.7071035810060485,682.4917350050217
IPL26-210,Swapnil Singh,BOWLER,1.0,,59,66,35.0,131.12,100.0,66,55.666666666666664,10.0,404.3519486536134
IPL26-211,Jacob Bethell,BATSMAN,1.0,,64,50,20.0,0.0,100.0,64,70.66666666666667,-3.5600494431569816,745.6463643798335
IPL26-212,Devdutt Padikkal,BATSMAN,1.5,,73,50,25.0,0.0,150.0,73,70.66666666666667,0.06450739432200708,1267.9850047820182
IPL26-213,Suyash Sharma,BOWLER,0.5,,50,64,26.0,369.66,50.0,64,55.666666666666664,10.0,790.4772683477054
IPL26-214,Rasikh Dar,BOWLER,0.5,,50,71,26.0,0.0,50.0,71,55.666666666666664,-0.21385505340263755,803.486456333876
IPL26-215,Jitesh Sharma,WICKET_KEEPER,1.5,,56,50,32.0,0.0,150.0,56,88.66666666666667,-5.228702836052736,408.5308433283227
IPL26-216,Abhinandan Singh,BOWLER,0.25,,50,59,26.0,38.42,25.0,59,55.666666666666664,10.0,657.2990090475199
IPL26-217,Venkatesh Iyer,ALL_ROUNDER,1.5,,73,60,35.0,0.0,150.0,73,85.0,3.331549022289513,892.8065514686978
IPL26-218,Jordan Cox,WICKET_KEEPER,1.0,,80,50,34.0,0.0,100.0,80,88.66666666666667,1.947665841823575,1112.487776669786
IPL26-219,Mangesh Yadav,BOWLER,0.25,,72,65,26.0,0.0,25.0,72,55.666666666666664,-2.9826069944052973,883.3787744316796
IPL26-220,Vicky Kanhaiya Ostwal,BOWLER,0.5,,60,74,26.0,0.0,50.0,74,55.666666666666664,1.1131072172676595,1091.6071576976894
IPL26-221,Kanishk Chouhan,BATSMAN,0.25,,50,50,26.0,0.0,25.0,50,70.66666666666667,-6.949363340454643,240.71869707079452
IPL26-222,Vihaan Malhotra,BATSMAN,0.25,,50,50,19.0,0.0,25.0,50,70.66666666666667,-3.4258307925150957,364.683154163436
IPL26-223,Satvik Deswal,BOWLER,0.25,,50,77,26.0,0.0,25.0,77,55.666666666666664,2.717191158014808,1196.3920232021023
IPL26-224,Yash Raj Punja,BOWLER,0.25,,50,68,26.0,128.95,25.0,68,55.666666666666664,10.0,816.916769339474
IPL26-225,Pat Cummins,ALL_ROUNDER,2.0,,67,78,33.0,0.0,200.0,78,85.0,-1.0413646367034208,1499.453386984768
IPL26-226,Heinrich Klaasen,WICKET_KEEPER,1.5,,80,50,26.0,0.0,150.0,80,88.66666666666667,2.9267522584886434,1852.194041790227
IPL26-227,Travis Head,BATSMAN,1.5,,75,50,32.0,0.0,150.0,75,70.66666666666667,0.8255618538729966,918.6711917128017
IPL26-228,Abhishek Sharma,ALL_ROUNDER,1.5,,79,59,26.0,1410.48,150.0,79,85.0,10.0,1356.4610866569587
IPL26-229,Nitish Kumar Reddy,ALL_ROUNDER,1.0,,70,62,23.0,0.0,100.0,70,85.0,0.64412031998898,911.2296556712263
IPL26-230,Ishan Kishan,WICKET_KEEPER,2.0,,78,50,27.0,1062.44,200.0,78,88.66666666666667,10.0,1883.6711614381352
IPL26-231,Harshal Patel,BOWLER,2.0,,50,88,35.0,0.0,200.0,88,55.666666666666664,6.393585965307895,2221.597513110956
IPL26-232,Jaydev Unadkat,BOWLER,2.0,,50,81,33.0,0.0,200.0,81,55.666666666666664,0.709223767994259,1189.155806194067
IPL26-233,Zeeshan Ansari,BOWLER,0.5,,50,59,26.0,99.75,50.0,59,55.666666666666664,10.0,631.9270085278445
IPL26-234,Brydon Carse,BOWLER,1.0,,50,72,30.0,0.0,100.0,72,55.666666666666664,-2.1074723287149792,782.0535407316711
IPL26-235,Kamindu Mendis,BATSMAN,1.0,,65,68,27.0,0.0,100.0,68,70.66666666666667,-3.1790288592510465,859.4395938354209
IPL26-236,Harsh Dubey,BOWLER,0.5,,57,70,23.0,174.77,50.0,70,55.666666666666664,10.0,1095.5982603740215
IPL26-237,Aniket Verma,BATSMAN,0.25,,66,50,24.0,403.65,25.0,66,70.66666666666667,10.0,952.5769758274962
IPL26-238,Eshan Malinga,BOWLER,0.25,,50,74,25.0,0.0,25.0,74,55.666666666666664,-1.8316205699308765,871.9151356280506
IPL26-239,Smaran Ravichandaran,BATSMAN,0.25,,73,50,26.0,0.0,25.0,73,70.66666666666667,-0.5542034188282084,892.6710698142388
IPL26-240,Liam Livingstone,ALL_ROUNDER,1.5,,70,67,32.0,0.0,150.0,70,85.0,-0.3176960503667122,834.2150298123161
IPL26-241,Salil Arora,WICKET_KEEPER,0.25,,68,50,23.0,31.36,25.0,68,88.66666666666667,10.0,826.6920928964973
IPL26-242,Jack Edwards,ALL_ROUNDER,1.0,,62,77,26.0,0.0,100.0,77,85.0,0.9533815986600381,1508.214033147546
IPL26-243,Shivam Mavi,BOWLER,1.5,,50,64,27.0,0.0,150.0,64,55.666666666666664,-0.5456335019279526,699.2977602834139
IPL26-244,Amit Kumar,BOWLER,0.25,,50,56,26.0,0.0,25.0,56,55.666666666666664,-3.7739962162441856,309.35189918167737
IPL26-245,Onkar Tarmale,ALL_ROUNDER,0.25,,51,56,26.0,0.0,25.0,56,85.0,-0.8929318456853661,536.3246357504171
IPL26-246,Sakib Hussain,BOWLER,0.25,,50,71,21.0,221.1,25.0,71,55.666666666666664,10.0,1029.6626534334916
IPL26-247,Praful Hinge,BOWLER,0.25,,50,70,26.0,0.0,25.0,70,55.666666666666664,-1.5293136664759122,771.029847557975
IPL26-248,Shivang Kumar,BOWLER,0.25,,58,63,26.0,185.9,25.0,63,55.666666666666664,10.0,799.3401929699712
IPL26-249,Krains Fuletra,BOWLER,0.25,,50,55,26.0,0.0,25.0,55,55.666666666666664,1.4403383331792377,397.5179044836261
IPL26-250,Jake Fraser-McGurk,BATSMAN,1.0,,71,50,23.0,0.0,100.0,71,70.66666666666667,0.4513346955300124,840.3771199958991
IPL26-251,Devon Conway,WICKET_KEEPER,1.5,,76,50,26.0,0.0,150.0,76,88.66666666666667,-1.5143151128325651,1248.7824287747876
IPL26-252,Gus Atkinson,BOWLER,1.0,,50,80,28.0,0.0,100.0,80,55.666666666666664,-1.1417849961222246,1137.613687365462
IPL26-253,Jamie Smith,WICKET_KEEPER,1.0,,71,50,37.0,0.0,100.0,71,88.66666666666667,0.16494483048637054,100.0
IPL26-254,Deepak Hooda,ALL_ROUNDER,2.0,,66,60,31.0,0.0,200.0,66,85.0,-2.246925570651702,822.0826725289846
IPL26-255,Wiaan Mulder,BOWLER,1.0,,57,50,28.0,0.0,100.0,57,55.666666666666664,-2.1719990118158163,338.70200359393056
IPL26-256,Rahmanullah Gurbaz,WICKET_KEEPER,1.0,,67,50,24.0,183.09,100.0,67,88.66666666666667,10.0,1101.170832815229
IPL26-257,Jonny Bairstow,WICKET_KEEPER,1.5,,75,50,36.0,0.0,150.0,75,88.66666666666667,0.9464752491470897,582.6572226307098
IPL26-258,K.S. Bharat,WICKET_KEEPER,1.5,,67,50,26.0,0.0,150.0,67,88.66666666666667,-1.7456578253137456,797.5205855332258
IPL26-259,Gerald Coetzee,BOWLER,1.0,,50,67,25.0,0.0,100.0,67,55.666666666666664,-3.29358743613681,520.8065941174315
IPL26-260,Spencer Johnson,BOWLER,1.0,,50,57,38.0,0.0,100.0,57,55.666666666666664,-6.62969444937173,100.0
IPL26-261,Fazalhaq Farooqi,BOWLER,1.0,,50,63,25.0,34.22,100.0,63,55.666666666666664,10.0,759.7326652075898
IPL26-262,Maheesh Theekshana,BOWLER,1.0,,50,71,25.0,0.0,100.0,71,55.666666666666664,-1.6930299041340422,900.9667748813354
IPL26-263,Mujeeb Ur Rahman,BOWLER,2.0,,50,67,25.0,8.29,200.0,67,55.666666666666664,10.0,989.8219434913469
IPL26-264,Aarya Desai,BATSMAN,0.25,,55,50,23.0,0.0,25.0,55,70.66666666666667,-2.2872024113530554,403.5177954317467
IPL26-265,Yash Dhull,BATSMAN,0.5,,55,50,23.0,0.0,50.0,55,70.66666666666667,-3.571812511739592,360.32929330783855
IPL26-266,Abhinav Manohar,BATSMAN,0.5,,62,50,31.0,0.0,50.0,62,70.66666666666667,-5.091477557423977,407.26935964152227
IPL26-267,Anmolpreet Singh,BATSMAN,1.0,,63,50,28.0,4.93,100.0,63,70.66666666666667,9.86,941.5989401715669
IPL26-268,Atharva Taide,BATSMAN,0.5,,69,50,26.0,59.39,50.0,69,70.66666666666667,10.0,939.2450056611497
IPL26-269,Mahipal Lomror,BATSMAN,1.5,,65,50,26.0,0.0,150.0,65,70.66666666666667,-1.653638148297636,595.6542371029111
IPL26-270,Vijay Shankar,ALL_ROUNDER,2.0,,68,66,35.0,0.0,200.0,68,85.0,-0.6293652405423263,469.82397103254067
IPL26-271,Tanush Kotian,BATSMAN,0.5,,61,55,27.0,18.32,50.0,61,70.66666666666667,10.0,793.2251113307077
IPL26-272,Kamlesh Nagarkoti,BOWLER,1.5,,50,57,26.0,0.0,150.0,57,55.666666666666664,-5.367714872402266,383.64233527202106
IPL26-273,Ruchit Ahir,BATSMAN,0.25,,74,50,26.0,0.0,25.0,74,70.66666666666667,0.1074502118910558,1070.0084540663545
IPL26-274,Sanvir Singh,BATSMAN,0.5,,60,53,29.0,20.67,50.0,60,70.66666666666667,10.0,603.8281907305025
IPL26-275,Vansh Bedi,WICKET_KEEPER,0.25,,50,50,23.0,0.0,25.0,50,88.66666666666667,-4.883582563108,289.1180134503578
IPL26-276,Raj Limbani,BOWLER,0.25,,50,75,26.0,0.0,25.0,75,55.666666666666664,-2.285940595661246,747.9760917810404
IPL26-277,Simarjeet Singh,BOWLER,1.0,,50,65,28.0,87.74,100.0,65,55.666666666666664,10.0,764.77026785937
IPL26-278,Akash Madhwal,BOWLER,1.0,,50,68,32.0,143.34,100.0,68,55.666666666666664,10.0,890.4504054184243
IPL26-279,Karn Sharma,BOWLER,2.0,,50,80,38.0,0.0,200.0,80,55.666666666666664,1.7155747206965666,200.0
IPL26-280,Sean Abbott,BOWLER,1.0,,50,54,34.0,0.0,100.0,54,55.666666666666664,-3.0784309472635316,100.0
IPL26-281,Michael Bracewell,ALL_ROUNDER,1.0,,67,74,35.0,0.0,100.0,74,85.0,1.966102486350554,936.2157603022475
IPL26-282,Daryl Mitchell,BATSMAN,1.0,,67,53,26.0,0.0,100.0,67,70.66666666666667,0.5076041040698058,713.4512861288664
IPL26-283,Dasun Shanaka,BATSMAN,1.5,,62,55,34.0,0.0,150.0,62,70.66666666666667,-5.355338735914183,278.85280993227144
IPL26-284,Chetan Sakariya,BOWLER,1.5,,50,70,27.0,0.0,150.0,70,55.666666666666664,-2.875650079830246,884.3142946105447
IPL26-285,Waqar Salamkheil,BOWLER,1.0,,50,72,29.0,0.0,100.0,72,55.666666666666664,0.43007053441731957,850.2246409833991
IPL26-286,Taskin Ahmed,BOWLER,1.0,,50,80,31.0,0.0,100.0,80,55.666666666666664,2.027571901824418,1420.2706862321238
IPL26-287,Alzarri Joseph,BOWLER,1.5,,50,68,29.0,0.0,150.0,68,55.666666666666664,-0.3699046273879041,855.4315204718575
IPL26-288,Riley Meredith,BOWLER,1.0,,50,69,29.0,0.0,100.0,69,55.666666666666664,6.505462981309442,1031.8269200440927
IPL26-289,Jhye Richardson,BOWLER,1.5,,50,58,29.0,0.0,150.0,58,55.666666666666664,-2.258218978613666,369.3792952569156
IPL26-290,Daniel Lawrence,BATSMAN,1.0,,79,50,26.0,0.0,100.0,79,70.66666666666667,3.0711312803611976,1662.8124472306156
IPL26-291,Murugan Ashwin,BOWLER,1.5,,50,72,35.0,0.0,150.0,72,55.666666666666664,1.3080035269864045,607.5649476760207
IPL26-292,William Sutherland,ALL_ROUNDER,1.0,,66,71,26.0,0.0,100.0,71,85.0,0.502782502611596,892.8042816007984
IPL26-293,Kartikeya Singh,BOWLER,0.5,,56,79,26.0,0.0,50.0,79,55.666666666666664,0.16946151071930882,1224.5540378619169
IPL26-294,Shivam Shukla,BOWLER,0.25,,50,63,26.0,0.0,25.0,63,55.666666666666664,-0.8820615590134651,549.4819975180687
IPL26-295,Wahidullah Zadran,BOWLER,1.0,,50,62,26.0,0.0,100.0,62,55.666666666666664,-4.145650429075143,442.683844516359
IPL26-296,KC Cariappa,BOWLER,0.5,,50,59,32.0,0.0,50.0,59,55.666666666666664,-3.673637213480018,256.6509132623655
IPL26-297,Sediqullah Atal,BATSMAN,1.0,,65,50,24.0,14.99,100.0,65,70.66666666666667,10.0,927.8861913797173
IPL26-298,Nathan Smith,BOWLER,1.0,,51,53,26.0,0.0,100.0,53,55.666666666666664,-5.370727095658207,238.02546490365725
IPL26-299,Manan Vohra,BATSMAN,1.5,,67,50,32.0,0.0,150.0,67,70.66666666666667,-1.436251721227355,590.1077210225648
IPL26-300,Jacob Duffy,BOWLER,1.0,,50,67,25.0,0.0,100.0,67,55.666666666666664,3.0293171333470172,632.2677819609687
IPL26-001,MS Dhoni,WICKET_KEEPER,2.0,,76,50,44.0,492.22,200.0,76,88.66666666666667,8.132734807408251,200.0
IPL26-002,Ruturaj Gaikwad,BATSMAN,2.0,,79,50,29.0,0.0,200.0,79,70.66666666666667,2.1600265521193136,1405.6829247420567
IPL26-003,Sanju Samson,WICKET_KEEPER,2.0,,85,50,31.0,0.0,200.0,85,88.66666666666667,0.7835916113302756,1467.7803930622272
IPL26-004,Shivam Dube,ALL_ROUNDER,2.0,,75,60,32.0,0.0,200.0,75,85.0,0.7815101588646914,931.3199143627962
IPL26-005,Ayush Mhatre,BATSMAN,0.25,,73,50,18.0,0.0,25.0,73,70.66666666666667,1.5868461909270992,1097.0929733911132
IPL26-006,Dewald Brevis,BATSMAN,1.0,,68,50,23.0,0.0,100.0,68,70.66666666666667,-1.9309858467198437,659.074179559604
IPL26-007,Urvil Patel,WICKET_KEEPER,0.25,,69,50,27.0,268.05,25.0,69,88.66666666666667,10.0,805.5363553851706
IPL26-008,Noor Ahmad,BOWLER,1.5,,51,76,21.0,701.28,150.0,76,55.666666666666664,9.014273953664457,1286.991154265157
IPL26-009,Nathan Ellis,BOWLER,1.0,,50,71,26.0,0.0,100.0,71,55.666666666666664,-0.7642273983805168,833.7245514012379
IPL26-010,Shreyas Gopal,BOWLER,2.0,,50,76,32.0,0.0,200.0,76,55.666666666666664,2.828168012642342,985.3593420243357
IPL26-011,Khaleel Ahmed,BOWLER,2.0,,50,80,26.0,0.0,200.0,80,55.666666666666664,1.7419966260434736,1451.3525327924503
IPL26-012,Ramakrishna Ghosh,BOWLER,0.25,,61,55,28.0,0.0,25.0,61,55.666666666666664,-3.845979131824462,269.49219977275646
IPL26-013,Mukesh Choudhary,BOWLER,1.5,,50,68,30.0,140.19,150.0,68,55.666666666666664,8.964757677580625,706.7143610422912
IPL26-014,Jamie Overton,ALL_ROUNDER,1.0,,69,71,32.0,0.0,100.0,71,85.0,-0.26852921817525277,857.5506550445081
IPL26-015,Gurjapneet Singh,BOWLER,0.5,,50,58,27.0,99.53,50.0,58,55.666666666666664,8.80212210741115,549.8027077457004
IPL26-016,Anshul Kamboj,ALL_ROUNDER,0.5,,66,72,31.0,0.0,50.0,72,85.0,0.4378897472914647,870.0474490326809
IPL26-017,Prashant Veer,BATSMAN,0.25,,73,50,20.0,0.0,25.0,73,70.66666666666667,-1.2961959551687852,956.0881558856419
IPL26-018,Kartik Sharma,WICKET_KEEPER,0.25,,70,50,26.0,292.84,25.0,70,88.66666666666667,9.300274492007414,1173.0805868895218
IPL26-019,Rahul Chahar,BOWLER,2.0,,50,78,26.0,0.0,200.0,78,55.666666666666664,1.2979044538662903,1244.2356766602518
IPL26-020,Akeal Hosein,BOWLER,1.0,,58,71,33.0,0.0,100.0,71,55.666666666666664,-4.7388885390064255,505.70741075966185
IPL26-021,Matt Henry,BOWLER,1.0,,50,54,47.0,0.0,100.0,54,55.666666666666664,-7.870805264559289,100.0
IPL26-022,Matthew Short,BATSMAN,1.0,,64,50,26.0,0.0,100.0,64,70.66666666666667,-2.710408358438521,485.730074777049
IPL26-023,Sarfaraz Khan,BATSMAN,1.0,,67,50,26.0,0.0,100.0,67,70.66666666666667,-2.868154530621543,605.2643587130852
IPL26-024,Zak Foulkes,BOWLER,1.0,,50,81,24.0,0.0,100.0,81,55.666666666666664,1.2979935175800201,1116.2380193515903
IPL26-025,Aman Khan,BOWLER,0.25,,55,64,26.0,0.0,25.0,64,55.666666666666664,-4.591866391687102,317.14049489934325
IPL26-026,KL Rahul,WICKET_KEEPER,2.0,,87,50,34.0,1380.75,200.0,87,88.66666666666667,9.724948302848356,2271.423281134768
IPL26-027,Axar Patel,ALL_ROUNDER,2.0,,71,86,32.0,0.0,200.0,86,85.0,-2.9265285674061676,2054.881483805893
IPL26-028,Kuldeep Yadav,BOWLER,2.0,,52,77,26.0,718.52,200.0,77,55.666666666666664,8.484808937801448,1448.1450582751565
IPL26-029,T. Natarajan,BOWLER,2.0,,50,75,26.0,0.0,200.0,75,55.666666666666664,4.298171805287633,1066.4965098009482
IPL26-030,Mitchell Starc,BOWLER,1.5,,50,80,36.0,0.0,150.0,80,55.666666666666664,2.1934151125282124,565.3636717363014
IPL26-031,Tristan Stubbs,WICKET_KEEPER,1.5,,77,50,25.0,0.0,150.0,77,88.66666666666667,0.2860203698194693,1086.5464577924652
IPL26-032,Mukesh Kumar,BOWLER,1.5,,51,67,26.0,521.18,150.0,67,55.666666666666664,10.0,768.8128698751369
IPL26-033,Nitish Rana,BATSMAN,2.0,,76,50,32.0,0.0,200.0,76,70.66666666666667,-2.3382462178833774,1084.4074129478636
IPL26-034,Abishek Porel,WICKET_KEEPER,1.0,,70,50,23.0,743.92,100.0,70,88.66666666666667,10.0,1156.67894466662
IPL26-035,Ashutosh Sharma,BATSMAN,0.5,,72,50,26.0,869.41,50.0,72,70.66666666666667,10.0,1083.3804837402595
IPL26-036,Sameer Rizvi,BATSMAN,0.5,,71,50,22.0,503.63,50.0,71,70.66666666666667,9.872082408519233,909.2913390819198
IPL26-037,Karun Nair,BATSMAN,1.5,,69,50,34.0,0.0,150.0,69,70.66666666666667,-3.244305889650791,618.7808625534142
IPL26-038,Dushmantha Chameera,BOWLER,1.0,,50,61,34.0,0.0,100.0,61,55.666666666666664,-4.18460114083784,191.42661443758135
IPL26-039,Vipraj Nigam,ALL_ROUNDER,0.5,,68,66,21.0,0.0,50.0,68,85.0,-3.4985235189773825,715.0039597019074
IPL26-040,Ajay Mandal,ALL_ROUNDER,0.25,,60,69,26.0,0.0,25.0,69,85.0,-1.2049547085929593,773.1875586945456
IPL26-041,Madhav Tiwari,BOWLER,0.25,,50,70,22.0,0.0,25.0,70,55.666666666666664,-3.623531089435284,626.8932780172868
IPL26-042,Tripurana Vijay,BOWLER,0.25,,50,50,24.0,0.0,25.0,50,55.666666666666664,-6.22996038382908,135.00955137697358
IPL26-043,Auqib Nabi Dar,ALL_ROUNDER,0.25,,60,76,26.0,0.0,25.0,76,85.0,-2.0849612280731886,987.0163233187658
IPL26-044,Pathum Nissanka,BATSMAN,1.0,,69,50,28.0,0.0,100.0,69,70.66666666666667,4.191698004090441,886.7821018831494
IPL26-045,David Miller,BATSMAN,2.0,,80,50,26.0,0.0,200.0,80,70.66666666666667,1.8546453074735827,1141.4271911985593
IPL26-046,Ben Duckett,BATSMAN,1.0,,84,50,31.0,0.0,100.0,84,70.66666666666667,-0.323394499228418,1295.2105384601573
IPL26-047,Lungi Ngidi,BOWLER,1.5,,50,77,30.0,0.0,150.0,77,55.666666666666664,3.525033963096404,919.6614472351849
IPL26-048,Kyle Jamieson,ALL_ROUNDER,1.5,,62,68,26.0,0.0,150.0,68,85.0,-3.764318992294426,617.0252558503419
IPL26-049,Prithvi Shaw,BATSMAN,2.0,,72,50,26.0,0.0,200.0,72,70.66666666666667,-1.043557011318753,1106.742174119812
IPL26-050,Sahil Parakh,BATSMAN,0.25,,61,50,26.0,0.0,25.0,61,70.66666666666667,-5.196216170489893,357.22018768516
IPL26-051,Shubman Gill,BATSMAN,2.0,,84,50,26.0,1502.36,200.0,84,70.66666666666667,10.0,1833.066732376617
IPL26-052,Rashid Khan,ALL_ROUNDER,2.0,,63,83,26.0,1036.91,200.0,83,85.0,8.962753845673543,1544.100041561801
IPL26-053,Jos Buttler,WICKET_KEEPER,2.0,,86,50,35.0,0.0,200.0,86,88.66666666666667,-0.646710775880469,1549.463971709392
IPL26-054,Kagiso Rabada,BOWLER,2.0,,50,89,31.0,0.0,200.0,89,55.666666666666664,2.31810421835349,1996.5242277780785
IPL26-055,Mohammed Siraj,BOWLER,2.0,,52,79,32.0,835.35,200.0,79,55.666666666666664,8.617200269035663,1220.2299957484756
IPL26-056,Sai Sudharsan,BATSMAN,1.5,,83,50,24.0,1572.25,150.0,83,70.66666666666667,10.0,1689.254700181988
IPL26-057,Prasidh Krishna,BOWLER,2.0,,51,77,30.0,571.61,200.0,77,55.666666666666664,10.0,1261.978579896673
IPL26-058,Washington Sundar,ALL_ROUNDER,2.0,,69,64,26.0,670.48,200.0,69,85.0,8.601432426180859,1142.6519855094164
IPL26-059,Rahul Tewatia,ALL_ROUNDER,2.0,,70,71,33.0,0.0,200.0,71,85.0,1.2399023966813916,900.2649925129286
IPL26-060,Shahrukh Khan,BATSMAN,1.5,,66,51,26.0,378.48,150.0,66,70.66666666666667,9.349357430878174,722.8848211533851
IPL26-061,R. Sai Kishore,BOWLER,1.5,,50,75,26.0,0.0,150.0,75,55.666666666666664,-0.14438882138475506,962.6923119668362
IPL26-062,Glenn Phillips,BATSMAN,1.5,,61,50,26.0,0.0,150.0,61,70.66666666666667,-3.62369048901535,538.2888383988915
IPL26-063,Jayant Yadav,BOWLER,2.0,,63,61,36.0,0.0,200.0,63,55.666666666666664,-3.8661981608583935,200.0
IPL26-064,Anuj Rawat,WICKET_KEEPER,0.5,,66,50,26.0,109.12,50.0,66,88.66666666666667,10.0,989.6895042585691
IPL26-065,Kumar Kushagra,WICKET_KEEPER,0.5,,56,50,21.0,18.97,50.0,56,88.66666666666667,9.169049883588961,724.0348269247978
IPL26-066,Gurnoor Singh Brar,BOWLER,0.5,,56,65,26.0,0.0,50.0,65,55.666666666666664,-4.686587154955016,368.1355412545892
IPL26-067,Nishant Sindhu,BATSMAN,0.5,,61,50,22.0,0.0,50.0,61,70.66666666666667,-4.289926526238554,348.417374468745
IPL26-068,Manav Suthar,BOWLER,0.25,,50,58,23.0,0.0,25.0,58,55.666666666666664,-4.560225588785985,281.75346878832505
IPL26-069,Ishant Sharma,BOWLER,1.5,,50,78,37.0,0.0,150.0,78,55.666666666666664,1.8066807903962336,201.58117087493034
IPL26-070,Arshad Khan,BOWLER,0.5,,52,64,26.0,357.1,50.0,64,55.666666666666664,9.423228669431667,694.3413247848353
IPL26-071,Jason Holder,ALL_ROUNDER,1.5,,61,79,41.0,0.0,150.0,79,85.0,2.242627804962679,150.0
IPL26-072,Tom Banton,WICKET_KEEPER,1.0,,58,50,27.0,0.0,100.0,58,88.66666666666667,-6.425163123101086,425.12935348505823
IPL26-073,Ashok Sharma,BOWLER,0.25,,50,64,26.0,94.13,25.0,64,55.666666666666664,9.022444755201448,619.3905728538226
IPL26-074,Luke Wood,BOWLER,1.0,,50,50,26.0,0.0,100.0,50,55.666666666666664,-4.2524997557811846,255.32039613303053
IPL26-075,Prithvi Raj,BOWLER,0.25,,55,73,26.0,0.0,25.0,73,55.666666666666664,-0.41877743746084395,760.9649949177158
IPL26-076,Sunil Narine,ALL_ROUNDER,2.0,,70,98,37.0,0.0,200.0,98,85.0,1.5767507182667106,2119.378071785711
IPL26-077,Varun Chakravarthy,BOWLER,2.0,,50,85,34.0,0.0,200.0,85,55.666666666666664,3.7667127700616705,1766.6333336756982
IPL26-078,Rinku Singh,BATSMAN,1.5,,74,50,37.0,0.0,150.0,74,70.66666666666667,1.1993752860460551,150.0
IPL26-079,Harshit Rana,BOWLER,1.0,,51,73,24.0,541.9,100.0,73,55.666666666666664,10.0,1240.6114811183118
IPL26-080,Angkrish Raghuvanshi,BATSMAN,0.5,,73,50,22.0,0.0,50.0,73,70.66666666666667,0.6993010816898804,1079.5448917767321
IPL26-081,Ramandeep Singh,ALL_ROUNDER,1.5,,63,65,26.0,355.97,150.0,65,85.0,8.19511789933548,801.3118893079495
IPL26-082,Ajinkya Rahane,BATSMAN,2.0,,79,50,38.0,0.0,200.0,79,70.66666666666667,-2.5059774843284397,200.0
IPL26-083,Rovman Powell,BATSMAN,1.5,,67,50,32.0,0.0,150.0,67,70.66666666666667,-2.1703398050410474,535.3120055584062
IPL26-084,Vaibhav Arora,BOWLER,1.5,,50,73,28.0,0.0,150.0,73,55.666666666666664,0.5222493645286097,738.4439080889979
IPL26-085,Manish Pandey,BATSMAN,2.0,,73,50,26.0,0.0,200.0,73,70.66666666666667,0.6467736291403099,876.3464497940886
IPL26-086,Anukul Roy,BOWLER,0.5,,60,69,27.0,0.0,50.0,69,55.666666666666664,-1.519756016913206,655.4044759051303
IPL26-087,Umran Malik,BOWLER,1.5,,50,65,26.0,0.0,150.0,65,55.666666666666664,-4.032838015596594,467.72423915480385
IPL26-088,Cameron Green,ALL_ROUNDER,1.0,,75,66,26.0,0.0,100.0,75,85.0,-2.278749746659373,966.4005244934061
IPL26-089,Matheesha Pathirana,BOWLER,1.5,,50,77,24.0,0.0,150.0,77,55.666666666666664,-3.2034294479237984,1225.8158988878547
IPL26-090,Mustafizur Rahman,BOWLER,1.5,,50,77,30.0,258.07,150.0,77,55.666666666666664,9.34816389219784,1027.4600198238938
IPL26-091,Tejasvi Singh,BATSMAN,0.25,,78,50,26.0,0.0,25.0,78,70.66666666666667,2.27245031610481,1304.296397303505
IPL26-092,Finn Allen,BATSMAN,1.0,,74,50,27.0,0.0,100.0,74,70.66666666666667,1.6520666918576934,930.5761862234947
IPL26-093,Rachin Ravindra,BATSMAN,1.0,,68,50,26.0,0.0,100.0,68,70.66666666666667,-1.928575787390493,587.2071841626199
IPL26-094,Tim Seifert,WICKET_KEEPER,1.0,,58,50,24.0,0.0,100.0,58,88.66666666666667,-0.38664139500151107,554.5571725797431
IPL26-095,Akash Deep,BOWLER,1.0,,50,58,26.0,74.49,100.0,58,55.666666666666664,9.423108130476852,617.1044846960458
IPL26-096,Rahul Tripathi,BATSMAN,2.0,,73,50,26.0,0.0,200.0,73,70.66666666666667,1.15896416216041,1178.0718515720396
IPL26-097,Prashant Solanki,BOWLER,0.25,,50,75,26.0,0.0,25.0,75,55.666666666666664,-2.419946363867867,950.7339705206864
IPL26-098,Kartik Tyagi,BOWLER,1.0,,51,71,25.0,267.17,100.0,71,55.666666666666664,10.0,1075.4395691148486
IPL26-099,Sarthak Ranjan,BATSMAN,0.25,,59,50,29.0,0.0,25.0,59,70.66666666666667,-1.0356401683252718,323.7433638592531
IPL26-100,Daksh Kamra,BATSMAN,0.25,,50,50,26.0,0.0,25.0,50,70.66666666666667,-4.395571367195351,243.0998987816191
IPL26-101,Rishabh Pant,WICKET_KEEPER,2.0,,82,50,28.0,0.0,200.0,82,88.66666666666667,0.5314526663096201,1790.6815685624338
IPL26-102,Nicholas Pooran,WICKET_KEEPER,2.0,,77,50,30.0,0.0,200.0,77,88.66666666666667,4.1063594388085525,1496.4625549319853
IPL26-103,Mayank Yadav,BOWLER,1.0,,50,63,26.0,0.0,100.0,63,55.666666666666664,-7.842535594222481,439.45663128799106
IPL26-104,Mohammed Shami,BOWLER,2.0,,51,77,36.0,366.12,200.0,77,55.666666666666664,10.0,667.9283013353539
IPL26-105,Mohsin Khan,BOWLER,1.5,,51,75,38.0,341.0,150.0,75,55.666666666666664,9.396014813284179,150.0
IPL26-106,Ayush Badoni,BATSMAN,0.5,,70,50,26.0,0.0,50.0,70,70.66666666666667,0.7303947962233476,846.9860519809966
IPL26-107,Avesh Khan,BOWLER,1.5,,51,73,29.0,614.92,150.0,73,55.666666666666664,9.84432276460792,1010.7328097617947
IPL26-108,Abdul Samad,BATSMAN,1.5,,66,55,26.0,652.13,150.0,66,70.66666666666667,10.0,1035.8362253438452
IPL26-109,Mitchell Marsh,ALL_ROUNDER,1.5,,75,76,34.0,0.0,150.0,76,85.0,0.6285149797775555,1084.906254570255
IPL26-110,Aiden Markram,ALL_ROUNDER,1.5,,73,56,31.0,0.0,150.0,73,85.0,-0.6604120388565328,943.7656206156861
IPL26-111,Shahbaz Ahmed,ALL_ROUNDER,1.5,,62,63,26.0,458.64,150.0,63,85.0,9.588123033877533,943.5965196549835
IPL26-112,Matthew Breetzke,BATSMAN,1.0,,61,50,27.0,0.0,100.0,61,70.66666666666667,-3.1040846710014884,522.5525140091638
IPL26-113,Digvesh Rathi,BOWLER,0.5,,50,65,26.0,0.0,50.0,65,55.666666666666664,-6.407696017021406,342.25553438030175
IPL26-114,Himmat Singh,BATSMAN,0.5,,66,50,29.0,101.92,50.0,66,70.66666666666667,10.0,903.491054483444
IPL26-115,Arshin Kulkarni,BATSMAN,0.25,,56,50,26.0,0.0,25.0,56,70.66666666666667,-4.660328256495287,290.25107988050655
IPL26-116,Manimaran Siddharth,BOWLER,0.5,,50,68,27.0,0.0,50.0,68,55.666666666666664,-0.39600000008009417,679.5913339575936
IPL26-117,Akash Singh,BOWLER,0.25,,50,67,39.0,96.39,25.0,67,55.666666666666664,10.0,25.0
IPL26-118,Arjun Tendulkar,BOWLER,0.5,,59,64,26.0,32.51,50.0,64,55.666666666666664,10.0,777.5158250311797
IPL26-119,Prince Yadav,BATSMAN,0.25,,52,55,24.0,347.54,25.0,55,70.66666666666667,9.673976467832158,514.5580227636534
IPL26-120,Josh Inglis,WICKET_KEEPER,1.0,,74,50,31.0,0.0,100.0,74,88.66666666666667,3.957002011646977,850.1785473656835
IPL26-121,Akshat Raghuwanshi,BATSMAN,0.25,,59,50,22.0,22.82,25.0,59,70.66666666666667,9.591924626978448,719.527426872097
IPL26-122,Mukul Choudhary,BATSMAN,0.25,,71,50,21.0,0.0,25.0,71,70.66666666666667,-3.8746649717251485,642.5818615638359
IPL26-123,Wanindu Hasaranga,BOWLER,1.5,,57,76,28.0,0.0,150.0,76,55.666666666666664,-2.4250735167037796,958.6727244908687
IPL26-124,Anrich Nortje,BOWLER,1.5,,50,76,32.0,0.0,150.0,76,55.666666666666664,-2.674306008194929,1167.764719572554
IPL26-125,Naman Tiwari,BOWLER,0.25,,50,76,26.0,0.0,25.0,76,55.666666666666664,1.67929075136284,1158.9871439966164
IPL26-126,Rohit Sharma,BATSMAN,2.0,,54,50,39.0,0.0,200.0,54,70.66666666666667,-3.5240794014910795,200.0
IPL26-127,Jasprit Bumrah,BOWLER,2.0,,50,95,32.0,0.0,200.0,95,55.666666666666664,4.616916904741205,2291.399333962563
IPL26-128,Suryakumar Yadav,BATSMAN,2.0,,84,50,35.0,0.0,200.0,84,70.66666666666667,3.153462239990875,1362.061571066015
IPL26-129,Hardik Pandya,ALL_ROUNDER,2.0,,77,76,32.0,0.0,200.0,77,85.0,0.37505456988721664,1134.1755025154407
IPL26-130,Tilak Varma,BATSMAN,1.5,,76,50,23.0,1185.21,150.0,76,70.66666666666667,10.0,1225.3542130816857
IPL26-131,Trent Boult,BOWLER,2.0,,50,87,36.0,0.0,200.0,87,55.666666666666664,2.126154672057893,1351.6012285238176
IPL26-132,Deepak Chahar,BOWLER,2.0,,50,80,26.0,0.0,200.0,80,55.666666666666664,-0.1684916296461388,1463.687754179173
IPL26-133,Naman Dhir,BATSMAN,0.5,,71,55,26.0,863.67,50.0,71,70.66666666666667,10.0,1088.7844449085221
IPL26-134,Will Jacks,ALL_ROUNDER,1.5,,70,67,27.0,0.0,150.0,70,85.0,-3.1339105389753783,972.2270678278426
IPL26-135,Robin Minz,WICKET_KEEPER,0.5,,55,50,23.0,0.0,50.0,55,88.66666666666667,-3.640462263057386,314.15115008767805
IPL26-136,Ryan Rickelton,WICKET_KEEPER,1.0,,73,50,29.0,0.0,100.0,73,88.66666666666667,-2.988533488769823,923.3873184733393
IPL26-137,Shardul Thakur,ALL_ROUNDER,2.0,,62,82,34.0,0.0,200.0,82,85.0,1.576952640228351,1140.9325346625974
IPL26-138,Sherfane Rutherford,BATSMAN,1.0,,67,50,27.0,0.0,100.0,67,70.66666666666667,-0.4451075895339366,680.3297080170726
IPL26-139,Mayank Markande,BOWLER,1.5,,50,72,28.0,0.0,150.0,72,55.666666666666664,1.6809197710893176,833.8355907711139
IPL26-140,Allah Ghazanfar,BOWLER,1.0,,50,70,26.0,0.0,100.0,70,55.666666666666664,-1.2873080116917988,817.6695399899224
IPL26-141,Corbin Bosch,ALL_ROUNDER,1.0,,69,73,31.0,0.0,100.0,73,85.0,-2.9825208978004922,831.8457654197516
IPL26-142,Mitchell Santner,ALL_ROUNDER,1.5,,62,73,34.0,0.0,150.0,73,85.0,-1.700651545070962,651.9165123521279
IPL26-143,Ashwani Kumar,BOWLER,0.25,,50,73,26.0,180.0,25.0,73,55.666666666666664,9.150155630535208,838.8959450278454
IPL26-144,Raj Angad Bawa,BATSMAN,0.5,,62,71,23.0,0.0,50.0,71,70.66666666666667,-0.6550932165092933,856.641068556192
IPL26-145,Raghu Sharma,BOWLER,0.25,,50,59,26.0,37.39,25.0,59,55.666666666666664,9.143916174091133,560.5793679063042
IPL26-146,Quinton de Kock,WICKET_KEEPER,2.0,,79,50,33.0,0.0,200.0,79,88.66666666666667,-0.7329883012238453,1050.6592197487385
IPL26-147,Atharva Ankolekar,ALL_ROUNDER,1.0,,63,68,25.0,0.0,100.0,68,85.0,-2.200228870097135,624.3202826910651
IPL26-148,Mohammad Izhar,BOWLER,0.25,,56,76,26.0,0.0,25.0,76,55.666666666666664,1.4870815393754686,1040.6758760241205
IPL26-149,Danish Malewar,BATSMAN,0.25,,52,50,26.0,0.0,25.0,52,70.66666666666667,-0.49396609229199095,258.57766938733073
IPL26-150,Mayank Rawat,BATSMAN,0.25,,56,50,26.0,0.0,25.0,56,70.66666666666667,-2.4133044300784228,343.2473233581541
IPL26-151,Shreyas Iyer,BATSMAN,2.0,,83,50,31.0,0.0,200.0,83,70.66666666666667,1.6050843825907817,1726.8090266495797
IPL26-152,Arshdeep Singh,BOWLER,2.0,,52,78,21.0,828.89,200.0,78,55.666666666666664,9.730125064706629,1192.707847882621
IPL26-153,Yuzvendra Chahal,BOWLER,2.0,,50,100,35.0,0.0,200.0,100,55.666666666666664,3.872344452685358,2291.399333962563
IPL26-154,Marco Jansen,ALL_ROUNDER,1.0,,61,70,26.0,0.0,100.0,70,85.0,-5.281835690674194,916.4546688756833
IPL26-155,Prabhsimran Singh,WICKET_KEEPER,1.5,,74,50,25.0,0.0,150.0,74,88.66666666666667,0.12427274214641842,1034.1502046080857
IPL26-156,Harpreet Brar,ALL_ROUNDER,1.5,,62,72,30.0,492.23,150.0,72,85.0,10.0,1082.3560028946765
IPL26-157,Shashank Singh,BATSMAN,1.5,,73,52,26.0,1092.28,150.0,73,70.66666666666667,9.077834675822375,1299.6126807038183
IPL26-158,Azmatullah Omarzai,ALL_ROUNDER,1.0,,64,67,26.0,458.76,100.0,67,85.0,10.0,1095.5538480976554
IPL26-159,Nehal Wadhera,BATSMAN,0.5,,68,50,25.0,0.0,50.0,68,70.66666666666667,0.07609827868700392,778.8464312948967
IPL26-160,Xavier Bartlett,BOWLER,1.0,,50,55,27.0,0.0,100.0,55,55.666666666666664,1.339919128194273,417.37498407850626
IPL26-161,Lockie Ferguson,BOWLER,1.5,,50,74,35.0,0.0,150.0,74,55.666666666666664,1.292073882995821,586.2351404695312
IPL26-162,Marcus Stoinis,ALL_ROUNDER,1.5,,75,71,36.0,0.0,150.0,75,85.0,-0.1706945144363481,407.1383698300033
IPL26-163,Mitch Owen,ALL_ROUNDER,1.0,,50,50,22.0,0.0,100.0,50,85.0,-6.314078242721903,412.47176357779574
IPL26-164,Musheer Khan,BOWLER,0.5,,50,61,26.0,9.79,50.0,61,55.666666666666664,8.221279751095722,611.8102744129181
IPL26-165,Priyansh Arya,BATSMAN,0.5,,74,50,25.0,912.18,50.0,74,70.66666666666667,10.0,1077.2917098314033
IPL26-166,Vyshak Vijaykumar,BOWLER,1.5,,50,62,26.0,0.0,150.0,62,55.666666666666664,-4.2829904188850065,509.49890088692894
IPL26-167,Yash Thakur,BOWLER,0.5,,50,67,26.0,223.54,50.0,67,55.666666666666664,9.944415329089544,643.9053853076389
IPL26-168,Pyla Avinash,BATSMAN,0.25,,63,50,25.0,0.0,25.0,63,70.66666666666667,0.16561425534986146,496.9767226691329
IPL26-169,Harnoor Pannu,BATSMAN,0.25,,64,50,26.0,0.0,25.0,64,70.66666666666667,-1.8216229819248284,413.6867272449465
IPL26-170,Vishnu Vinod,WICKET_KEEPER,1.0,,62,50,32.0,15.19,100.0,62,88.66666666666667,10.0,738.0011763867358
IPL26-171,Suryansh Shedge,BATSMAN,0.25,,67,50,23.0,226.14,25.0,67,70.66666666666667,10.0,668.2499085773721
IPL26-172,Cooper Connolly,BATSMAN,1.0,,75,50,22.0,0.0,100.0,75,70.66666666666667,1.6914586886909868,910.4825215570715
IPL26-173,Ben Dwarshuis,BOWLER,1.0,,50,56,31.0,0.0,100.0,56,55.666666666666664,-4.893008285690786,194.7996629498232
IPL26-174,Praveen Dubey,BOWLER,0.25,,50,59,32.0,0.0,25.0,59,55.666666666666664,0.08659785360891142,307.0248930564708
IPL26-175,Vishal Nishad,BOWLER,0.25,,50,51,26.0,0.0,25.0,51,55.666666666666664,-7.37981810130543,130.68418113514986
IPL26-176,Yashasvi Jaiswal,BATSMAN,1.5,,78,50,24.0,0.0,150.0,78,70.66666666666667,0.9832397321552285,1307.040032779122
IPL26-177,Ravindra Jadeja,ALL_ROUNDER,2.0,,76,91,37.0,0.0,200.0,91,85.0,8.052379608755952,1735.0713448139954
IPL26-178,Riyan Parag,ALL_ROUNDER,2.0,,72,58,24.0,0.0,200.0,72,85.0,-0.6990481537863429,934.8584595081617
IPL26-179,Jofra Archer,BOWLER,1.5,,50,80,31.0,0.0,150.0,80,55.666666666666664,1.2128245869494338,1140.4617277080379
IPL26-180,Dhruv Jurel,WICKET_KEEPER,1.0,,74,50,25.0,1059.22,100.0,74,88.66666666666667,10.0,1412.539239166819
IPL26-181,Shimron Hetmyer,BATSMAN,2.0,,72,50,29.0,0.0,200.0,72,70.66666666666667,-0.9119129462559027,846.0493545343229
IPL26-182,Sam Curran,ALL_ROUNDER,2.0,,69,72,26.0,0.0,200.0,72,85.0,-2.5965561284909793,1187.6263719362425
IPL26-183,Sandeep Sharma,BOWLER,2.0,,51,77,26.0,459.67,200.0,77,55.666666666666664,9.874213079900352,1080.8306520225772
IPL26-184,Vaibhav Suryavanshi,BATSMAN,0.5,,80,50,26.0,0.0,50.0,80,70.66666666666667,-2.045601949843571,1452.5665616842214
IPL26-185,Tushar Deshpande,BOWLER,1.5,,50,72,26.0,0.0,150.0,72,55.666666666666664,0.6313174680830032,699.6845274608545
IPL26-186,Shubham Dubey,BATSMAN,0.5,,72,50,32.0,0.0,50.0,72,70.66666666666667,-4.417072057167029,844.0846739111107
IPL26-187,Yudhvir Charak,BOWLER,0.5,,50,66,26.0,0.0,50.0,66,55.666666666666664,0.6767351807309768,537.0071666435701
IPL26-188,Kwena Maphaka,BOWLER,0.5,,50,52,20.0,0.0,50.0,52,55.666666666666664,-6.596856367046596,256.26517803388896
IPL26-189,Lhuan-Dre Pretorius,BATSMAN,0.5,,57,50,20.0,0.0,50.0,57,70.66666666666667,-0.9270122599123413,364.0935903079922
IPL26-190,Nandre Burger,BOWLER,1.0,,50,70,30.0,0.0,100.0,70,55.666666666666664,-3.578610959932642,674.5002270369721
IPL26-191,Donovan Ferreira,WICKET_KEEPER,1.0,,69,50,27.0,0.0,100.0,69,88.66666666666667,-3.4989797042771205,948.2727102101024
IPL26-192,Ravi Bishnoi,BOWLER,2.0,,51,74,25.0,466.26,200.0,74,55.666666666666664,10.0,1197.54560952207
IPL26-193,Adam Milne,BOWLER,1.0,,50,59,34.0,0.0,100.0,59,55.666666666666664,-1.4996475980722568,161.50628103532736
IPL26-194,Ravi Singh,BATSMAN,0.25,,59,50,26.0,4.35,25.0,59,70.66666666666667,7.410039100258945,618.1947579755306
IPL26-195,Sushant Mishra,BOWLER,0.25,,51,75,25.0,0.0,25.0,75,55.666666666666664,-3.7568074049315268,832.1350558207739
IPL26-196,Kuldeep Sen,BOWLER,1.0,,50,70,29.0,0.0,100.0,70,55.666666666666664,-0.8808648300818694,747.3619072183037
IPL26-197,Brijesh Sharma,BOWLER,0.25,,50,67,26.0,210.22,25.0,67,55.666666666666664,10.0,764.5170273133037
IPL26-198,Aman Rao Perala,BATSMAN,0.25,,71,50,26.0,0.0,25.0,71,70.66666666666667,1.5546941572012514,930.8000296824467
IPL26-199,Vignesh Puthur,BOWLER,0.25,,50,73,25.0,0.0,25.0,73,55.666666666666664,-5.118109422240561,596.5109838068696
IPL26-200,Virat Kohli,BATSMAN,2.0,,100,50,37.0,0.0,200.0,100,70.66666666666667,5.123524652978664,2084.249642274564
IPL26-201,Rajat Patidar,BATSMAN,1.5,,75,50,33.0,0.0,150.0,75,70.66666666666667,0.24704201874917658,1099.9004458459506
IPL26-202,Phil Salt,WICKET_KEEPER,1.0,,75,50,47.0,0.0,100.0,75,88.66666666666667,-1.133240899386951,100.0
IPL26-203,Josh Hazlewood,BOWLER,1.5,,50,79,35.0,0.0,150.0,79,55.666666666666664,-1.728196288273976,853.5187496029813
IPL26-204,Yash Dayal,BOWLER,1.5,,51,68,28.0,485.16,150.0,68,55.666666666666664,9.769065469791322,931.3388507923478
IPL26-205,Krunal Pandya,ALL_ROUNDER,2.0,,71,82,35.0,0.0,200.0,82,85.0,-0.5447068613551344,1125.3416228713302
IPL26-206,Bhuvneshwar Kumar,BOWLER,2.0,,50,98,36.0,0.0,200.0,98,55.666666666666664,7.49283922617914,2035.0949886289834
IPL26-207,Tim David,BATSMAN,1.5,,74,50,26.0,0.0,150.0,74,70.66666666666667,1.5205343760141294,1011.6264816351405
IPL26-208,Romario Shepherd,ALL_ROUNDER,1.0,,68,62,31.0,0.0,100.0,68,85.0,-1.1679029898630775,680.3615591605999
IPL26-209,Nuwan Thushara,BOWLER,1.0,,50,68,31.0,0.0,100.0,68,55.666666666666664,-1.813629489747719,625.5444428101844
IPL26-210,Swapnil Singh,BOWLER,1.0,,59,66,35.0,131.12,100.0,66,55.666666666666664,10.0,370.61271433254177
IPL26-211,Jacob Bethell,BATSMAN,1.0,,64,50,20.0,0.0,100.0,64,70.66666666666667,-3.5008310091424932,683.4294330846228
IPL26-212,Devdutt Padikkal,BATSMAN,1.5,,73,50,25.0,0.0,150.0,73,70.66666666666667,0.07843668623495328,1162.1839981728137
IPL26-213,Suyash Sharma,BOWLER,0.5,,50,64,26.0,369.66,50.0,64,55.666666666666664,9.975874912889998,724.5196344817914
IPL26-214,Rasikh Dar,BOWLER,0.5,,50,71,26.0,0.0,50.0,71,55.666666666666664,-0.015770292634782607,736.4433323565535
IPL26-215,Jitesh Sharma,WICKET_KEEPER,1.5,,56,50,32.0,0.0,150.0,56,88.66666666666667,-5.3730632479766784,374.4429209222732
IPL26-216,Abhinandan Singh,BOWLER,0.25,,50,59,26.0,38.42,25.0,59,55.666666666666664,9.426337993119764,602.453804618296
IPL26-217,Venkatesh Iyer,ALL_ROUNDER,1.5,,73,60,35.0,0.0,150.0,73,85.0,2.784690081049121,818.3105349571148
IPL26-218,Jordan Cox,WICKET_KEEPER,1.0,,80,50,34.0,0.0,100.0,80,88.66666666666667,1.9149125716075766,1019.6615002010561
IPL26-219,Mangesh Yadav,BOWLER,0.25,,72,65,26.0,0.0,25.0,72,55.666666666666664,-3.526031765539062,809.6694141477665
IPL26-220,Vicky Kanhaiya Ostwal,BOWLER,0.5,,60,74,26.0,0.0,50.0,74,55.666666666666664,0.4002614345904951,1000.5231656389009
IPL26-221,Kanishk Chouhan,BATSMAN,0.25,,50,50,26.0,0.0,25.0,50,70.66666666666667,-6.842933112762746,220.63306485614183
IPL26-222,Vihaan Malhotra,BATSMAN,0.25,,50,50,19.0,0.0,25.0,50,70.66666666666667,-3.680808009935951,334.25389462298557
IPL26-223,Satvik Deswal,BOWLER,0.25,,50,77,26.0,0.0,25.0,77,55.666666666666664,4.221184146597497,1096.5647540493683
IPL26-224,Yash Raj Punja,BOWLER,0.25,,50,68,26.0,128.95,25.0,68,55.666666666666664,7.349030191606988,748.7530164669278
IPL26-225,Pat Cummins,ALL_ROUNDER,2.0,,67,78,33.0,0.0,200.0,78,85.0,0.05014221521904094,1374.3385968979228
IPL26-226,Heinrich Klaasen,WICKET_KEEPER,1.5,,80,50,26.0,0.0,150.0,80,88.66666666666667,4.172837450986273,1697.6464774910216
IPL26-227,Travis Head,BATSMAN,1.5,,75,50,32.0,0.0,150.0,75,70.66666666666667,-1.2478283785351527,842.0170227285232
IPL26-228,Abhishek Sharma,ALL_ROUNDER,1.5,,79,59,26.0,1410.48,150.0,79,85.0,9.657312405919651,1243.277612204756
IPL26-229,Nitish Kumar Reddy,ALL_ROUNDER,1.0,,70,62,23.0,0.0,100.0,70,85.0,0.27267945399318855,835.1964104367935
IPL26-230,Ishan Kishan,WICKET_KEEPER,2.0,,78,50,27.0,1062.44,200.0,78,88.66666666666667,8.59248830528218,1726.4971378895323
IPL26-231,Harshal Patel,BOWLER,2.0,,50,88,35.0,0.0,200.0,88,55.666666666666664,5.615769277717019,2036.2268247501324
IPL26-232,Jaydev Unadkat,BOWLER,2.0,,50,81,33.0,0.0,200.0,81,55.666666666666664,-0.40135207747156976,1089.93232891632
IPL26-233,Zeeshan Ansari,BOWLER,0.5,,50,59,26.0,99.75,50.0,59,55.666666666666664,10.0,579.1988505814631
IPL26-234,Brydon Carse,BOWLER,1.0,,50,72,30.0,0.0,100.0,72,55.666666666666664,-1.1717939355675182,716.7987849422461
IPL26-235,Kamindu Mendis,BATSMAN,1.0,,65,68,27.0,0.0,100.0,68,70.66666666666667,-1.9074737642568877,787.7277251582157
IPL26-236,Harsh Dubey,BOWLER,0.5,,57,70,23.0,174.77,50.0,70,55.666666666666664,10.0,1004.1812496446303
IPL26-237,Aniket Verma,BATSMAN,0.25,,66,50,24.0,403.65,25.0,66,70.66666666666667,8.87094822878277,873.093699183679
IPL26-238,Eshan Malinga,BOWLER,0.25,,50,74,25.0,0.0,25.0,74,55.666666666666664,-2.35614083621065,799.1623044199973
IPL26-239,Smaran Ravichandaran,BATSMAN,0.25,,73,50,26.0,0.0,25.0,73,70.66666666666667,-0.06482885760029039,818.1863579279982
IPL26-240,Liam Livingstone,ALL_ROUNDER,1.5,,70,67,32.0,0.0,150.0,70,85.0,-1.5398238592586577,764.6079054774003
IPL26-241,Salil Arora,WICKET_KEEPER,0.25,,68,50,23.0,31.36,25.0,68,88.66666666666667,10.0,757.7126844220605
IPL26-242,Jack Edwards,ALL_ROUNDER,1.0,,62,77,26.0,0.0,100.0,77,85.0,0.7130562005019031,1382.3682524109113
IPL26-243,Shivam Mavi,BOWLER,1.5,,50,64,27.0,0.0,150.0,64,55.666666666666664,-0.9204543094775501,640.9481688619708
IPL26-244,Amit Kumar,BOWLER,0.25,,50,56,26.0,0.0,25.0,56,55.666666666666664,-3.063036248040694,283.5394942979798
IPL26-245,Onkar Tarmale,ALL_ROUNDER,0.25,,51,56,26.0,0.0,25.0,56,85.0,-0.44866853419932634,491.57356525848803
IPL26-246,Sakib Hussain,BOWLER,0.25,,50,71,21.0,221.1,25.0,71,55.666666666666664,9.63903383418092,943.7473273134514
IPL26-247,Praful Hinge,BOWLER,0.25,,50,70,26.0,0.0,25.0,70,55.666666666666664,-0.3699838631116641,706.6949116638402
IPL26-248,Shivang Kumar,BOWLER,0.25,,58,63,26.0,185.9,25.0,63,55.666666666666664,8.918936672400102,732.6430343123595
IPL26-249,Krains Fuletra,BOWLER,0.25,,50,55,26.0,0.0,25.0,55,55.666666666666664,2.0562739401235013,364.3489046287899
IPL26-250,Jake Fraser-McGurk,BATSMAN,1.0,,71,50,23.0,0.0,100.0,71,70.66666666666667,1.0444359534983962,770.2558292143921
IPL26-251,Devon Conway,WICKET_KEEPER,1.5,,76,50,26.0,0.0,150.0,76,88.66666666666667,-1.8238615521465555,1144.58369022348
IPL26-252,Gus Atkinson,BOWLER,1.0,,50,80,28.0,0.0,100.0,80,55.666666666666664,-0.8156519738801067,1042.6908982143661
IPL26-253,Jamie Smith,WICKET_KEEPER,1.0,,71,50,37.0,0.0,100.0,71,88.66666666666667,-1.0861687458989324,100.0
IPL26-254,Deepak Hooda,ALL_ROUNDER,2.0,,66,60,31.0,0.0,200.0,66,85.0,-1.3228985514448008,753.4878753180318
IPL26-255,Wiaan Mulder,BOWLER,1.0,,57,50,28.0,0.0,100.0,57,55.666666666666664,-2.3569011482588054,310.4406181787673
IPL26-256,Rahmanullah Gurbaz,WICKET_KEEPER,1.0,,67,50,24.0,183.09,100.0,67,88.66666666666667,9.47727697948096,1009.2888451567268
IPL26-257,Jonny Bairstow,WICKET_KEEPER,1.5,,75,50,36.0,0.0,150.0,75,88.66666666666667,1.995484474983979,534.0401487457942
IPL26-258,K.S. Bharat,WICKET_KEEPER,1.5,,67,50,26.0,0.0,150.0,67,88.66666666666667,-2.450001515856505,730.9752554049069
IPL26-259,Gerald Coetzee,BOWLER,1.0,,50,67,25.0,0.0,100.0,67,55.666666666666664,-4.702048732500369,477.3503531535974
IPL26-260,Spencer Johnson,BOWLER,1.0,,50,57,38.0,0.0,100.0,57,55.666666666666664,-8.186323622895634,100.0
IPL26-261,Fazalhaq Farooqi,BOWLER,1.0,,50,63,25.0,34.22,100.0,63,55.666666666666664,10.0,696.3403692185097
IPL26-262,Maheesh Theekshana,BOWLER,1.0,,50,71,25.0,0.0,100.0,71,55.666666666666664,-2.973459256630325,825.7898671541963
IPL26-263,Mujeeb Ur Rahman,BOWLER,2.0,,50,67,25.0,8.29,200.0,67,55.666666666666664,10.0,907.2309368230409
IPL26-264,Aarya Desai,BATSMAN,0.25,,55,50,23.0,0.0,25.0,55,70.66666666666667,-4.369131819236777,369.8481630777385
IPL26-265,Yash Dhull,BATSMAN,0.5,,55,50,23.0,0.0,50.0,55,70.66666666666667,-1.8753561434495538,330.26332107711295
IPL26-266,Abhinav Manohar,BATSMAN,0.5,,62,50,31.0,0.0,50.0,62,70.66666666666667,-4.880460090221358,373.2866957703775
IPL26-267,Anmolpreet Singh,BATSMAN,1.0,,63,50,28.0,4.93,100.0,63,70.66666666666667,9.763286888129606,863.0316737475936
IPL26-268,Atharva Taide,BATSMAN,0.5,,69,50,26.0,59.39,50.0,69,70.66666666666667,9.45508091319105,860.8741521598489
IPL26-269,Mahipal Lomror,BATSMAN,1.5,,65,50,26.0,0.0,150.0,65,70.66666666666667,-1.254502033945565,545.9526888678357
IPL26-270,Vijay Shankar,ALL_ROUNDER,2.0,,68,66,35.0,0.0,200.0,68,85.0,-0.6669999429671747,430.6217337214441
IPL26-271,Tanush Kotian,BATSMAN,0.5,,61,55,27.0,18.32,50.0,61,70.66666666666667,10.0,727.0381967142255
IPL26-272,Kamlesh Nagarkoti,BOWLER,1.5,,50,57,26.0,0.0,150.0,57,55.666666666666664,-5.253487223740227,351.63111660886057
IPL26-273,Ruchit Ahir,BATSMAN,0.25,,74,50,26.0,0.0,25.0,74,70.66666666666667,0.25775197335293343,980.7266635927826
IPL26-274,Sanvir Singh,BATSMAN,0.5,,60,53,29.0,20.67,50.0,60,70.66666666666667,9.636387787786145,553.4446056270772
IPL26-275,Vansh Bedi,WICKET_KEEPER,0.25,,50,50,23.0,0.0,25.0,50,88.66666666666667,-4.940528186829067,264.9939293826917
IPL26-276,Raj Limbani,BOWLER,0.25,,50,75,26.0,0.0,25.0,75,55.666666666666664,-1.978138826769187,685.5647674107988
IPL26-277,Simarjeet Singh,BOWLER,1.0,,50,65,28.0,87.74,100.0,65,55.666666666666664,8.289831607343375,700.9576329629326
IPL26-278,Akash Madhwal,BOWLER,1.0,,50,68,32.0,143.34,100.0,68,55.666666666666664,8.651814577894287,816.1509863609888
IPL26-279,Karn Sharma,BOWLER,2.0,,50,80,38.0,0.0,200.0,80,55.666666666666664,2.4588388147192815,200.0
IPL26-280,Sean Abbott,BOWLER,1.0,,50,54,34.0,0.0,100.0,54,55.666666666666664,-2.9075655091355896,100.0
IPL26-281,Michael Bracewell,ALL_ROUNDER,1.0,,67,74,35.0,0.0,100.0,74,85.0,1.782119149997875,858.0976678407299
IPL26-282,Daryl Mitchell,BATSMAN,1.0,,67,53,26.0,0.0,100.0,67,70.66666666666667,0.526038037135199,653.9207207401674
IPL26-283,Dasun Shanaka,BATSMAN,1.5,,62,55,34.0,0.0,150.0,62,70.66666666666667,-5.007757030552511,255.5852571809584
IPL26-284,Chetan Sakariya,BOWLER,1.5,,50,70,27.0,0.0,150.0,70,55.666666666666664,-3.415409760139607,810.5268742736704
IPL26-285,Waqar Salamkheil,BOWLER,1.0,,50,72,29.0,0.0,100.0,72,55.666666666666664,-0.3482341909849931,779.2816704271681
IPL26-286,Taskin Ahmed,BOWLER,1.0,,50,80,31.0,0.0,100.0,80,55.666666666666664,2.2234171569220993,1301.7629217915364
IPL26-287,Alzarri Joseph,BOWLER,1.5,,50,68,29.0,0.0,150.0,68,55.666666666666664,-1.348277405002936,784.0540865039188
IPL26-288,Riley Meredith,BOWLER,1.0,,50,69,29.0,0.0,100.0,69,55.666666666666664,6.913715737023914,945.7310069414708
IPL26-289,Jhye Richardson,BOWLER,1.5,,50,58,29.0,0.0,150.0,58,55.666666666666664,-3.9608025828515063,338.558188452503
IPL26-290,Daniel Lawrence,BATSMAN,1.0,,79,50,26.0,0.0,100.0,79,70.66666666666667,4.100286917686841,1524.066933635557
IPL26-291,Murugan Ashwin,BOWLER,1.5,,50,72,35.0,0.0,150.0,72,55.666666666666664,1.7806010093994475,556.8695665775333
IPL26-292,William Sutherland,ALL_ROUNDER,1.0,,66,71,26.0,0.0,100.0,71,85.0,0.7588122369254716,818.3084544875977
IPL26-293,Kartikeya Singh,BOWLER,0.5,,56,79,26.0,0.0,50.0,79,55.666666666666664,1.1521524946648227,1122.3769227031855
IPL26-294,Shivam Shukla,BOWLER,0.25,,50,63,26.0,0.0,25.0,63,55.666666666666664,0.7834128854491116,503.6330732549286
IPL26-295,Wahidullah Zadran,BOWLER,1.0,,50,62,26.0,0.0,100.0,62,55.666666666666664,-3.131280364057013,405.74618659230873
IPL26-296,KC Cariappa,BOWLER,0.5,,50,59,32.0,0.0,50.0,59,55.666666666666664,-5.514511444811664,235.23589268410717
IPL26-297,Sediqullah Atal,BATSMAN,1.0,,65,50,24.0,14.99,100.0,65,70.66666666666667,8.720423033264298,850.4631203682175
IPL26-298,Nathan Smith,BOWLER,1.0,,51,53,26.0,0.0,100.0,53,55.666666666666664,-5.995545673353886,218.16455669854787
IPL26-299,Manan Vohra,BATSMAN,1.5,,67,50,32.0,0.0,150.0,67,70.66666666666667,-1.410160671016521,540.8689755669084
IPL26-300,Jacob Duffy,BOWLER,1.0,,50,67,25.0,0.0,100.0,67,55.666666666666664,3.54697615381614,579.5111897885404
IPL26-001,MS Dhoni,WICKET_KEEPER,2.0,,76,50,44.0,492.22,200.0,76,88.66666666666667,9.274256186846534,203.6940131437345
IPL26-002,Ruturaj Gaikwad,BATSMAN,2.0,,79,50,29.0,0.0,200.0,79,70.66666666666667,0.35906333886361974,1561.9778267390475
IPL26-003,Sanju Samson,WICKET_KEEPER,2.0,,85,50,31.0,0.0,200.0,85,88.66666666666667,2.3044934075236165,1630.9797808109697
IPL26-004,Shivam Dube,ALL_ROUNDER,2.0,,75,60,32.0,0.0,200.0,75,85.0,-0.2286381655256453,1034.8713996807883
IPL26-005,Ayush Mhatre,BATSMAN,0.25,,73,50,18.0,0.0,25.0,73,70.66666666666667,1.8476206653989973,1219.0764134255835
IPL26-006,Dewald Brevis,BATSMAN,1.0,,68,50,23.0,0.0,100.0,68,70.66666666666667,-0.5269948297465372,732.3552392423328
IPL26-007,Urvil Patel,WICKET_KEEPER,0.25,,69,50,27.0,268.05,25.0,69,88.66666666666667,9.116222211135732,895.1022336525199
IPL26-008,Noor Ahmad,BOWLER,1.5,,51,76,21.0,701.28,150.0,76,55.666666666666664,10.0,1430.0889701284166
IPL26-009,Nathan Ellis,BOWLER,1.0,,50,71,26.0,0.0,100.0,71,55.666666666666664,-3.021847631807048,926.4246153773676
IPL26-010,Shreyas Gopal,BOWLER,2.0,,50,76,32.0,0.0,200.0,76,55.666666666666664,5.439740287779925,1094.9193566498054
IPL26-011,Khaleel Ahmed,BOWLER,2.0,,50,80,26.0,0.0,200.0,80,55.666666666666664,2.23031581981856,1612.7253416124092
IPL26-012,Ramakrishna Ghosh,BOWLER,0.25,,61,55,28.0,0.0,25.0,61,55.666666666666664,-3.643627964922185,299.45646569009733
IPL26-013,Mukesh Choudhary,BOWLER,1.5,,50,68,30.0,140.19,150.0,68,55.666666666666664,10.0,785.2924314270044
IPL26-014,Jamie Overton,ALL_ROUNDER,1.0,,69,71,32.0,0.0,100.0,71,85.0,0.8926869515032878,952.8998929334376
IPL26-015,Gurjapneet Singh,BOWLER,0.5,,50,58,27.0,99.53,50.0,58,55.666666666666664,8.480820017013823,610.9341043162058
IPL26-016,Anshul Kamboj,ALL_ROUNDER,0.5,,66,72,31.0,0.0,50.0,72,85.0,-1.5321718564615878,966.7861789309956
IPL26-017,Prashant Veer,BATSMAN,0.25,,73,50,20.0,0.0,25.0,73,70.66666666666667,-1.9902283329218704,1062.3935694283516
IPL26-018,Kartik Sharma,WICKET_KEEPER,0.25,,70,50,26.0,292.84,25.0,70,88.66666666666667,8.31044277392173,1303.512928447711
IPL26-019,Rahul Chahar,BOWLER,2.0,,50,78,26.0,0.0,200.0,78,55.666666666666664,2.0710467432607786,1382.5796016819338
IPL26-020,Akeal Hosein,BOWLER,1.0,,58,71,33.0,0.0,100.0,71,55.666666666666664,-4.978733472915186,561.9359448142653
IPL26-021,Matt Henry,BOWLER,1.0,,50,54,47.0,0.0,100.0,54,55.666666666666664,-7.407315239413546,101.84700657186725
IPL26-022,Matthew Short,BATSMAN,1.0,,64,50,26.0,0.0,100.0,64,70.66666666666667,-3.1447296397538866,539.7373712291993
IPL26-023,Sarfaraz Khan,BATSMAN,1.0,,67,50,26.0,0.0,100.0,67,70.66666666666667,-3.960514513044961,672.562418582947
IPL26-024,Zak Foulkes,BOWLER,1.0,,50,81,24.0,0.0,100.0,81,55.666666666666664,3.8035220188213286,1240.350156426803
IPL26-025,Aman Khan,BOWLER,0.25,,55,64,26.0,0.0,25.0,64,55.666666666666664,-4.063312803671431,352.40267365751924
IPL26-026,KL Rahul,WICKET_KEEPER,2.0,,87,50,34.0,1380.75,200.0,87,88.66666666666667,8.442047682323333,2500.0
IPL26-027,Axar Patel,ALL_ROUNDER,2.0,,71,86,32.0,0.0,200.0,86,85.0,-1.0249887628539007,2283.359396195565
IPL26-028,Kuldeep Yadav,BOWLER,2.0,,52,77,26.0,718.52,200.0,77,55.666666666666664,10.0,1609.1612348087624
IPL26-029,T. Natarajan,BOWLER,2.0,,50,75,26.0,0.0,200.0,75,55.666666666666664,3.463892647213659,1185.0779939646397
IPL26-030,Mitchell Starc,BOWLER,1.5,,50,80,36.0,0.0,150.0,80,55.666666666666664,-0.539333536234833,628.2252588775829
IPL26-031,Tristan Stubbs,WICKET_KEEPER,1.5,,77,50,25.0,0.0,150.0,77,88.66666666666667,1.4645389167206173,1207.357253133821
IPL26-032,Mukesh Kumar,BOWLER,1.5,,51,67,26.0,521.18,150.0,67,55.666666666666664,8.23713307112896,854.2955417039988
IPL26-033,Nitish Rana,BATSMAN,2.0,,76,50,32.0,0.0,200.0,76,70.66666666666667,-1.5053611698104952,1204.9803724313103
IPL26-034,Abishek Porel,WICKET_KEEPER,1.0,,70,50,23.0,743.92,100.0,70,88.66666666666667,8.680652110862594,1285.2876224250315
IPL26-035,Ashutosh Sharma,BATSMAN,0.5,,72,50,26.0,869.41,50.0,72,70.66666666666667,9.773754780991323,1203.8392611439247
IPL26-036,Sameer Rizvi,BATSMAN,0.5,,71,50,22.0,503.63,50.0,71,70.66666666666667,10.0,1010.3935138519518
IPL26-037,Karun Nair,BATSMAN,1.5,,69,50,34.0,0.0,150.0,69,70.66666666666667,-2.1691597801632962,687.5817938076273
IPL26-038,Dushmantha Chameera,BOWLER,1.0,,50,61,34.0,0.0,100.0,61,55.666666666666664,-1.7614563028666979,212.71093355145808
IPL26-039,Vipraj Nigam,ALL_ROUNDER,0.5,,68,66,21.0,0.0,50.0,68,85.0,-3.083325195134673,794.5037329737329
IPL26-040,Ajay Mandal,ALL_ROUNDER,0.25,,60,69,26.0,0.0,25.0,69,85.0,0.837664650095945,859.1566428915609
IPL26-041,Madhav Tiwari,BOWLER,0.25,,50,70,22.0,0.0,25.0,70,55.666666666666664,-1.1390675289238983,696.5962115350028
IPL26-042,Tripurana Vijay,BOWLER,0.25,,50,50,24.0,0.0,25.0,50,55.666666666666664,-6.037131808122996,150.02097694792434
IPL26-043,Auqib Nabi Dar,ALL_ROUNDER,0.25,,60,76,26.0,0.0,25.0,76,85.0,-0.37047159066532875,1096.7605741787843
IPL26-044,Pathum Nissanka,BATSMAN,1.0,,69,50,28.0,0.0,100.0,69,70.66666666666667,0.9780045073201293,985.3815223263803
IPL26-045,David Miller,BATSMAN,2.0,,80,50,26.0,0.0,200.0,80,70.66666666666667,0.9151006431863473,1268.3400588481509
IPL26-046,Ben Duckett,BATSMAN,1.0,,84,50,31.0,0.0,100.0,84,70.66666666666667,0.503062876726739,1439.2222502131808
IPL26-047,Lungi Ngidi,BOWLER,1.5,,50,77,30.0,0.0,150.0,77,55.666666666666664,2.178937478452378,1021.9166523287589
IPL26-048,Kyle Jamieson,ALL_ROUNDER,1.5,,62,68,26.0,0.0,150.0,68,85.0,-3.3950475684249586,685.6309849200707
IPL26-049,Prithvi Shaw,BATSMAN,2.0,,72,50,26.0,0.0,200.0,72,70.66666666666667,-0.39554518595628063,1229.7984883108195
IPL26-050,Sahil Parakh,BATSMAN,0.25,,61,50,26.0,0.0,25.0,61,70.66666666666667,-5.590270810224408,396.9387424480301
IPL26-051,Shubman Gill,BATSMAN,2.0,,84,50,26.0,1502.36,200.0,84,70.66666666666667,9.919584226291008,2036.8815331741155
IPL26-052,Rashid Khan,ALL_ROUNDER,2.0,,63,83,26.0,1036.91,200.0,83,85.0,9.534549817595947,1715.7852491015713
IPL26-053,Jos Buttler,WICKET_KEEPER,2.0,,86,50,35.0,0.0,200.0,86,88.66666666666667,0.4301453147721934,1721.7455832617457
IPL26-054,Kagiso Rabada,BOWLER,2.0,,50,89,31.0,0.0,200.0,89,55.666666666666664,1.788562549373787,2218.5135206852633
IPL26-055,Mohammed Siraj,BOWLER,2.0,,52,79,32.0,835.35,200.0,79,55.666666666666664,10.0,1355.9047800418773
IPL26-056,Sai Sudharsan,BATSMAN,1.5,,83,50,24.0,1572.25,150.0,83,70.66666666666667,8.957515125772861,1877.0793462424417
IPL26-057,Prasidh Krishna,BOWLER,2.0,,51,77,30.0,571.61,200.0,77,55.666666666666664,10.0,1402.2953006845034
IPL26-058,Washington Sundar,ALL_ROUNDER,2.0,,69,64,26.0,670.48,200.0,69,85.0,9.738972746753205,1269.7010354398144
IPL26-059,Rahul Tewatia,ALL_ROUNDER,2.0,,70,71,33.0,0.0,200.0,71,85.0,0.8119178808105094,1000.3635469589461
IPL26-060,Shahrukh Khan,BATSMAN,1.5,,66,51,26.0,378.48,150.0,66,70.66666666666667,10.0,803.2608506893582
IPL26-061,R. Sai Kishore,BOWLER,1.5,,50,75,26.0,0.0,150.0,75,55.666666666666664,-1.5869480339342164,1069.7320276123282
IPL26-062,Glenn Phillips,BATSMAN,1.5,,61,50,26.0,0.0,150.0,61,70.66666666666667,-3.681881406333338,598.1400322654364
IPL26-063,Jayant Yadav,BOWLER,2.0,,63,61,36.0,0.0,200.0,63,55.666666666666664,-1.9586614818920238,203.6940131437345
IPL26-064,Anuj Rawat,WICKET_KEEPER,0.5,,66,50,26.0,109.12,50.0,66,88.66666666666667,10.0,1099.7309804356578
IPL26-065,Kumar Kushagra,WICKET_KEEPER,0.5,,56,50,21.0,18.97,50.0,56,88.66666666666667,10.0,804.5387231625535
IPL26-066,Gurnoor Singh Brar,BOWLER,0.5,,56,65,26.0,0.0,50.0,65,55.666666666666664,-6.306507552160378,409.0677510219899
IPL26-067,Nishant Sindhu,BATSMAN,0.5,,61,50,22.0,0.0,50.0,61,70.66666666666667,-3.6541849559308384,387.1571631068079
IPL26-068,Manav Suthar,BOWLER,0.25,,50,58,23.0,0.0,25.0,58,55.666666666666664,-3.6078779517141295,313.081039193055
IPL26-069,Ishant Sharma,BOWLER,1.5,,50,78,37.0,0.0,150.0,78,55.666666666666664,2.7612616655615767,223.99455357438745
IPL26-070,Arshad Khan,BOWLER,0.5,,52,64,26.0,357.1,50.0,64,55.666666666666664,10.0,771.5436635196679
IPL26-071,Jason Holder,ALL_ROUNDER,1.5,,61,79,41.0,0.0,150.0,79,85.0,0.8038047890067999,152.77050985780087
IPL26-072,Tom Banton,WICKET_KEEPER,1.0,,58,50,27.0,0.0,100.0,58,88.66666666666667,-7.4359378882254425,472.3985843119064
IPL26-073,Ashok Sharma,BOWLER,0.25,,50,64,26.0,94.13,25.0,64,55.666666666666664,7.515388420914185,688.2592965027297
IPL26-074,Luke Wood,BOWLER,1.0,,50,50,26.0,0.0,100.0,50,55.666666666666664,-3.4320045510627466,283.7089292716596
IPL26-075,Prithvi Raj,BOWLER,0.25,,55,73,26.0,0.0,25.0,73,55.666666666666664,-0.8563025973624987,845.5750781807174
IPL26-076,Sunil Narine,ALL_ROUNDER,2.0,,70,98,37.0,0.0,200.0,98,85.0,1.5643356742548533,2355.027222951934
IPL26-077,Varun Chakravarthy,BOWLER,2.0,,50,85,34.0,0.0,200.0,85,55.666666666666664,1.4647535776875882,1963.061545821853
IPL26-078,Rinku Singh,BATSMAN,1.5,,74,50,37.0,0.0,150.0,74,70.66666666666667,0.9893684176208912,152.77050985780087
IPL26-079,Harshit Rana,BOWLER,1.0,,51,73,24.0,541.9,100.0,73,55.666666666666664,10.0,1378.5524395270577
IPL26-080,Angkrish Raghuvanshi,BATSMAN,0.5,,73,50,22.0,0.0,50.0,73,70.66666666666667,1.1621997501437686,1199.5771978478597
IPL26-081,Ramandeep Singh,ALL_ROUNDER,1.5,,63,65,26.0,355.97,150.0,65,85.0,9.195213083339675,890.4080581551249
IPL26-082,Ajinkya Rahane,BATSMAN,2.0,,79,50,38.0,0.0,200.0,79,70.66666666666667,-1.884550939528773,203.6940131437345
IPL26-083,Rovman Powell,BATSMAN,1.5,,67,50,32.0,0.0,150.0,67,70.66666666666667,-3.2693367095306165,594.8322116972953
IPL26-084,Vaibhav Arora,BOWLER,1.5,,50,73,28.0,0.0,150.0,73,55.666666666666664,-1.6711514383004324,820.5499194899854
IPL26-085,Manish Pandey,BATSMAN,2.0,,73,50,26.0,0.0,200.0,73,70.66666666666667,0.34369442259834404,973.7855522226193
IPL26-086,Anukul Roy,BOWLER,0.5,,60,69,27.0,0.0,50.0,69,55.666666666666664,-3.2289265553677473,728.2775090244438
IPL26-087,Umran Malik,BOWLER,1.5,,50,65,26.0,0.0,150.0,65,55.666666666666664,-1.6886947168704878,519.7295049466834
IPL26-088,Cameron Green,ALL_ROUNDER,1.0,,75,66,26.0,0.0,100.0,75,85.0,-2.3783930011586714,1073.8525484220984
IPL26-089,Matheesha Pathirana,BOWLER,1.5,,50,77,24.0,0.0,150.0,77,55.666666666666664,-2.8179980911788025,1362.1117678998419
IPL26-090,Mustafizur Rahman,BOWLER,1.5,,50,77,30.0,258.07,150.0,77,55.666666666666664,10.0,1141.7011194898585
IPL26-091,Tejasvi Singh,BATSMAN,0.25,,78,50,26.0,0.0,25.0,78,70.66666666666667,1.5611547312417304,1449.3183464240628
IPL26-092,Finn Allen,BATSMAN,1.0,,74,50,27.0,0.0,100.0,74,70.66666666666667,3.6795829715252815,1034.0449779876287
IPL26-093,Rachin Ravindra,BATSMAN,1.0,,68,50,26.0,0.0,100.0,68,70.66666666666667,0.0770883146270478,652.4975051057065
IPL26-094,Tim Seifert,WICKET_KEEPER,1.0,,58,50,24.0,0.0,100.0,58,88.66666666666667,-2.9628945418732946,616.2172080077072
IPL26-095,Akash Deep,BOWLER,1.0,,50,58,26.0,74.49,100.0,58,55.666666666666664,10.0,685.7190230530304
IPL26-096,Rahul Tripathi,BATSMAN,2.0,,73,50,26.0,0.0,200.0,73,70.66666666666667,-0.19426160081295585,1309.0591612604267
IPL26-097,Prashant Solanki,BOWLER,0.25,,50,75,26.0,0.0,25.0,75,55.666666666666664,-1.8891639057695842,1056.4440635525186
IPL26-098,Kartik Tyagi,BOWLER,1.0,,51,71,25.0,267.17,100.0,71,55.666666666666664,10.0,1195.01541306937
IPL26-099,Sarthak Ranjan,BATSMAN,0.25,,59,50,29.0,0.0,25.0,59,70.66666666666667,-3.100079285406456,359.7397016079266
IPL26-100,Daksh Kamra,BATSMAN,0.25,,50,50,26.0,0.0,25.0,50,70.66666666666667,-2.4198959133945324,270.1296607476924
IPL26-101,Rishabh Pant,WICKET_KEEPER,2.0,,82,50,28.0,0.0,200.0,82,88.66666666666667,1.1602330261548033,1989.783652923059
IPL26-102,Nicholas Pooran,WICKET_KEEPER,2.0,,77,50,30.0,0.0,200.0,77,88.66666666666667,3.155888043251443,1662.8510514047443
IPL26-103,Mayank Yadav,BOWLER,1.0,,50,63,26.0,0.0,100.0,63,55.666666666666664,-8.813060415191613,488.31888173589203
IPL26-104,Mohammed Shami,BOWLER,2.0,,51,77,36.0,366.12,200.0,77,55.666666666666664,10.0,742.1938320327421
IPL26-105,Mohsin Khan,BOWLER,1.5,,51,75,38.0,341.0,150.0,75,55.666666666666664,10.0,152.77050985780087
IPL26-106,Ayush Badoni,BATSMAN,0.5,,70,50,26.0,0.0,50.0,70,70.66666666666667,0.987423598285665,941.1606340699694
IPL26-107,Avesh Khan,BOWLER,1.5,,51,73,29.0,614.92,150.0,73,55.666666666666664,9.623447348977734,1123.1140464306907
IPL26-108,Abdul Samad,BATSMAN,1.5,,66,55,26.0,652.13,150.0,66,70.66666666666667,9.29478926367022,1151.0086575299708
IPL26-109,Mitchell Marsh,ALL_ROUNDER,1.5,,75,76,34.0,0.0,150.0,76,85.0,-0.3295259264501038,1205.5346791953145
IPL26-110,Aiden Markram,ALL_ROUNDER,1.5,,73,56,31.0,0.0,150.0,73,85.0,1.3593616641009736,1048.7009176061688
IPL26-111,Shahbaz Ahmed,ALL_ROUNDER,1.5,,62,63,26.0,458.64,150.0,63,85.0,10.0,1048.5130146684232
IPL26-112,Matthew Breetzke,BATSMAN,1.0,,61,50,27.0,0.0,100.0,61,70.66666666666667,-3.456588525512333,580.654019354212
IPL26-113,Digvesh Rathi,BOWLER,0.5,,50,65,26.0,0.0,50.0,65,55.666666666666664,-5.810440001764645,380.3102010923648
IPL26-114,Himmat Singh,BATSMAN,0.5,,66,50,29.0,101.92,50.0,66,70.66666666666667,9.637464974900638,1003.9483079153017
IPL26-115,Arshin Kulkarni,BATSMAN,0.25,,56,50,26.0,0.0,25.0,56,70.66666666666667,-3.655543399518733,322.5234816333904
IPL26-116,Manimaran Siddharth,BOWLER,0.5,,50,68,27.0,0.0,50.0,68,55.666666666666664,-0.1422757541871652,755.1536525070611
IPL26-117,Akash Singh,BOWLER,0.25,,50,67,39.0,96.39,25.0,67,55.666666666666664,10.0,25.461751642966814
IPL26-118,Arjun Tendulkar,BOWLER,0.5,,59,64,26.0,32.51,50.0,64,55.666666666666664,9.149443541337805,863.9661599789824
IPL26-119,Prince Yadav,BATSMAN,0.25,,52,55,24.0,347.54,25.0,55,70.66666666666667,10.0,571.770637588841
IPL26-120,Josh Inglis,WICKET_KEEPER,1.0,,74,50,31.0,0.0,100.0,74,88.66666666666667,1.0072411045255056,944.7080962430356
IPL26-121,Akshat Raghuwanshi,BATSMAN,0.25,,59,50,22.0,22.82,25.0,59,70.66666666666667,8.742659699571156,799.5301548612398
IPL26-122,Mukul Choudhary,BATSMAN,0.25,,71,50,21.0,0.0,25.0,71,70.66666666666667,-0.9524395999881153,714.0291753999863
IPL26-123,Wanindu Hasaranga,BOWLER,1.5,,57,76,28.0,0.0,150.0,76,55.666666666666664,-2.367670997191702,1065.265510733174
IPL26-124,Anrich Nortje,BOWLER,1.5,,50,76,32.0,0.0,150.0,76,55.666666666666664,-1.6444228852169283,1297.6060011223228
IPL26-125,Naman Tiwari,BOWLER,0.25,,50,76,26.0,0.0,25.0,76,55.666666666666664,2.022526160854099,1287.8524655412766
IPL26-126,Rohit Sharma,BATSMAN,2.0,,54,50,39.0,0.0,200.0,54,70.66666666666667,-2.8477367498340915,203.6940131437345
IPL26-127,Jasprit Bumrah,BOWLER,2.0,,50,95,32.0,0.0,200.0,95,55.666666666666664,1.8796527966318262,2500.0
IPL26-128,Suryakumar Yadav,BATSMAN,2.0,,84,50,35.0,0.0,200.0,84,70.66666666666667,-0.6542739625333716,1513.506307298188
IPL26-129,Hardik Pandya,ALL_ROUNDER,2.0,,77,76,32.0,0.0,200.0,77,85.0,-0.2760681434474308,1260.2820702860972
IPL26-130,Tilak Varma,BATSMAN,1.5,,76,50,23.0,1185.21,150.0,76,70.66666666666667,10.0,1361.5987482284331
IPL26-131,Trent Boult,BOWLER,2.0,,50,87,36.0,0.0,200.0,87,55.666666666666664,4.680425032082652,1501.8829014621915
IPL26-132,Deepak Chahar,BOWLER,2.0,,50,80,26.0,0.0,200.0,80,55.666666666666664,0.9197686160325085,1626.4320900937666
IPL26-133,Naman Dhir,BATSMAN,0.5,,71,55,26.0,863.67,50.0,71,70.66666666666667,8.868183857867304,1209.8440772890265
IPL26-134,Will Jacks,ALL_ROUNDER,1.5,,70,67,27.0,0.0,150.0,70,85.0,-3.294720560859593,1080.3269327478479
IPL26-135,Robin Minz,WICKET_KEEPER,0.5,,55,50,23.0,0.0,50.0,55,88.66666666666667,-4.321667753616775,349.080949938669
IPL26-136,Ryan Rickelton,WICKET_KEEPER,1.0,,73,50,29.0,0.0,100.0,73,88.66666666666667,-3.087007158579191,1026.0567952847887
IPL26-137,Shardul Thakur,ALL_ROUNDER,2.0,,62,82,34.0,0.0,200.0,82,85.0,2.2977948745064105,1267.7904025014568
IPL26-138,Sherfane Rutherford,BATSMAN,1.0,,67,50,27.0,0.0,100.0,67,70.66666666666667,-0.1448928129896534,755.9741248116223
IPL26-139,Mayank Markande,BOWLER,1.5,,50,72,28.0,0.0,150.0,72,55.666666666666664,-0.16808816280281835,926.5480009791904
IPL26-140,Allah Ghazanfar,BOWLER,1.0,,50,70,26.0,0.0,100.0,70,55.666666666666664,-1.0635566736099151,908.5844813107757
IPL26-141,Corbin Bosch,ALL_ROUNDER,1.0,,69,73,31.0,0.0,100.0,73,85.0,-2.5157344702996878,924.3369311687767
IPL26-142,Mitchell Santner,ALL_ROUNDER,1.5,,62,73,34.0,0.0,150.0,73,85.0,-0.7388740133436906,724.4017262043151
IPL26-143,Ashwani Kumar,BOWLER,0.25,,50,73,26.0,180.0,25.0,73,55.666666666666664,10.0,932.1710052892909
IPL26-144,Raj Angad Bawa,BATSMAN,0.5,,62,71,23.0,0.0,50.0,71,70.66666666666667,-0.47690820827495717,951.8891714533344
IPL26-145,Raghu Sharma,BOWLER,0.25,,50,59,26.0,37.39,25.0,59,55.666666666666664,10.0,622.9089984554755
IPL26-146,Quinton de Kock,WICKET_KEEPER,2.0,,79,50,33.0,0.0,200.0,79,88.66666666666667,-1.4537458633469171,1167.4797892331385
IPL26-147,Atharva Ankolekar,ALL_ROUNDER,1.0,,63,68,25.0,0.0,100.0,68,85.0,-1.2420093159212708,693.7371303175235
IPL26-148,Mohammad Izhar,BOWLER,0.25,,56,76,26.0,0.0,25.0,76,55.666666666666664,0.6377783450317802,1156.3864187012105
IPL26-149,Danish Malewar,BATSMAN,0.25,,52,50,26.0,0.0,25.0,52,70.66666666666667,-1.661187184858206,287.3283718282238
IPL26-150,Mayank Rawat,BATSMAN,0.25,,56,50,26.0,0.0,25.0,56,70.66666666666667,-4.140384695416688,381.4122649824088
IPL26-151,Shreyas Iyer,BATSMAN,2.0,,83,50,31.0,0.0,200.0,83,70.66666666666667,2.610056299007054,1918.8092585918155
IPL26-152,Arshdeep Singh,BOWLER,2.0,,52,78,21.0,828.89,200.0,78,55.666666666666664,10.0,1325.3225029479256
IPL26-153,Yuzvendra Chahal,BOWLER,2.0,,50,100,35.0,0.0,200.0,100,55.666666666666664,5.251520197706102,2500.0
IPL26-154,Marco Jansen,ALL_ROUNDER,1.0,,61,70,26.0,0.0,100.0,70,85.0,-5.063256078167416,1018.3533190872122
IPL26-155,Prabhsimran Singh,WICKET_KEEPER,1.5,,74,50,25.0,0.0,150.0,74,88.66666666666667,-0.24961299972002332,1149.1351717257935
IPL26-156,Harpreet Brar,ALL_ROUNDER,1.5,,62,72,30.0,492.23,150.0,72,85.0,10.0,1202.7008704467387
IPL26-157,Shashank Singh,BATSMAN,1.5,,73,52,26.0,1092.28,150.0,73,70.66666666666667,8.510606940350694,1444.1138573129908
IPL26-158,Azmatullah Omarzai,ALL_ROUNDER,1.0,,64,67,26.0,458.76,100.0,67,85.0,10.0,1217.3661560562728
IPL26-159,Nehal Wadhera,BATSMAN,0.5,,68,50,25.0,0.0,50.0,68,70.66666666666667,-1.1895834319911573,865.4447135300454
IPL26-160,Xavier Bartlett,BOWLER,1.0,,50,55,27.0,0.0,100.0,55,55.666666666666664,1.6797884940482215,463.7820230233068
IPL26-161,Lockie Ferguson,BOWLER,1.5,,50,74,35.0,0.0,150.0,74,55.666666666666664,-1.93497034150507,651.4173819367461
IPL26-162,Marcus Stoinis,ALL_ROUNDER,1.5,,75,71,36.0,0.0,150.0,75,85.0,2.0982284301846366,452.40722135530143
IPL26-163,Mitch Owen,ALL_ROUNDER,1.0,,50,50,22.0,0.0,100.0,50,85.0,-4.855793114981976,458.3336238381723
IPL26-164,Musheer Khan,BOWLER,0.5,,50,61,26.0,9.79,50.0,61,55.666666666666664,10.0,679.8361607611257
IPL26-165,Priyansh Arya,BATSMAN,0.5,,74,50,25.0,912.18,50.0,74,70.66666666666667,9.598620242667774,1197.073489382554
IPL26-166,Vyshak Vijaykumar,BOWLER,1.5,,50,62,26.0,0.0,150.0,62,55.666666666666664,-4.39933372044222,566.149002684466
IPL26-167,Yash Thakur,BOWLER,0.5,,50,67,26.0,223.54,50.0,67,55.666666666666664,10.0,715.499858940773
IPL26-168,Pyla Avinash,BATSMAN,0.25,,63,50,25.0,0.0,25.0,63,70.66666666666667,1.094627573136507,552.2345100386503
IPL26-169,Harnoor Pannu,BATSMAN,0.25,,64,50,26.0,0.0,25.0,64,70.66666666666667,-2.137628182690067,459.6836767377131
IPL26-170,Vishnu Vinod,WICKET_KEEPER,1.0,,62,50,32.0,15.19,100.0,62,88.66666666666667,10.0,820.0579613890825
IPL26-171,Suryansh Shedge,BATSMAN,0.25,,67,50,23.0,226.14,25.0,67,70.66666666666667,10.0,742.5511981016537
IPL26-172,Cooper Connolly,BATSMAN,1.0,,75,50,22.0,0.0,100.0,75,70.66666666666667,1.395691499723002,1011.7171413792114
IPL26-173,Ben Dwarshuis,BOWLER,1.0,,50,56,31.0,0.0,100.0,56,55.666666666666664,-6.023440732896524,216.4590241712568
IPL26-174,Praveen Dubey,BOWLER,0.25,,50,59,32.0,0.0,25.0,59,55.666666666666664,-0.7573686570965092,341.1623395077772
IPL26-175,Vishal Nishad,BOWLER,0.25,,50,51,26.0,0.0,25.0,51,55.666666666666664,-7.429062856216734,145.21467796595067
IPL26-176,Yashasvi Jaiswal,BATSMAN,1.5,,78,50,24.0,0.0,150.0,78,70.66666666666667,-0.03624471338016555,1452.3670409071055
IPL26-177,Ravindra Jadeja,ALL_ROUNDER,2.0,,76,91,37.0,0.0,200.0,91,85.0,8.545926212683186,1927.9902463829624
IPL26-178,Riyan Parag,ALL_ROUNDER,2.0,,72,58,24.0,0.0,200.0,72,85.0,-3.0612045179572274,1038.8033881532172
IPL26-179,Jofra Archer,BOWLER,1.5,,50,80,31.0,0.0,150.0,80,55.666666666666664,-0.00479276183876115,1267.26724752052
IPL26-180,Dhruv Jurel,WICKET_KEEPER,1.0,,74,50,25.0,1059.22,100.0,74,88.66666666666667,10.0,1569.5964802178148
IPL26-181,Shimron Hetmyer,BATSMAN,2.0,,72,50,29.0,0.0,200.0,72,70.66666666666667,-0.9265026571376743,940.1197872215694
IPL26-182,Sam Curran,ALL_ROUNDER,2.0,,69,72,26.0,0.0,200.0,72,85.0,-1.7379897152313941,1319.6760284723196
IPL26-183,Sandeep Sharma,BOWLER,2.0,,51,77,26.0,459.67,200.0,77,55.666666666666664,7.9647597593744965,1201.0059190474724
IPL26-184,Vaibhav Suryavanshi,BATSMAN,0.5,,80,50,26.0,0.0,50.0,80,70.66666666666667,-1.3692032547991935,1614.0743558008792
IPL26-185,Tushar Deshpande,BOWLER,1.5,,50,72,26.0,0.0,150.0,72,55.666666666666664,0.6171949499342193,777.4809655646839
IPL26-186,Shubham Dubey,BATSMAN,0.5,,72,50,32.0,0.0,50.0,72,70.66666666666667,-4.425600979390963,937.9366579282798
IPL26-187,Yudhvir Charak,BOWLER,0.5,,50,66,26.0,0.0,50.0,66,55.666666666666664,-1.2593080154258987,596.7158541469345
IPL26-188,Kwena Maphaka,BOWLER,0.5,,50,52,20.0,0.0,50.0,52,55.666666666666664,-7.668717846708421,284.75875946755247
IPL26-189,Lhuan-Dre Pretorius,BATSMAN,0.5,,57,50,20.0,0.0,50.0,57,70.66666666666667,-0.6778715114523272,404.576384125355
IPL26-190,Nandre Burger,BOWLER,1.0,,50,70,30.0,0.0,100.0,70,55.666666666666664,-1.9178702499515135,749.4964762096199
IPL26-191,Donovan Ferreira,WICKET_KEEPER,1.0,,69,50,27.0,0.0,100.0,69,88.66666666666667,-0.856814133154726,1053.70914093
IPL26-192,Ravi Bishnoi,BOWLER,2.0,,51,74,25.0,466.26,200.0,74,55.666666666666664,10.0,1330.6981650398973
IPL26-193,Adam Milne,BOWLER,1.0,,50,59,34.0,0.0,100.0,59,55.666666666666664,-0.2624217405684477,179.4638217594896
IPL26-194,Ravi Singh,BATSMAN,0.25,,59,50,26.0,4.35,25.0,59,70.66666666666667,8.477587221544434,686.9305215052533
IPL26-195,Sushant Mishra,BOWLER,0.25,,51,75,25.0,0.0,25.0,75,55.666666666666664,-3.6086872616013497,924.6583871557079
IPL26-196,Kuldeep Sen,BOWLER,1.0,,50,70,29.0,0.0,100.0,70,55.666666666666664,-0.65967043109971,830.4594920213656
IPL26-197,Brijesh Sharma,BOWLER,0.25,,50,67,26.0,210.22,25.0,67,55.666666666666664,10.0,849.5220535221056
IPL26-198,Aman Rao Perala,BATSMAN,0.25,,71,50,26.0,0.0,25.0,71,70.66666666666667,0.5870257276439987,1034.293710125858
IPL26-199,Vignesh Puthur,BOWLER,0.25,,50,73,25.0,0.0,25.0,73,55.666666666666664,-1.954829515674213,662.835774492743
IPL26-200,Virat Kohli,BATSMAN,2.0,,100,50,37.0,0.0,200.0,100,70.66666666666667,6.2671562558249505,2315.992937894622
IPL26-201,Rajat Patidar,BATSMAN,1.5,,75,50,33.0,0.0,150.0,75,70.66666666666667,0.313198420065518,1222.1960427861245
IPL26-202,Phil Salt,WICKET_KEEPER,1.0,,75,50,47.0,0.0,100.0,75,88.66666666666667,0.8527738131433796,101.84700657186725
IPL26-203,Josh Hazlewood,BOWLER,1.5,,50,79,35.0,0.0,150.0,79,55.666666666666664,-2.343022502868807,948.4196884802684
IPL26-204,Yash Dayal,BOWLER,1.5,,51,68,28.0,485.16,150.0,68,55.666666666666664,10.0,1034.8924416117645
IPL26-205,Krunal Pandya,ALL_ROUNDER,2.0,,71,82,35.0,0.0,200.0,82,85.0,-1.4703158288989049,1250.4659703069967
IPL26-206,Bhuvneshwar Kumar,BOWLER,2.0,,50,98,36.0,0.0,200.0,98,55.666666666666664,6.59438588651642,2261.372882600486
IPL26-207,Tim David,BATSMAN,1.5,,74,50,26.0,0.0,150.0,74,70.66666666666667,0.050993518163743035,1124.1070837835507
IPL26-208,Romario Shepherd,ALL_ROUNDER,1.0,,68,62,31.0,0.0,100.0,68,85.0,-0.3935124886967557,756.0095174162205
IPL26-209,Nuwan Thushara,BOWLER,1.0,,50,68,31.0,0.0,100.0,68,55.666666666666664,-0.7360284651809185,695.0974022030152
IPL26-210,Swapnil Singh,BOWLER,1.0,,59,66,35.0,131.12,100.0,66,55.666666666666664,10.0,411.82035571871893
IPL26-211,Jacob Bethell,BATSMAN,1.0,,64,50,20.0,0.0,100.0,64,70.66666666666667,-3.7901058787533644,759.4185017328182
IPL26-212,Devdutt Padikkal,BATSMAN,1.5,,73,50,25.0,0.0,150.0,73,70.66666666666667,0.7722229355716277,1291.4047711506335
IPL26-213,Suyash Sharma,BOWLER,0.5,,50,64,26.0,369.66,50.0,64,55.666666666666664,10.0,805.0774354432042
IPL26-214,Rasikh Dar,BOWLER,0.5,,50,71,26.0,0.0,50.0,71,55.666666666666664,0.24607397241950674,818.326903986426
IPL26-215,Jitesh Sharma,WICKET_KEEPER,1.5,,56,50,32.0,0.0,150.0,56,88.66666666666667,-4.621188508903232,416.07643485270154
IPL26-216,Abhinandan Singh,BOWLER,0.25,,50,59,26.0,38.42,25.0,59,55.666666666666664,9.055631222456947,669.4393649414459
IPL26-217,Venkatesh Iyer,ALL_ROUNDER,1.5,,73,60,35.0,0.0,150.0,73,85.0,3.6547947851984928,909.296747148386
IPL26-218,Jordan Cox,WICKET_KEEPER,1.0,,80,50,34.0,0.0,100.0,80,88.66666666666667,3.1968676093111084,1133.0354990160968
IPL26-219,Mangesh Yadav,BOWLER,0.25,,72,65,26.0,0.0,25.0,72,55.666666666666664,-2.4912024273858,899.6948384499132
IPL26-220,Vicky Kanhaiya Ostwal,BOWLER,0.5,,60,74,26.0,0.0,50.0,74,55.666666666666664,0.0823897144661363,1111.7692136393391
IPL26-221,Kanishk Chouhan,BATSMAN,0.25,,50,50,26.0,0.0,25.0,50,70.66666666666667,-6.999129850103728,245.16478722540532
IPL26-222,Vihaan Malhotra,BATSMAN,0.25,,50,50,19.0,0.0,25.0,50,70.66666666666667,-3.0508528541753868,371.4188759873274
IPL26-223,Satvik Deswal,BOWLER,0.25,,50,77,26.0,0.0,25.0,77,55.666666666666664,1.959791641116499,1218.4894624959406
IPL26-224,Yash Raj Punja,BOWLER,0.25,,50,68,26.0,128.95,25.0,68,55.666666666666664,8.641728803276647,832.0052757558597
IPL26-225,Pat Cummins,ALL_ROUNDER,2.0,,67,78,33.0,0.0,200.0,78,85.0,-1.3574625051399478,1527.1483895844628
IPL26-226,Heinrich Klaasen,WICKET_KEEPER,1.5,,80,50,26.0,0.0,150.0,80,88.66666666666667,2.185919850520941,1886.404187465826
IPL26-227,Travis Head,BATSMAN,1.5,,75,50,32.0,0.0,150.0,75,70.66666666666667,0.8112728224830278,935.6391089975883
IPL26-228,Abhishek Sharma,ALL_ROUNDER,1.5,,79,59,26.0,1410.48,150.0,79,85.0,8.408595352503712,1381.5150120723347
IPL26-229,Nitish Kumar Reddy,ALL_ROUNDER,1.0,,70,62,23.0,0.0,100.0,70,85.0,1.208821382525136,928.0601272962772
IPL26-230,Ishan Kishan,WICKET_KEEPER,2.0,,78,50,27.0,1062.44,200.0,78,88.66666666666667,9.365394964706644,1918.4626915822657
IPL26-231,Harshal Patel,BOWLER,2.0,,50,88,35.0,0.0,200.0,88,55.666666666666664,7.389338201989251,2262.6305651785547
IPL26-232,Jaydev Unadkat,BOWLER,2.0,,50,81,33.0,0.0,200.0,81,55.666666666666664,0.4323249281978809,1211.1195920842124
IPL26-233,Zeeshan Ansari,BOWLER,0.5,,50,59,26.0,99.75,50.0,59,55.666666666666664,9.974610953615512,643.5987419047578
IPL26-234,Brydon Carse,BOWLER,1.0,,50,72,30.0,0.0,100.0,72,55.666666666666664,-2.280507207411897,796.4981210245056
IPL26-235,Kamindu Mendis,BATSMAN,1.0,,65,68,27.0,0.0,100.0,68,70.66666666666667,-3.867188549351319,875.3134996147903
IPL26-236,Harsh Dubey,BOWLER,0.5,,57,70,23.0,174.77,50.0,70,55.666666666666664,10.0,1115.834032244393
IPL26-237,Aniket Verma,BATSMAN,0.25,,66,50,24.0,403.65,25.0,66,70.66666666666667,9.504133821992715,970.1711351731243
IPL26-238,Eshan Malinga,BOWLER,0.25,,50,74,25.0,0.0,25.0,74,55.666666666666664,-0.8080990474652163,888.019465484206
IPL26-239,Smaran Ravichandaran,BATSMAN,0.25,,73,50,26.0,0.0,25.0,73,70.66666666666667,-1.6478323648916033,909.1587631388654
IPL26-240,Liam Livingstone,ALL_ROUNDER,1.5,,70,67,32.0,0.0,150.0,70,85.0,0.05443534072644873,849.6230362364539
IPL26-241,Salil Arora,WICKET_KEEPER,0.25,,68,50,23.0,31.36,25.0,68,88.66666666666667,10.0,841.9611501814026
IPL26-242,Jack Edwards,ALL_ROUNDER,1.0,,62,77,26.0,0.0,100.0,77,85.0,0.9292046215619085,1536.0708454576052
IPL26-243,Shivam Mavi,BOWLER,1.5,,50,64,27.0,0.0,150.0,64,55.666666666666664,-1.1166382215675257,712.2138358727691
IPL26-244,Amit Kumar,BOWLER,0.25,,50,56,26.0,0.0,25.0,56,55.666666666666664,-4.037318118858149,315.0656490897591
IPL26-245,Onkar Tarmale,ALL_ROUNDER,0.25,,51,56,26.0,0.0,25.0,56,85.0,-1.2962213476584865,546.2305870192704
IPL26-246,Sakib Hussain,BOWLER,0.25,,50,71,21.0,221.1,25.0,71,55.666666666666664,10.0,1048.680590310471
IPL26-247,Praful Hinge,BOWLER,0.25,,50,70,26.0,0.0,25.0,70,55.666666666666664,-1.5519167559207316,785.2708195134288
IPL26-248,Shivang Kumar,BOWLER,0.25,,58,63,26.0,185.9,25.0,63,55.666666666666664,10.0,814.1040588657029
IPL26-249,Krains Fuletra,BOWLER,0.25,,50,55,26.0,0.0,25.0,55,55.666666666666664,3.221963423604605,404.8600863037877
IPL26-250,Jake Fraser-McGurk,BATSMAN,1.0,,71,50,23.0,0.0,100.0,71,70.66666666666667,-0.42498397244416897,855.8989406306921
IPL26-251,Devon Conway,WICKET_KEEPER,1.5,,76,50,26.0,0.0,150.0,76,88.66666666666667,-1.4766548796646275,1271.8475223025814
IPL26-252,Gus Atkinson,BOWLER,1.0,,50,80,28.0,0.0,100.0,80,55.666666666666664,-1.4109711278036134,1158.6254869335635
IPL26-253,Jamie Smith,WICKET_KEEPER,1.0,,71,50,37.0,0.0,100.0,71,88.66666666666667,0.0788063850030066,101.84700657186725
IPL26-254,Deepak Hooda,ALL_ROUNDER,2.0,,66,60,31.0,0.0,200.0,66,85.0,-2.425937537769187,837.2665935167769
IPL26-255,Wiaan Mulder,BOWLER,1.0,,57,50,28.0,0.0,100.0,57,55.666666666666664,-2.9038760974460334,344.9578518593565
IPL26-256,Rahmanullah Gurbaz,WICKET_KEEPER,1.0,,67,50,24.0,183.09,100.0,67,88.66666666666667,10.0,1121.5095304648116
IPL26-257,Jonny Bairstow,WICKET_KEEPER,1.5,,75,50,36.0,0.0,150.0,75,88.66666666666667,-0.11615752826901182,593.4189398241582
IPL26-258,K.S. Bharat,WICKET_KEEPER,1.5,,67,50,26.0,0.0,150.0,67,88.66666666666667,-0.7567750880047274,812.2508431600187
IPL26-259,Gerald Coetzee,BOWLER,1.0,,50,67,25.0,0.0,100.0,67,55.666666666666664,-2.670277629482206,530.4259261374984
IPL26-260,Spencer Johnson,BOWLER,1.0,,50,57,38.0,0.0,100.0,57,55.666666666666664,-7.123157265735745,101.84700657186725
IPL26-261,Fazalhaq Farooqi,BOWLER,1.0,,50,63,25.0,34.22,100.0,63,55.666666666666664,9.55501667862614,773.7649774625961
IPL26-262,Maheesh Theekshana,BOWLER,1.0,,50,71,25.0,0.0,100.0,71,55.666666666666664,-1.417519341785789,917.6076904237341
IPL26-263,Mujeeb Ur Rahman,BOWLER,2.0,,50,67,25.0,8.29,200.0,67,55.666666666666664,9.201454684393818,1008.1040198374162
IPL26-264,Aarya Desai,BATSMAN,0.25,,55,50,23.0,0.0,25.0,55,70.66666666666667,-0.47522228721818394,410.97079563202493
IPL26-265,Yash Dhull,BATSMAN,0.5,,55,50,23.0,0.0,50.0,55,70.66666666666667,-3.2138867830478235,366.98459903559717
IPL26-266,Abhinav Manohar,BATSMAN,0.5,,62,50,31.0,0.0,50.0,62,70.66666666666667,-4.698214406040299,414.79165147930286
IPL26-267,Anmolpreet Singh,BATSMAN,1.0,,63,50,28.0,4.93,100.0,63,70.66666666666667,10.0,958.9903344771682
IPL26-268,Atharva Taide,BATSMAN,0.5,,69,50,26.0,59.39,50.0,69,70.66666666666667,9.42053672592993,956.592922641646
IPL26-269,Mahipal Lomror,BATSMAN,1.5,,65,50,26.0,0.0,150.0,65,70.66666666666667,-0.5646281665128621,606.6560100078076
IPL26-270,Vijay Shankar,ALL_ROUNDER,2.0,,68,66,35.0,0.0,200.0,68,85.0,-0.5148318743268624,478.50165065371937
IPL26-271,Tanush Kotian,BATSMAN,0.5,,61,55,27.0,18.32,50.0,61,70.66666666666667,10.0,807.8760312666872
IPL26-272,Kamlesh Nagarkoti,BOWLER,1.5,,50,57,26.0,0.0,150.0,57,55.666666666666664,-5.565667998970596,390.7282344169603
IPL26-273,Ruchit Ahir,BATSMAN,0.25,,74,50,26.0,0.0,25.0,74,70.66666666666667,1.4247284386222416,1089.7715805324951
IPL26-274,Sanvir Singh,BATSMAN,0.5,,60,53,29.0,20.67,50.0,60,70.66666666666667,10.0,614.9809370960819
IPL26-275,Vansh Bedi,WICKET_KEEPER,0.25,,50,50,23.0,0.0,25.0,50,88.66666666666667,-2.7010755389309127,294.45804215923795
IPL26-276,Raj Limbani,BOWLER,0.25,,50,75,26.0,0.0,25.0,75,55.666666666666664,-2.655462212483476,761.791259352232
IPL26-277,Simarjeet Singh,BOWLER,1.0,,50,65,28.0,87.74,100.0,65,55.666666666666664,10.0,778.8956249664194
IPL26-278,Akash Madhwal,BOWLER,1.0,,50,68,32.0,143.34,100.0,68,55.666666666666664,8.968423753129843,906.8970829257212
IPL26-279,Karn Sharma,BOWLER,2.0,,50,80,38.0,0.0,200.0,80,55.666666666666664,1.1862764831503467,203.6940131437345
IPL26-280,Sean Abbott,BOWLER,1.0,,50,54,34.0,0.0,100.0,54,55.666666666666664,-2.459744399415626,101.84700657186725
IPL26-281,Michael Bracewell,ALL_ROUNDER,1.0,,67,74,35.0,0.0,100.0,74,85.0,3.095426923890055,953.507726921887
IPL26-282,Daryl Mitchell,BATSMAN,1.0,,67,53,26.0,0.0,100.0,67,70.66666666666667,3.472614455790528,726.6287782707379
IPL26-283,Dasun Shanaka,BATSMAN,1.5,,62,55,34.0,0.0,150.0,62,70.66666666666667,-5.4519676425374035,284.003239657557
IPL26-284,Chetan Sakariya,BOWLER,1.5,,50,70,27.0,0.0,150.0,70,55.666666666666664,-3.8088634874758434,900.647637747963
IPL26-285,Waqar Salamkheil,BOWLER,1.0,,50,72,29.0,0.0,100.0,72,55.666666666666664,1.1833962947945609,865.9283459779972
IPL26-286,Taskin Ahmed,BOWLER,1.0,,50,80,31.0,0.0,100.0,80,55.666666666666664,0.8997446813231118,1446.5031791451352
IPL26-287,Alzarri Joseph,BOWLER,1.5,,50,68,29.0,0.0,150.0,68,55.666666666666664,0.19437276063883224,871.2313968727967
IPL26-288,Riley Meredith,BOWLER,1.0,,50,69,29.0,0.0,100.0,69,55.666666666666664,6.003207265115319,1050.8848310676026
IPL26-289,Jhye Richardson,BOWLER,1.5,,50,58,29.0,0.0,150.0,58,55.666666666666664,-2.0466240082332727,376.2017551154278
IPL26-290,Daniel Lawrence,BATSMAN,1.0,,79,50,26.0,0.0,100.0,79,70.66666666666667,4.162177382525865,1693.5247024087917
IPL26-291,Murugan Ashwin,BOWLER,1.5,,50,72,35.0,0.0,150.0,72,55.666666666666664,1.1972700979057087,618.7867121879585
IPL26-292,William Sutherland,ALL_ROUNDER,1.0,,66,71,26.0,0.0,100.0,71,85.0,1.4356615869402174,909.2944353558773
IPL26-293,Kartikeya Singh,BOWLER,0.5,,56,79,26.0,0.0,50.0,79,55.666666666666664,1.0426200593384576,1247.1716314172922
IPL26-294,Shivam Shukla,BOWLER,0.25,,50,63,26.0,0.0,25.0,63,55.666666666666664,-2.7463930873225597,559.6309661234549
IPL26-295,Wahidullah Zadran,BOWLER,1.0,,50,62,26.0,0.0,100.0,62,55.666666666666664,-5.047251175110715,450.86024421717076
IPL26-296,KC Cariappa,BOWLER,0.5,,50,59,32.0,0.0,50.0,59,55.666666666666664,-5.23544407487549,261.3912724970787
IPL26-297,Sediqullah Atal,BATSMAN,1.0,,65,50,24.0,14.99,100.0,65,70.66666666666667,10.0,945.0243103139494
IPL26-298,Nathan Smith,BOWLER,1.0,,51,53,26.0,0.0,100.0,53,55.666666666666664,-5.476119021095533,242.42181088314538
IPL26-299,Manan Vohra,BATSMAN,1.5,,67,50,32.0,0.0,150.0,67,70.66666666666667,0.34457749173928764,601.0070494109476
IPL26-300,Jacob Duffy,BOWLER,1.0,,50,67,25.0,0.0,100.0,67,55.666666666666664,1.3963648528050339,643.9458094455871
IPL26-001,MS Dhoni,WICKET_KEEPER,2.0,,76,50,44.0,492.22,200.0,76,88.66666666666667,9.427231575451474,200.0
IPL26-002,Ruturaj Gaikwad,BATSMAN,2.0,,79,50,29.0,0.0,200.0,79,70.66666666666667,3.269968655748361,1420.3788945754977
IPL26-003,Sanju Samson,WICKET_KEEPER,2.0,,85,50,31.0,0.0,200.0,85,88.66666666666667,3.1035627518050823,1483.1255722622357
IPL26-004,Shivam Dube,ALL_ROUNDER,2.0,,75,60,32.0,0.0,200.0,75,85.0,0.6698143746918556,941.0565691416612
IPL26-005,Ayush Mhatre,BATSMAN,0.25,,73,50,18.0,0.0,25.0,73,70.66666666666667,3.0418632462534596,1108.5627330059244
IPL26-006,Dewald Brevis,BATSMAN,1.0,,68,50,23.0,0.0,100.0,68,70.66666666666667,-1.374276563163933,665.9645913945385
IPL26-007,Urvil Patel,WICKET_KEEPER,0.25,,69,50,27.0,268.05,25.0,69,88.66666666666667,10.0,813.9579828874417
IPL26-008,Noor Ahmad,BOWLER,1.5,,51,76,21.0,701.28,150.0,76,55.666666666666664,9.44969484615458,1300.4462392249868
IPL26-009,Nathan Ellis,BOWLER,1.0,,50,71,26.0,0.0,100.0,71,55.666666666666664,-1.9398972818364126,842.4408775663582
IPL26-010,Shreyas Gopal,BOWLER,2.0,,50,76,32.0,0.0,200.0,76,55.666666666666664,3.332871560023338,995.6609619064625
IPL26-011,Khaleel Ahmed,BOWLER,2.0,,50,80,26.0,0.0,200.0,80,55.666666666666664,3.7075984775651825,1466.525963915632
IPL26-012,Ramakrishna Ghosh,BOWLER,0.25,,61,55,28.0,0.0,25.0,61,55.666666666666664,-3.1953486172754717,272.3096553799197
IPL26-013,Mukesh Choudhary,BOWLER,1.5,,50,68,30.0,140.19,150.0,68,55.666666666666664,9.629385667913894,714.1028358881694
IPL26-014,Jamie Overton,ALL_ROUNDER,1.0,,69,71,32.0,0.0,100.0,71,85.0,1.056818797820274,866.5160755780856
IPL26-015,Gurjapneet Singh,BOWLER,0.5,,50,58,27.0,99.53,50.0,58,55.666666666666664,7.1514573793699245,555.5507209463714
IPL26-016,Anshul Kamboj,ALL_ROUNDER,0.5,,66,72,31.0,0.0,50.0,72,85.0,-0.37806968525282114,879.1435195899817
IPL26-017,Prashant Veer,BATSMAN,0.25,,73,50,20.0,0.0,25.0,73,70.66666666666667,-3.071173285918613,966.0837547861436
IPL26-018,Kartik Sharma,WICKET_KEEPER,0.25,,70,50,26.0,292.84,25.0,70,88.66666666666667,9.637559058596867,1185.344772940076
IPL26-019,Rahul Chahar,BOWLER,2.0,,50,78,26.0,0.0,200.0,78,55.666666666666664,-0.03574535149407554,1257.2437666413161
IPL26-020,Akeal Hosein,BOWLER,1.0,,58,71,33.0,0.0,100.0,71,55.666666666666664,-5.921241965036502,510.994421594225
IPL26-021,Matt Henry,BOWLER,1.0,,50,54,47.0,0.0,100.0,54,55.666666666666664,-6.489008877647546,100.0
IPL26-022,Matthew Short,BATSMAN,1.0,,64,50,26.0,0.0,100.0,64,70.66666666666667,-3.7922762597938373,490.8082288902382
IPL26-023,Sarfaraz Khan,BATSMAN,1.0,,67,50,26.0,0.0,100.0,67,70.66666666666667,-3.279158358938132,611.592205911298
IPL26-024,Zak Foulkes,BOWLER,1.0,,50,81,24.0,0.0,100.0,81,55.666666666666664,1.7815740863113636,1127.9079343591595
IPL26-025,Aman Khan,BOWLER,0.25,,55,64,26.0,0.0,25.0,64,55.666666666666664,-3.5390073238193,320.4560983430278
IPL26-026,KL Rahul,WICKET_KEEPER,2.0,,87,50,34.0,1380.75,200.0,87,88.66666666666667,10.0,2295.1702922359077
IPL26-027,Axar Patel,ALL_ROUNDER,2.0,,71,86,32.0,0.0,200.0,86,85.0,-1.9075996268591524,2076.364618989348
IPL26-028,Kuldeep Yadav,BOWLER,2.0,,52,77,26.0,718.52,200.0,77,55.666666666666664,10.0,1463.2849562679871
IPL26-029,T. Natarajan,BOWLER,2.0,,50,75,26.0,0.0,200.0,75,55.666666666666664,2.4375409546817957,1077.6463930780612
IPL26-030,Mitchell Starc,BOWLER,1.5,,50,80,36.0,0.0,150.0,80,55.666666666666664,-1.0081344996328223,571.2743698877248
IPL26-031,Tristan Stubbs,WICKET_KEEPER,1.5,,77,50,25.0,0.0,150.0,77,88.66666666666667,0.10694124840993513,1097.905956926511
IPL26-032,Mukesh Kumar,BOWLER,1.5,,51,67,26.0,521.18,150.0,67,55.666666666666664,10.0,776.850564965813
IPL26-033,Nitish Rana,BATSMAN,2.0,,76,50,32.0,0.0,200.0,76,70.66666666666667,-1.7992746303134206,1095.7445490454413
IPL26-034,Abishek Porel,WICKET_KEEPER,1.0,,70,50,23.0,743.92,100.0,70,88.66666666666667,9.651347865592141,1168.771656741725
IPL26-035,Ashutosh Sharma,BATSMAN,0.5,,72,50,26.0,869.41,50.0,72,70.66666666666667,9.650742295681571,1094.7068836181745
IPL26-036,Sameer Rizvi,BATSMAN,0.5,,71,50,22.0,503.63,50.0,71,70.66666666666667,9.678364948782617,918.7976920821237
IPL26-037,Karun Nair,BATSMAN,1.5,,69,50,34.0,0.0,150.0,69,70.66666666666667,-0.2120174654895246,625.2500205189378
IPL26-038,Dushmantha Chameera,BOWLER,1.0,,50,61,34.0,0.0,100.0,61,55.666666666666664,-2.1962193683487143,193.42791907148992
IPL26-039,Vipraj Nigam,ALL_ROUNDER,0.5,,68,66,21.0,0.0,50.0,68,85.0,-3.2719455076535358,722.4790996766626
IPL26-040,Ajay Mandal,ALL_ROUNDER,0.25,,60,69,26.0,0.0,25.0,69,85.0,0.5816794907231861,781.2709897714736
IPL26-041,Madhav Tiwari,BOWLER,0.25,,50,70,22.0,0.0,25.0,70,55.666666666666664,-1.9624882208110965,633.4472487174855
IPL26-042,Tripurana Vijay,BOWLER,0.25,,50,50,24.0,0.0,25.0,50,55.666666666666664,-5.842429645407257,136.42103348246084
IPL26-043,Auqib Nabi Dar,ALL_ROUNDER,0.25,,60,76,26.0,0.0,25.0,76,85.0,-1.199763073543772,997.3352664156013
IPL26-044,Pathum Nissanka,BATSMAN,1.0,,69,50,28.0,0.0,100.0,69,70.66666666666667,2.432955109603812,896.0531279365546
IPL26-045,David Miller,BATSMAN,2.0,,80,50,26.0,0.0,200.0,80,70.66666666666667,0.9357833140142906,1153.3604510210057
IPL26-046,Ben Duckett,BATSMAN,1.0,,84,50,31.0,0.0,100.0,84,70.66666666666667,0.4122076857251792,1308.7515544788716
IPL26-047,Lungi Ngidi,BOWLER,1.5,,50,77,30.0,0.0,150.0,77,55.666666666666664,2.0970357100136776,929.2762164321765
IPL26-048,Kyle Jamieson,ALL_ROUNDER,1.5,,62,68,26.0,0.0,150.0,68,85.0,-3.109047222726465,623.4760595037418
IPL26-049,Prithvi Shaw,BATSMAN,2.0,,72,50,26.0,0.0,200.0,72,70.66666666666667,-0.2629893900990715,1118.3128130725804
IPL26-050,Sahil Parakh,BATSMAN,0.25,,61,50,26.0,0.0,25.0,61,70.66666666666667,-6.64070505744346,360.9548116246808
IPL26-051,Shubman Gill,BATSMAN,2.0,,84,50,26.0,1502.36,200.0,84,70.66666666666667,8.001799315467892,1852.2308645770806
IPL26-052,Rashid Khan,ALL_ROUNDER,2.0,,63,83,26.0,1036.91,200.0,83,85.0,10.0,1560.2431185183425
IPL26-053,Jos Buttler,WICKET_KEEPER,2.0,,86,50,35.0,0.0,200.0,86,88.66666666666667,-0.10988362189886813,1565.6631268570036
IPL26-054,Kagiso Rabada,BOWLER,2.0,,50,89,31.0,0.0,200.0,89,55.666666666666664,4.191732581597899,2017.3972563300508
IPL26-055,Mohammed Siraj,BOWLER,2.0,,52,79,32.0,835.35,200.0,79,55.666666666666664,7.10374462180631,1232.987113937608
IPL26-056,Sai Sudharsan,BATSMAN,1.5,,83,50,24.0,1572.25,150.0,83,70.66666666666667,10.0,1706.9153231275423
IPL26-057,Prasidh Krishna,BOWLER,2.0,,51,77,30.0,571.61,200.0,77,55.666666666666664,9.860410371844827,1275.172166312339
IPL26-058,Washington Sundar,ALL_ROUNDER,2.0,,69,64,26.0,670.48,200.0,69,85.0,10.0,1154.5980501685212
IPL26-059,Rahul Tewatia,ALL_ROUNDER,2.0,,70,71,33.0,0.0,200.0,71,85.0,-0.36297276713471005,909.6769779181727
IPL26-060,Shahrukh Khan,BATSMAN,1.5,,66,51,26.0,378.48,150.0,66,70.66666666666667,10.0,730.4423530389432
IPL26-061,R. Sai Kishore,BOWLER,1.5,,50,75,26.0,0.0,150.0,75,55.666666666666664,-0.7106790007937152,972.7569552277953
IPL26-062,Glenn Phillips,BATSMAN,1.5,,61,50,26.0,0.0,150.0,61,70.66666666666667,-3.655065525472286,543.9164777416969
IPL26-063,Jayant Yadav,BOWLER,2.0,,63,61,36.0,0.0,200.0,63,55.666666666666664,-1.0881760373117912,200.0
IPL26-064,Anuj Rawat,WICKET_KEEPER,0.5,,66,50,26.0,109.12,50.0,66,88.66666666666667,9.809317599236653,1000.0363946156004
IPL26-065,Kumar Kushagra,WICKET_KEEPER,0.5,,56,50,21.0,18.97,50.0,56,88.66666666666667,10.0,731.6043817565179
IPL26-066,Gurnoor Singh Brar,BOWLER,0.5,,56,65,26.0,0.0,50.0,65,55.666666666666664,-4.0869762500461,371.98428175905804
IPL26-067,Nishant Sindhu,BATSMAN,0.5,,61,50,22.0,0.0,50.0,61,70.66666666666667,-3.7440065288168127,352.0599677837197
IPL26-068,Manav Suthar,BOWLER,0.25,,50,58,23.0,0.0,25.0,58,55.666666666666664,-4.170858636775999,284.6991120802079
IPL26-069,Ishant Sharma,BOWLER,1.5,,50,78,37.0,0.0,150.0,78,55.666666666666664,3.079205454904057,203.68863818069653
IPL26-070,Arshad Khan,BOWLER,0.5,,52,64,26.0,357.1,50.0,64,55.666666666666664,10.0,701.6004434548738
IPL26-071,Jason Holder,ALL_ROUNDER,1.5,,61,79,41.0,0.0,150.0,79,85.0,1.4296177821033376,150.0
IPL26-072,Tom Banton,WICKET_KEEPER,1.0,,58,50,27.0,0.0,100.0,58,88.66666666666667,-6.7249812640105,429.57394624787725
IPL26-073,Ashok Sharma,BOWLER,0.25,,50,64,26.0,94.13,25.0,64,55.666666666666664,10.0,625.866105147457
IPL26-074,Luke Wood,BOWLER,1.0,,50,50,26.0,0.0,100.0,50,55.666666666666664,-3.246306128252426,257.98969002099733
IPL26-075,Prithvi Raj,BOWLER,0.25,,55,73,26.0,0.0,25.0,73,55.666666666666664,0.016865744727747156,768.9206429609383
IPL26-076,Sunil Narine,ALL_ROUNDER,2.0,,70,98,37.0,0.0,200.0,98,85.0,3.884886221417267,2141.535498372034
IPL26-077,Varun Chakravarthy,BOWLER,2.0,,50,85,34.0,0.0,200.0,85,55.666666666666664,2.080347664951252,1785.1029257305447
IPL26-078,Rinku Singh,BATSMAN,1.5,,74,50,37.0,0.0,150.0,74,70.66666666666667,3.495430577292998,150.0
IPL26-079,Harshit Rana,BOWLER,1.0,,51,73,24.0,541.9,100.0,73,55.666666666666664,8.853654606981312,1253.5816812826774
IPL26-080,Angkrish Raghuvanshi,BATSMAN,0.5,,73,50,22.0,0.0,50.0,73,70.66666666666667,1.7651957034714305,1090.8311917553049
IPL26-081,Ramandeep Singh,ALL_ROUNDER,1.5,,63,65,26.0,355.97,150.0,65,85.0,9.245724149980642,809.6893513551663
IPL26-082,Ajinkya Rahane,BATSMAN,2.0,,79,50,38.0,0.0,200.0,79,70.66666666666667,-0.9425733930382696,200.0
IPL26-083,Rovman Powell,BATSMAN,1.5,,67,50,32.0,0.0,150.0,67,70.66666666666667,-1.889662341398949,540.9085230565531
IPL26-084,Vaibhav Arora,BOWLER,1.5,,50,73,28.0,0.0,150.0,73,55.666666666666664,0.583884078257401,746.1641053012928
IPL26-085,Manish Pandey,BATSMAN,2.0,,73,50,26.0,0.0,200.0,73,70.66666666666667,1.9730110084800032,885.5083744096135
IPL26-086,Anukul Roy,BOWLER,0.5,,60,69,27.0,0.0,50.0,69,55.666666666666664,-0.5446372066319329,662.2565221504608
IPL26-087,Umran Malik,BOWLER,1.5,,50,65,26.0,0.0,150.0,65,55.666666666666664,-1.9177836518136542,472.61414795856166
IPL26-088,Cameron Green,ALL_ROUNDER,1.0,,75,66,26.0,0.0,100.0,75,85.0,-2.456826583302705,976.503935942032
IPL26-089,Matheesha Pathirana,BOWLER,1.5,,50,77,24.0,0.0,150.0,77,55.666666666666664,-1.0283260798729845,1238.631415925393
IPL26-090,Mustafizur Rahman,BOWLER,1.5,,50,77,30.0,258.07,150.0,77,55.666666666666664,10.0,1038.20178896018
IPL26-091,Tejasvi Singh,BATSMAN,0.25,,78,50,26.0,0.0,25.0,78,70.66666666666667,0.9974438296514037,1317.9324030991615
IPL26-092,Finn Allen,BATSMAN,1.0,,74,50,27.0,0.0,100.0,74,70.66666666666667,3.109880126991504,940.3050655601834
IPL26-093,Rachin Ravindra,BATSMAN,1.0,,68,50,26.0,0.0,100.0,68,70.66666666666667,-0.8428475008497692,593.3462493191645
IPL26-094,Tim Seifert,WICKET_KEEPER,1.0,,58,50,24.0,0.0,100.0,58,88.66666666666667,-1.6904977075759435,560.3548922046335
IPL26-095,Akash Deep,BOWLER,1.0,,50,58,26.0,74.49,100.0,58,55.666666666666664,10.0,623.5561166619377
IPL26-096,Rahul Tripathi,BATSMAN,2.0,,73,50,26.0,0.0,200.0,73,70.66666666666667,0.17321646306274155,1190.3882197142404
IPL26-097,Prashant Solanki,BOWLER,0.25,,50,75,26.0,0.0,25.0,75,55.666666666666664,-1.1646630557387063,960.6735931087346
IPL26-098,Kartik Tyagi,BOWLER,1.0,,51,71,25.0,267.17,100.0,71,55.666666666666664,9.82692817571613,1086.6829492450447
IPL26-099,Sarthak Ranjan,BATSMAN,0.25,,59,50,29.0,0.0,25.0,59,70.66666666666667,-2.4616297414017048,327.1279982069496
IPL26-100,Daksh Kamra,BATSMAN,0.25,,50,50,26.0,0.0,25.0,50,70.66666666666667,-3.020201953963263,245.64143123970373
IPL26-101,Rishabh Pant,WICKET_KEEPER,2.0,,82,50,28.0,0.0,200.0,82,88.66666666666667,-0.1117029608141975,1809.402577297545
IPL26-102,Nicholas Pooran,WICKET_KEEPER,2.0,,77,50,30.0,0.0,200.0,77,88.66666666666667,5.123792374852984,1512.1075970514166
IPL26-103,Mayank Yadav,BOWLER,1.0,,50,63,26.0,0.0,100.0,63,55.666666666666664,-8.486451556497816,444.05101120314805
IPL26-104,Mohammed Shami,BOWLER,2.0,,51,77,36.0,366.12,200.0,77,55.666666666666664,9.008607650543693,674.9112802095741
IPL26-105,Mohsin Khan,BOWLER,1.5,,51,75,38.0,341.0,150.0,75,55.666666666666664,7.846609886396285,150.0
IPL26-106,Ayush Badoni,BATSMAN,0.5,,70,50,26.0,0.0,50.0,70,70.66666666666667,0.0048432610609454585,855.8410229350916
IPL26-107,Avesh Khan,BOWLER,1.5,,51,73,29.0,614.92,150.0,73,55.666666666666664,8.676910206592503,1021.299701213972
IPL26-108,Abdul Samad,BATSMAN,1.5,,66,55,26.0,652.13,150.0,66,70.66666666666667,10.0,1046.665565056307
IPL26-109,Mitchell Marsh,ALL_ROUNDER,1.5,,75,76,34.0,0.0,150.0,76,85.0,1.3839112258189767,1096.2486058990241
IPL26-110,Aiden Markram,ALL_ROUNDER,1.5,,73,56,31.0,0.0,150.0,73,85.0,-1.6861650461094588,953.6323913121802
IPL26-111,Shahbaz Ahmed,ALL_ROUNDER,1.5,,62,63,26.0,458.64,150.0,63,85.0,10.0,953.4615224544834
IPL26-112,Matthew Breetzke,BATSMAN,1.0,,61,50,27.0,0.0,100.0,61,70.66666666666667,-1.6347129599374006,528.0156350637762
IPL26-113,Digvesh Rathi,BOWLER,0.5,,50,65,26.0,0.0,50.0,65,55.666666666666664,-6.299969212710408,345.83370760845287
IPL26-114,Himmat Singh,BATSMAN,0.5,,66,50,29.0,101.92,50.0,66,70.66666666666667,7.500594285126427,912.9367673449765
IPL26-115,Arshin Kulkarni,BATSMAN,0.25,,56,50,26.0,0.0,25.0,56,70.66666666666667,-1.9484012030842819,293.2855630053765
IPL26-116,Manimaran Siddharth,BOWLER,0.5,,50,68,27.0,0.0,50.0,68,55.666666666666664,-2.075347323740103,686.6962461444878
IPL26-117,Akash Singh,BOWLER,0.25,,50,67,39.0,96.39,25.0,67,55.666666666666664,8.354601253043109,25.0
IPL26-118,Arjun Tendulkar,BOWLER,0.5,,59,64,26.0,32.51,50.0,64,55.666666666666664,10.0,785.6445067620032
IPL26-119,Prince Yadav,BATSMAN,0.25,,52,55,24.0,347.54,25.0,55,70.66666666666667,10.0,519.9375639439501
IPL26-120,Josh Inglis,WICKET_KEEPER,1.0,,74,50,31.0,0.0,100.0,74,88.66666666666667,4.140060907993551,859.0668948480416
IPL26-121,Akshat Raghuwanshi,BATSMAN,0.25,,59,50,22.0,22.82,25.0,59,70.66666666666667,10.0,727.0498582636473
IPL26-122,Mukul Choudhary,BATSMAN,0.25,,71,50,21.0,0.0,25.0,71,70.66666666666667,-1.2417860948820088,649.2998514368304
IPL26-123,Wanindu Hasaranga,BOWLER,1.5,,57,76,28.0,0.0,150.0,76,55.666666666666664,-0.5635716470060675,968.6953442376697
IPL26-124,Anrich Nortje,BOWLER,1.5,,50,76,32.0,0.0,150.0,76,55.666666666666664,-0.04458549738230799,1179.9733299137122
IPL26-125,Naman Tiwari,BOWLER,0.25,,50,76,26.0,0.0,25.0,76,55.666666666666664,2.3119956593735242,1171.1039875647673
IPL26-126,Rohit Sharma,BATSMAN,2.0,,54,50,39.0,0.0,200.0,54,70.66666666666667,-3.438296676728755,200.0
IPL26-127,Jasprit Bumrah,BOWLER,2.0,,50,95,32.0,0.0,200.0,95,55.666666666666664,2.8778864645664,2315.3551883700998
IPL26-128,Suryakumar Yadav,BATSMAN,2.0,,84,50,35.0,0.0,200.0,84,70.66666666666667,2.072570277360036,1376.3014934605683
IPL26-129,Hardik Pandya,ALL_ROUNDER,2.0,,77,76,32.0,0.0,200.0,77,85.0,0.3134800218293068,1146.0329482291343
IPL26-130,Tilak Varma,BATSMAN,1.5,,76,50,23.0,1185.21,150.0,76,70.66666666666667,8.307043185804615,1238.1649033403248
IPL26-131,Trent Boult,BOWLER,2.0,,50,87,36.0,0.0,200.0,87,55.666666666666664,4.2389503542710285,1365.731791349622
IPL26-132,Deepak Chahar,BOWLER,2.0,,50,80,26.0,0.0,200.0,80,55.666666666666664,-1.3926972949056222,1478.9901461356958
IPL26-133,Naman Dhir,BATSMAN,0.5,,71,55,26.0,863.67,50.0,71,70.66666666666667,8.896410682784229,1100.1673414891516
IPL26-134,Will Jacks,ALL_ROUNDER,1.5,,70,67,27.0,0.0,150.0,70,85.0,-1.4754301420420581,982.391393941909
IPL26-135,Robin Minz,WICKET_KEEPER,0.5,,55,50,23.0,0.0,50.0,55,88.66666666666667,-3.3922140199197157,317.43550087800764
IPL26-136,Ryan Rickelton,WICKET_KEEPER,1.0,,73,50,29.0,0.0,100.0,73,88.66666666666667,-2.408713290261924,933.0410404742354
IPL26-137,Shardul Thakur,ALL_ROUNDER,2.0,,62,82,34.0,0.0,200.0,82,85.0,0.4217399505059751,1152.860623007606
IPL26-138,Sherfane Rutherford,BATSMAN,1.0,,67,50,27.0,0.0,100.0,67,70.66666666666667,-2.067517592210559,687.442339670934
IPL26-139,Mayank Markande,BOWLER,1.5,,50,72,28.0,0.0,150.0,72,55.666666666666664,0.3509981012731377,842.5530778176827
IPL26-140,Allah Ghazanfar,BOWLER,1.0,,50,70,26.0,0.0,100.0,70,55.666666666666664,-2.4516616602886034,826.2180160949591
IPL26-141,Corbin Bosch,ALL_ROUNDER,1.0,,69,73,31.0,0.0,100.0,73,85.0,-3.455374634097853,840.5424494724001
IPL26-142,Mitchell Santner,ALL_ROUNDER,1.5,,62,73,34.0,0.0,150.0,73,85.0,-0.6912385465061661,658.732093043063
IPL26-143,Ashwani Kumar,BOWLER,0.25,,50,73,26.0,180.0,25.0,73,55.666666666666664,9.031655545136365,847.6663364756804
IPL26-144,Raj Angad Bawa,BATSMAN,0.5,,62,71,23.0,0.0,50.0,71,70.66666666666667,-1.380053526907579,865.5969796510775
IPL26-145,Raghu Sharma,BOWLER,0.25,,50,59,26.0,37.39,25.0,59,55.666666666666664,8.665974505081795,566.4400476762546
IPL26-146,Quinton de Kock,WICKET_KEEPER,2.0,,79,50,33.0,0.0,200.0,79,88.66666666666667,-1.4059221823944514,1061.6435291736307
IPL26-147,Atharva Ankolekar,ALL_ROUNDER,1.0,,63,68,25.0,0.0,100.0,68,85.0,-1.4027894891894812,630.8473535399316
IPL26-148,Mohammad Izhar,BOWLER,0.25,,56,76,26.0,0.0,25.0,76,55.666666666666664,-0.5848920199025924,1051.555812751848
IPL26-149,Danish Malewar,BATSMAN,0.25,,52,50,26.0,0.0,25.0,52,70.66666666666667,-0.38715345961854025,261.281017035674
IPL26-150,Mayank Rawat,BATSMAN,0.25,,56,50,26.0,0.0,25.0,56,70.66666666666667,-3.470482173263003,346.83586542599386
IPL26-151,Shreyas Iyer,BATSMAN,2.0,,83,50,31.0,0.0,200.0,83,70.66666666666667,2.6675907358626763,1744.8622681858335
IPL26-152,Arshdeep Singh,BOWLER,2.0,,52,78,21.0,828.89,200.0,78,55.666666666666664,10.0,1205.177230731394
IPL26-153,Yuzvendra Chahal,BOWLER,2.0,,50,100,35.0,0.0,200.0,100,55.666666666666664,6.21524859844151,2315.3551883700998
IPL26-154,Marco Jansen,ALL_ROUNDER,1.0,,61,70,26.0,0.0,100.0,70,85.0,-4.712317927950175,926.0359122204331
IPL26-155,Prabhsimran Singh,WICKET_KEEPER,1.5,,74,50,25.0,0.0,150.0,74,88.66666666666667,-0.6824332920236867,1044.961917507676
IPL26-156,Harpreet Brar,ALL_ROUNDER,1.5,,62,72,30.0,492.23,150.0,72,85.0,10.0,1093.6716921497787
IPL26-157,Shashank Singh,BATSMAN,1.5,,73,52,26.0,1092.28,150.0,73,70.66666666666667,10.0,1313.1997197256417
IPL26-158,Azmatullah Omarzai,ALL_ROUNDER,1.0,,64,67,26.0,458.76,100.0,67,85.0,10.0,1107.007516644926
IPL26-159,Nehal Wadhera,BATSMAN,0.5,,68,50,25.0,0.0,50.0,68,70.66666666666667,-1.2389478889140646,786.9890240928376
IPL26-160,Xavier Bartlett,BOWLER,1.0,,50,55,27.0,0.0,100.0,55,55.666666666666664,0.2244925371638169,421.73850736479517
IPL26-161,Lockie Ferguson,BOWLER,1.5,,50,74,35.0,0.0,150.0,74,55.666666666666664,-1.2476228471131932,592.3640432170866
IPL26-162,Marcus Stoinis,ALL_ROUNDER,1.5,,75,71,36.0,0.0,150.0,75,85.0,-0.7995105871324686,411.39487255600466
IPL26-163,Mitch Owen,ALL_ROUNDER,1.0,,50,50,22.0,0.0,100.0,50,85.0,-3.319846796223547,416.7840252464775
IPL26-164,Musheer Khan,BOWLER,0.5,,50,61,26.0,9.79,50.0,61,55.666666666666664,8.756136764608716,618.2065570868444
IPL26-165,Priyansh Arya,BATSMAN,0.5,,74,50,25.0,912.18,50.0,74,70.66666666666667,9.307094802204093,1088.554453506264
IPL26-166,Vyshak Vijaykumar,BOWLER,1.5,,50,62,26.0,0.0,150.0,62,55.666666666666664,-5.655763340808262,514.8255505501022
IPL26-167,Yash Thakur,BOWLER,0.5,,50,67,26.0,223.54,50.0,67,55.666666666666664,10.0,650.637212202248
IPL26-168,Pyla Avinash,BATSMAN,0.25,,63,50,25.0,0.0,25.0,63,70.66666666666667,-0.4093040492619866,502.1724569245008
IPL26-169,Harnoor Pannu,BATSMAN,0.25,,64,50,26.0,0.0,25.0,64,70.66666666666667,0.5516081380472819,418.01169097401953
IPL26-170,Vishnu Vinod,WICKET_KEEPER,1.0,,62,50,32.0,15.19,100.0,62,88.66666666666667,9.326509375756132,745.7167449792857
IPL26-171,Suryansh Shedge,BATSMAN,0.25,,67,50,23.0,226.14,25.0,67,70.66666666666667,10.0,675.2362497534627
IPL26-172,Cooper Connolly,BATSMAN,1.0,,75,50,22.0,0.0,100.0,75,70.66666666666667,0.7467168408263365,920.0013279928355
IPL26-173,Ben Dwarshuis,BOWLER,1.0,,50,56,31.0,0.0,100.0,56,55.666666666666664,-3.4736257818160894,196.83623173776692
IPL26-174,Praveen Dubey,BOWLER,0.25,,50,59,32.0,0.0,25.0,59,55.666666666666664,-1.5820097971573146,310.234741086247
IPL26-175,Vishal Nishad,BOWLER,0.25,,50,51,26.0,0.0,25.0,51,55.666666666666664,-7.293881415357534,132.05044286449578
IPL26-176,Yashasvi Jaiswal,BATSMAN,1.5,,78,50,24.0,0.0,150.0,78,70.66666666666667,2.407491068532639,1320.7047224148353
IPL26-177,Ravindra Jadeja,ALL_ROUNDER,2.0,,76,91,37.0,0.0,200.0,91,85.0,7.994710349071456,1753.210966270188
IPL26-178,Riyan Parag,ALL_ROUNDER,2.0,,72,58,24.0,0.0,200.0,72,85.0,-2.7663603091390847,944.6321086559524
IPL26-179,Jofra Archer,BOWLER,1.5,,50,80,31.0,0.0,150.0,80,55.666666666666664,-0.26241615893896997,1152.3848939154293
IPL26-180,Dhruv Jurel,WICKET_KEEPER,1.0,,74,50,25.0,1059.22,100.0,74,88.66666666666667,10.0,1427.3068895963472
IPL26-181,Shimron Hetmyer,BATSMAN,2.0,,72,50,29.0,0.0,200.0,72,70.66666666666667,-0.5476992714532062,854.8945326132416
IPL26-182,Sam Curran,ALL_ROUNDER,2.0,,69,72,26.0,0.0,200.0,72,85.0,-0.6430721914374886,1200.0426295631728
IPL26-183,Sandeep Sharma,BOWLER,2.0,,51,77,26.0,459.67,200.0,77,55.666666666666664,10.0,1092.130394217352
IPL26-184,Vaibhav Suryavanshi,BATSMAN,0.5,,80,50,26.0,0.0,50.0,80,70.66666666666667,-2.658818647140099,1467.752685095014
IPL26-185,Tushar Deshpande,BOWLER,1.5,,50,72,26.0,0.0,150.0,72,55.666666666666664,-1.8326770299670232,706.9995076228118
IPL26-186,Shubham Dubey,BATSMAN,0.5,,72,50,32.0,0.0,50.0,72,70.66666666666667,-2.812889475803465,852.909311876279
IPL26-187,Yudhvir Charak,BOWLER,0.5,,50,66,26.0,0.0,50.0,66,55.666666666666664,1.7268941989246818,542.6214065140472
IPL26-188,Kwena Maphaka,BOWLER,0.5,,50,52,20.0,0.0,50.0,52,55.666666666666664,-7.242523036437337,258.94434931744036
IPL26-189,Lhuan-Dre Pretorius,BATSMAN,0.5,,57,50,20.0,0.0,50.0,57,70.66666666666667,1.1389856154791462,367.90007349529947
IPL26-190,Nandre Burger,BOWLER,1.0,,50,70,30.0,0.0,100.0,70,55.666666666666664,-0.8888057705960337,681.5519133132377
IPL26-191,Donovan Ferreira,WICKET_KEEPER,1.0,,69,50,27.0,0.0,100.0,69,88.66666666666667,-2.3977112741193456,958.1866011010231
IPL26-192,Ravi Bishnoi,BOWLER,2.0,,51,74,25.0,466.26,200.0,74,55.666666666666664,10.0,1210.0655696367846
IPL26-193,Adam Milne,BOWLER,1.0,,50,59,34.0,0.0,100.0,59,55.666666666666664,0.05543105786787739,163.19477805853904
IPL26-194,Ravi Singh,BATSMAN,0.25,,59,50,26.0,4.35,25.0,59,70.66666666666667,8.320872259012512,624.6577884032972
IPL26-195,Sushant Mishra,BOWLER,0.25,,51,75,25.0,0.0,25.0,75,55.666666666666664,-2.6653089929702722,840.8347643129539
IPL26-196,Kuldeep Sen,BOWLER,1.0,,50,70,29.0,0.0,100.0,70,55.666666666666664,-1.1267610447403849,755.1753392873877
IPL26-197,Brijesh Sharma,BOWLER,0.25,,50,67,26.0,210.22,25.0,67,55.666666666666664,8.985243269307134,772.5098107303821
IPL26-198,Aman Rao Perala,BATSMAN,0.25,,71,50,26.0,0.0,25.0,71,70.66666666666667,1.165007963498849,940.5312492316132
IPL26-199,Vignesh Puthur,BOWLER,0.25,,50,73,25.0,0.0,25.0,73,55.666666666666664,-4.838906735884711,602.7473172424135
IPL26-200,Virat Kohli,BATSMAN,2.0,,100,50,37.0,0.0,200.0,100,70.66666666666667,5.403351185323834,2106.0398122546458
IPL26-201,Rajat Patidar,BATSMAN,1.5,,75,50,33.0,0.0,150.0,75,70.66666666666667,-0.25020764256179473,1111.3995566962205
IPL26-202,Phil Salt,WICKET_KEEPER,1.0,,75,50,47.0,0.0,100.0,75,88.66666666666667,1.7974316553453684,100.0
IPL26-203,Josh Hazlewood,BOWLER,1.5,,50,79,35.0,0.0,150.0,79,55.666666666666664,-3.229797067959791,862.4420178419716
IPL26-204,Yash Dayal,BOWLER,1.5,,51,68,28.0,485.16,150.0,68,55.666666666666664,10.0,941.075703545587
IPL26-205,Krunal Pandya,ALL_ROUNDER,2.0,,71,82,35.0,0.0,200.0,82,85.0,-0.40738426455962806,1137.106713170814
IPL26-206,Bhuvneshwar Kumar,BOWLER,2.0,,50,98,36.0,0.0,200.0,98,55.666666666666664,3.6501474886623395,2056.3712622712537
IPL26-207,Tim David,BATSMAN,1.5,,74,50,26.0,0.0,150.0,74,70.66666666666667,0.7680259163139442,1022.2027161437501
IPL26-208,Romario Shepherd,ALL_ROUNDER,1.0,,68,62,31.0,0.0,100.0,68,85.0,0.32865469316504536,687.4745238080802
IPL26-209,Nuwan Thushara,BOWLER,1.0,,50,68,31.0,0.0,100.0,68,55.666666666666664,-1.916744599697254,632.0843118654353
IPL26-210,Swapnil Singh,BOWLER,1.0,,59,66,35.0,131.12,100.0,66,55.666666666666664,10.0,374.4873528970816
IPL26-211,Jacob Bethell,BATSMAN,1.0,,64,50,20.0,0.0,100.0,64,70.66666666666667,-3.1410304337909363,690.5744713824598
IPL26-212,Devdutt Padikkal,BATSMAN,1.5,,73,50,25.0,0.0,150.0,73,70.66666666666667,-0.6405044614364017,1174.3342638390127
IPL26-213,Suyash Sharma,BOWLER,0.5,,50,64,26.0,369.66,50.0,64,55.666666666666664,9.944230922342294,732.0942578229933
IPL26-214,Rasikh Dar,BOWLER,0.5,,50,71,26.0,0.0,50.0,71,55.666666666666664,0.34447185911908484,744.1426141830982
IPL26-215,Jitesh Sharma,WICKET_KEEPER,1.5,,56,50,32.0,0.0,150.0,56,88.66666666666667,-5.152697444640324,378.35760308377775
IPL26-216,Abhinandan Singh,BOWLER,0.25,,50,59,26.0,38.42,25.0,59,55.666666666666664,10.0,608.7522683634802
IPL26-217,Venkatesh Iyer,ALL_ROUNDER,1.5,,73,60,35.0,0.0,150.0,73,85.0,2.410875429210147,826.8657124615464
IPL26-218,Jordan Cox,WICKET_KEEPER,1.0,,80,50,34.0,0.0,100.0,80,88.66666666666667,2.117026665859653,1030.3217382842822
IPL26-219,Mangesh Yadav,BOWLER,0.25,,72,65,26.0,0.0,25.0,72,55.666666666666664,-4.396321491310277,818.1342514705639
IPL26-220,Vicky Kanhaiya Ostwal,BOWLER,0.5,,60,74,26.0,0.0,50.0,74,55.666666666666664,1.001881155918959,1010.9833184949132
IPL26-221,Kanishk Chouhan,BATSMAN,0.25,,50,50,26.0,0.0,25.0,50,70.66666666666667,-7.853270981919433,222.9397136802218
IPL26-222,Vihaan Malhotra,BATSMAN,0.25,,50,50,19.0,0.0,25.0,50,70.66666666666667,-4.1613607351048625,337.7484132413938
IPL26-223,Satvik Deswal,BOWLER,0.25,,50,77,26.0,0.0,25.0,77,55.666666666666664,3.9532843332252456,1108.0289912982355
IPL26-224,Yash Raj Punja,BOWLER,0.25,,50,68,26.0,128.95,25.0,68,55.666666666666664,10.0,756.5809921426765
IPL26-225,Pat Cummins,ALL_ROUNDER,2.0,,67,78,33.0,0.0,200.0,78,85.0,-0.4322265157962438,1388.7068717097206
IPL26-226,Heinrich Klaasen,WICKET_KEEPER,1.5,,80,50,26.0,0.0,150.0,80,88.66666666666667,1.8344394938160644,1715.394833810875
IPL26-227,Travis Head,BATSMAN,1.5,,75,50,32.0,0.0,150.0,75,70.66666666666667,0.5091534041781947,850.8200440553512
IPL26-228,Abhishek Sharma,ALL_ROUNDER,1.5,,79,59,26.0,1410.48,150.0,79,85.0,10.0,1256.2756859253332
IPL26-229,Nitish Kumar Reddy,ALL_ROUNDER,1.0,,70,62,23.0,0.0,100.0,70,85.0,0.7858372336288848,843.9281244220293
IPL26-230,Ishan Kishan,WICKET_KEEPER,2.0,,78,50,27.0,1062.44,200.0,78,88.66666666666667,10.0,1744.5471187275673
IPL26-231,Harshal Patel,BOWLER,2.0,,50,88,35.0,0.0,200.0,88,55.666666666666664,6.786903804702266,2057.514931380625
IPL26-232,Jaydev Unadkat,BOWLER,2.0,,50,81,33.0,0.0,200.0,81,55.666666666666664,0.9012728844842905,1101.3272262607447
IPL26-233,Zeeshan Ansari,BOWLER,0.5,,50,59,26.0,99.75,50.0,59,55.666666666666664,9.690883535797498,585.2541911464564
IPL26-234,Brydon Carse,BOWLER,1.0,,50,72,30.0,0.0,100.0,72,55.666666666666664,-1.9739314239326968,724.2926892465127
IPL26-235,Kamindu Mendis,BATSMAN,1.0,,65,68,27.0,0.0,100.0,68,70.66666666666667,-3.3314986956315904,795.9631690710132
IPL26-236,Harsh Dubey,BOWLER,0.5,,57,70,23.0,174.77,50.0,70,55.666666666666664,10.0,1014.6796466104985
IPL26-237,Aniket Verma,BATSMAN,0.25,,66,50,24.0,403.65,25.0,66,70.66666666666667,10.0,882.221617321637
IPL26-238,Eshan Malinga,BOWLER,0.25,,50,74,25.0,0.0,25.0,74,55.666666666666664,-2.617610030438826,807.5172932379305
IPL26-239,Smaran Ravichandaran,BATSMAN,0.25,,73,50,26.0,0.0,25.0,73,70.66666666666667,-1.8854363723859864,826.7402372009142
IPL26-240,Liam Livingstone,ALL_ROUNDER,1.5,,70,67,32.0,0.0,150.0,70,85.0,-2.1539014234700087,772.6016389969054
IPL26-241,Salil Arora,WICKET_KEEPER,0.25,,68,50,23.0,31.36,25.0,68,88.66666666666667,10.0,765.6343305889767
IPL26-242,Jack Edwards,ALL_ROUNDER,1.0,,62,77,26.0,0.0,100.0,77,85.0,-0.14998500751383548,1396.8204747283057
IPL26-243,Shivam Mavi,BOWLER,1.5,,50,64,27.0,0.0,150.0,64,55.666666666666664,-2.6985240948804354,647.6490789951171
IPL26-244,Amit Kumar,BOWLER,0.25,,50,56,26.0,0.0,25.0,56,55.666666666666664,-3.3854176117132213,286.5038099209763
IPL26-245,Onkar Tarmale,ALL_ROUNDER,0.25,,51,56,26.0,0.0,25.0,56,85.0,1.6000676717474245,496.71281121417286
IPL26-246,Sakib Hussain,BOWLER,0.25,,50,71,21.0,221.1,25.0,71,55.666666666666664,9.993929088460106,953.6139067592635
IPL26-247,Praful Hinge,BOWLER,0.25,,50,70,26.0,0.0,25.0,70,55.666666666666664,-0.6908228920242703,714.0831831726258
IPL26-248,Shivang Kumar,BOWLER,0.25,,58,63,26.0,185.9,25.0,63,55.666666666666664,10.0,740.3025852263119
IPL26-249,Krains Fuletra,BOWLER,0.25,,50,55,26.0,0.0,25.0,55,55.666666666666664,1.341448679988095,368.1580570464694
IPL26-250,Jake Fraser-McGurk,BATSMAN,1.0,,71,50,23.0,0.0,100.0,71,70.66666666666667,1.3704111785177808,778.3086099880107
IPL26-251,Devon Conway,WICKET_KEEPER,1.5,,76,50,26.0,0.0,150.0,76,88.66666666666667,-1.8045896570212165,1156.5499502436476
IPL26-252,Gus Atkinson,BOWLER,1.0,,50,80,28.0,0.0,100.0,80,55.666666666666664,-0.8743926820503216,1053.5919013609853
IPL26-253,Jamie Smith,WICKET_KEEPER,1.0,,71,50,37.0,0.0,100.0,71,88.66666666666667,0.48664263668238417,100.0
IPL26-254,Deepak Hooda,ALL_ROUNDER,2.0,,66,60,31.0,0.0,200.0,66,85.0,-2.9150160242947507,761.3653524436569
IPL26-255,Wiaan Mulder,BOWLER,1.0,,57,50,28.0,0.0,100.0,57,55.666666666666664,-1.1799566622792934,313.68617653302215
IPL26-256,Rahmanullah Gurbaz,WICKET_KEEPER,1.0,,67,50,24.0,183.09,100.0,67,88.66666666666667,9.825040243304592,1019.8406404162257
IPL26-257,Jonny Bairstow,WICKET_KEEPER,1.5,,75,50,36.0,0.0,150.0,75,88.66666666666667,0.19073008965424498,539.6233693837305
IPL26-258,K.S. Bharat,WICKET_KEEPER,1.5,,67,50,26.0,0.0,150.0,67,88.66666666666667,-1.209147981743342,738.6173702185257
IPL26-259,Gerald Coetzee,BOWLER,1.0,,50,67,25.0,0.0,100.0,67,55.666666666666664,-4.192055417927847,482.3408999308623
IPL26-260,Spencer Johnson,BOWLER,1.0,,50,57,38.0,0.0,100.0,57,55.666666666666664,-6.601513292002601,100.0
IPL26-261,Fazalhaq Farooqi,BOWLER,1.0,,50,63,25.0,34.22,100.0,63,55.666666666666664,9.990881003355797,703.6203872650548
IPL26-262,Maheesh Theekshana,BOWLER,1.0,,50,71,25.0,0.0,100.0,71,55.666666666666664,-0.6071343383024641,834.4232387082302
IPL26-263,Mujeeb Ur Rahman,BOWLER,2.0,,50,67,25.0,8.29,200.0,67,55.666666666666664,10.0,916.7157489701063
IPL26-264,Aarya Desai,BATSMAN,0.25,,55,50,23.0,0.0,25.0,55,70.66666666666667,-2.312229370098199,373.71480850102375
IPL26-265,Yash Dhull,BATSMAN,0.5,,55,50,23.0,0.0,50.0,55,70.66666666666667,-2.754046212539305,333.7161195128142
IPL26-266,Abhinav Manohar,BATSMAN,0.5,,62,50,31.0,0.0,50.0,62,70.66666666666667,-3.701270008406663,377.1892899640667
IPL26-267,Anmolpreet Singh,BATSMAN,1.0,,63,50,28.0,4.93,100.0,63,70.66666666666667,10.0,872.05439659601
IPL26-268,Atharva Taide,BATSMAN,0.5,,69,50,26.0,59.39,50.0,69,70.66666666666667,10.0,869.8743188032987
IPL26-269,Mahipal Lomror,BATSMAN,1.5,,65,50,26.0,0.0,150.0,65,70.66666666666667,-2.9654743806477954,551.6604513403436
IPL26-270,Vijay Shankar,ALL_ROUNDER,2.0,,68,66,35.0,0.0,200.0,68,85.0,-1.694478903617699,435.1237475803346
IPL26-271,Tanush Kotian,BATSMAN,0.5,,61,55,27.0,18.32,50.0,61,70.66666666666667,9.694775295645332,734.6391508260017
IPL26-272,Kamlesh Nagarkoti,BOWLER,1.5,,50,57,26.0,0.0,150.0,57,55.666666666666664,-5.977227074561549,355.30730858019814
IPL26-273,Ruchit Ahir,BATSMAN,0.25,,74,50,26.0,0.0,25.0,74,70.66666666666667,-0.0795210910943902,990.9798502889614
IPL26-274,Sanvir Singh,BATSMAN,0.5,,60,53,29.0,20.67,50.0,60,70.66666666666667,10.0,559.2306937167997
IPL26-275,Vansh Bedi,WICKET_KEEPER,0.25,,50,50,23.0,0.0,25.0,50,88.66666666666667,-4.353889808751269,267.7643569974169
IPL26-276,Raj Limbani,BOWLER,0.25,,50,75,26.0,0.0,25.0,75,55.666666666666664,-2.3564393737203373,692.7321299528088
IPL26-277,Simarjeet Singh,BOWLER,1.0,,50,65,28.0,87.74,100.0,65,55.666666666666664,10.0,708.2859230397534
IPL26-278,Akash Madhwal,BOWLER,1.0,,50,68,32.0,143.34,100.0,68,55.666666666666664,10.0,824.6835864687231
IPL26-279,Karn Sharma,BOWLER,2.0,,50,80,38.0,0.0,200.0,80,55.666666666666664,-0.2598918456573047,200.0
IPL26-280,Sean Abbott,BOWLER,1.0,,50,54,34.0,0.0,100.0,54,55.666666666666664,-4.017766341082286,100.0
IPL26-281,Michael Bracewell,ALL_ROUNDER,1.0,,67,74,35.0,0.0,100.0,74,85.0,1.8220149306289386,867.0688072198666
IPL26-282,Daryl Mitchell,BATSMAN,1.0,,67,53,26.0,0.0,100.0,67,70.66666666666667,-0.7020906387713017,660.7572547951166
IPL26-283,Dasun Shanaka,BATSMAN,1.5,,62,55,34.0,0.0,150.0,62,70.66666666666667,-4.7554100059179785,258.2573201073064
IPL26-284,Chetan Sakariya,BOWLER,1.5,,50,70,27.0,0.0,150.0,70,55.666666666666664,-1.3448992474865484,819.0006760705479
IPL26-285,Waqar Salamkheil,BOWLER,1.0,,50,72,29.0,0.0,100.0,72,55.666666666666664,1.6488323861146363,787.4288135124075
IPL26-286,Taskin Ahmed,BOWLER,1.0,,50,80,31.0,0.0,100.0,80,55.666666666666664,1.8141290308942097,1315.372440903004
IPL26-287,Alzarri Joseph,BOWLER,1.5,,50,68,29.0,0.0,150.0,68,55.666666666666664,1.120821509462048,792.2511236879354
IPL26-288,Riley Meredith,BOWLER,1.0,,50,69,29.0,0.0,100.0,69,55.666666666666664,6.654130438511554,955.6183251296121
IPL26-289,Jhye Richardson,BOWLER,1.5,,50,58,29.0,0.0,150.0,58,55.666666666666664,-2.5953049497317053,342.0977070998362
IPL26-290,Daniel Lawrence,BATSMAN,1.0,,79,50,26.0,0.0,100.0,79,70.66666666666667,2.457728616820258,1540.0005707927155
IPL26-291,Murugan Ashwin,BOWLER,1.5,,50,72,35.0,0.0,150.0,72,55.666666666666664,1.005533840498276,562.6914615493931
IPL26-292,William Sutherland,ALL_ROUNDER,1.0,,66,71,26.0,0.0,100.0,71,85.0,0.1146056840703672,826.8636102413793
IPL26-293,Kartikeya Singh,BOWLER,0.5,,56,79,26.0,0.0,50.0,79,55.666666666666664,0.3398777330947965,1134.111018001258
IPL26-294,Shivam Shukla,BOWLER,0.25,,50,63,26.0,0.0,25.0,63,55.666666666666664,-0.7214875779636005,508.8983975477707
IPL26-295,Wahidullah Zadran,BOWLER,1.0,,50,62,26.0,0.0,100.0,62,55.666666666666664,-4.142604408921729,409.98813448342975
IPL26-296,KC Cariappa,BOWLER,0.5,,50,59,32.0,0.0,50.0,59,55.666666666666664,-3.236699043733668,237.69520944877698
IPL26-297,Sediqullah Atal,BATSMAN,1.0,,65,50,24.0,14.99,100.0,65,70.66666666666667,10.0,859.3544429711999
IPL26-298,Nathan Smith,BOWLER,1.0,,51,53,26.0,0.0,100.0,53,55.666666666666664,-4.421172960216883,220.44539805155517
IPL26-299,Manan Vohra,BATSMAN,1.5,,67,50,32.0,0.0,150.0,67,70.66666666666667,-2.921149689677258,546.5235894267403
IPL26-300,Jacob Duffy,BOWLER,1.0,,50,67,25.0,0.0,100.0,67,55.666666666666664,0.4753959984450624,585.5697957610336
IPL26-001,MS Dhoni,WICKET_KEEPER,2.0,,76,50,44.0,492.22,200.0,76,88.66666666666667,10.0,207.8359647267521
IPL26-002,Ruturaj Gaikwad,BATSMAN,2.0,,79,50,29.0,0.0,200.0,79,70.66666666666667,1.6649208251666596,1593.7393715790276
IPL26-003,Sanju Samson,WICKET_KEEPER,2.0,,85,50,31.0,0.0,200.0,85,88.66666666666667,2.712840835939762,1664.1444240949766
IPL26-004,Shivam Dube,ALL_ROUNDER,2.0,,75,60,32.0,0.0,200.0,75,85.0,0.7882691820687766,1055.9146653417326
IPL26-005,Ayush Mhatre,BATSMAN,0.25,,73,50,18.0,0.0,25.0,73,70.66666666666667,1.4750178586401963,1243.865337765959
IPL26-006,Dewald Brevis,BATSMAN,1.0,,68,50,23.0,0.0,100.0,68,70.66666666666667,-0.6604974409856696,747.2470855744613
IPL26-007,Urvil Patel,WICKET_KEEPER,0.25,,69,50,27.0,268.05,25.0,69,88.66666666666667,9.683349970738773,913.3034073464346
IPL26-008,Noor Ahmad,BOWLER,1.5,,51,76,21.0,701.28,150.0,76,55.666666666666664,10.0,1459.168662664592
IPL26-009,Nathan Ellis,BOWLER,1.0,,50,71,26.0,0.0,100.0,71,55.666666666666664,-0.5060755131061498,945.2627041507529
IPL26-010,Shreyas Gopal,BOWLER,2.0,,50,76,32.0,0.0,200.0,76,55.666666666666664,3.3285351571124835,1117.1836485283898
IPL26-011,Khaleel Ahmed,BOWLER,2.0,,50,80,26.0,0.0,200.0,80,55.666666666666664,2.3605557532710697,1645.518795767346
IPL26-012,Ramakrishna Ghosh,BOWLER,0.25,,61,55,28.0,0.0,25.0,61,55.666666666666664,-4.130513578199709,305.54566862231474
IPL26-013,Mukesh Choudhary,BOWLER,1.5,,50,68,30.0,140.19,150.0,68,55.666666666666664,9.98480687123001,801.2607123758688
IPL26-014,Jamie Overton,ALL_ROUNDER,1.0,,69,71,32.0,0.0,100.0,71,85.0,1.1482203133425601,972.2763348773052
IPL26-015,Gurjapneet Singh,BOWLER,0.5,,50,58,27.0,99.53,50.0,58,55.666666666666664,9.20355981894042,623.3569509253812
IPL26-016,Anshul Kamboj,ALL_ROUNDER,0.5,,66,72,31.0,0.0,50.0,72,85.0,-1.4179897554158043,986.4449871721447
IPL26-017,Prashant Veer,BATSMAN,0.25,,73,50,20.0,0.0,25.0,73,70.66666666666667,-2.4500909353393214,1083.9964759584343
IPL26-018,Kartik Sharma,WICKET_KEEPER,0.25,,70,50,26.0,292.84,25.0,70,88.66666666666667,9.005893766957808,1330.018800437469
IPL26-019,Rahul Chahar,BOWLER,2.0,,50,78,26.0,0.0,200.0,78,55.666666666666664,1.0529855459764441,1410.6932299690523
IPL26-020,Akeal Hosein,BOWLER,1.0,,58,71,33.0,0.0,100.0,71,55.666666666666664,-6.586718497609428,573.3624538228319
IPL26-021,Matt Henry,BOWLER,1.0,,50,54,47.0,0.0,100.0,54,55.666666666666664,-5.589277048410014,103.91798236337605
IPL26-022,Matthew Short,BATSMAN,1.0,,64,50,26.0,0.0,100.0,64,70.66666666666667,-4.517635013392182,550.7124903535845
IPL26-023,Sarfaraz Khan,BATSMAN,1.0,,67,50,26.0,0.0,100.0,67,70.66666666666667,-3.6657507533254012,686.2384266861507
IPL26-024,Zak Foulkes,BOWLER,1.0,,50,81,24.0,0.0,100.0,81,55.666666666666664,2.9967123870074124,1265.5716649759177
IPL26-025,Aman Khan,BOWLER,0.25,,55,64,26.0,0.0,25.0,64,55.666666666666664,-4.87895348979292,359.56849453505987
IPL26-026,KL Rahul,WICKET_KEEPER,2.0,,87,50,34.0,1380.75,200.0,87,88.66666666666667,7.6973030104552835,2500.0
IPL26-027,Axar Patel,ALL_ROUNDER,2.0,,71,86,32.0,0.0,200.0,86,85.0,-1.0695531627952544,2329.7896467449355
IPL26-028,Kuldeep Yadav,BOWLER,2.0,,52,77,26.0,718.52,200.0,77,55.666666666666664,9.12517961992388,1641.8822157594573
IPL26-029,T. Natarajan,BOWLER,2.0,,50,75,26.0,0.0,200.0,75,55.666666666666664,0.6549240292511058,1209.1755881813021
IPL26-030,Mitchell Starc,BOWLER,1.5,,50,80,36.0,0.0,150.0,80,55.666666666666664,0.8333372915991277,640.9997070085818
IPL26-031,Tristan Stubbs,WICKET_KEEPER,1.5,,77,50,25.0,0.0,150.0,77,88.66666666666667,0.7421502716087992,1231.907877910194
IPL26-032,Mukesh Kumar,BOWLER,1.5,,51,67,26.0,521.18,150.0,67,55.666666666666664,10.0,871.6669446073766
IPL26-033,Nitish Rana,BATSMAN,2.0,,76,50,32.0,0.0,200.0,76,70.66666666666667,-3.7703187379473007,1229.482665277665
IPL26-034,Abishek Porel,WICKET_KEEPER,1.0,,70,50,23.0,743.92,100.0,70,88.66666666666667,8.400863513552988,1311.4228976850843
IPL26-035,Ashutosh Sharma,BATSMAN,0.5,,72,50,26.0,869.41,50.0,72,70.66666666666667,9.593276916953416,1228.318350423173
IPL26-036,Sameer Rizvi,BATSMAN,0.5,,71,50,22.0,503.63,50.0,71,70.66666666666667,9.911657340990905,1030.9390416737083
IPL26-037,Karun Nair,BATSMAN,1.5,,69,50,34.0,0.0,150.0,69,70.66666666666667,-1.3674158460638692,701.5632086531681
IPL26-038,Dushmantha Chameera,BOWLER,1.0,,50,61,34.0,0.0,100.0,61,55.666666666666664,-1.167586815575109,217.0362368549328
IPL26-039,Vipraj Nigam,ALL_ROUNDER,0.5,,68,66,21.0,0.0,50.0,68,85.0,-2.4875080209372586,810.6593182249393
IPL26-040,Ajay Mandal,ALL_ROUNDER,0.25,,60,69,26.0,0.0,25.0,69,85.0,-0.1720602964159894,876.6268923218852
IPL26-041,Madhav Tiwari,BOWLER,0.25,,50,70,22.0,0.0,25.0,70,55.666666666666664,-1.401778126333462,710.7609272110375
IPL26-042,Tripurana Vijay,BOWLER,0.25,,50,50,24.0,0.0,25.0,50,55.666666666666664,-6.223880934355738,153.07153112654342
IPL26-043,Auqib Nabi Dar,ALL_ROUNDER,0.25,,60,76,26.0,0.0,25.0,76,85.0,-0.8350180319835474,1119.0623057137489
IPL26-044,Pathum Nissanka,BATSMAN,1.0,,69,50,28.0,0.0,100.0,69,70.66666666666667,1.3132662297300697,1005.418451705331
IPL26-045,David Miller,BATSMAN,2.0,,80,50,26.0,0.0,200.0,80,70.66666666666667,1.0356909474110054,1294.130719228747
IPL26-046,Ben Duckett,BATSMAN,1.0,,84,50,31.0,0.0,100.0,84,70.66666666666667,-0.22677516051378815,1468.4876605489192
IPL26-047,Lungi Ngidi,BOWLER,1.5,,50,77,30.0,0.0,150.0,77,55.666666666666664,3.767218429891348,1042.6964937708262
IPL26-048,Kyle Jamieson,ALL_ROUNDER,1.5,,62,68,26.0,0.0,150.0,68,85.0,-4.070670161432291,699.5727316583594
IPL26-049,Prithvi Shaw,BATSMAN,2.0,,72,50,26.0,0.0,200.0,72,70.66666666666667,-0.09222997233720291,1254.8054372968818
IPL26-050,Sahil Parakh,BATSMAN,0.25,,61,50,26.0,0.0,25.0,61,70.66666666666667,-6.482378832047508,405.0101679517512
IPL26-051,Shubman Gill,BATSMAN,2.0,,84,50,26.0,1502.36,200.0,84,70.66666666666667,9.545179684111547,2078.2998574564135
IPL26-052,Rashid Khan,ALL_ROUNDER,2.0,,63,83,26.0,1036.91,200.0,83,85.0,9.197507266788353,1750.6743423986813
IPL26-053,Jos Buttler,WICKET_KEEPER,2.0,,86,50,35.0,0.0,200.0,86,88.66666666666667,0.8424392270501913,1756.7558750915425
IPL26-054,Kagiso Rabada,BOWLER,2.0,,50,89,31.0,0.0,200.0,89,55.666666666666664,2.2128050287779493,2263.625183257615
IPL26-055,Mohammed Siraj,BOWLER,2.0,,52,79,32.0,835.35,200.0,79,55.666666666666664,8.672081928312727,1383.4759975923544
IPL26-056,Sai Sudharsan,BATSMAN,1.5,,83,50,24.0,1572.25,150.0,83,70.66666666666667,10.0,1915.2482234206452
IPL26-057,Prasidh Krishna,BOWLER,2.0,,51,77,30.0,571.61,200.0,77,55.666666666666664,10.0,1430.8098316267055
IPL26-058,Washington Sundar,ALL_ROUNDER,2.0,,69,64,26.0,670.48,200.0,69,85.0,9.548590342399361,1295.5193701691128
IPL26-059,Rahul Tewatia,ALL_ROUNDER,2.0,,70,71,33.0,0.0,200.0,71,85.0,0.2408796723409412,1020.7051235864141
IPL26-060,Shahrukh Khan,BATSMAN,1.5,,66,51,26.0,378.48,150.0,66,70.66666666666667,10.0,819.5945047852258
IPL26-061,R. Sai Kishore,BOWLER,1.5,,50,75,26.0,0.0,150.0,75,55.666666666666664,-0.3651161143632422,1091.484155702843
IPL26-062,Glenn Phillips,BATSMAN,1.5,,61,50,26.0,0.0,150.0,61,70.66666666666667,-3.8130090853884497,610.3027218569064
IPL26-063,Jayant Yadav,BOWLER,2.0,,63,61,36.0,0.0,200.0,63,55.666666666666664,-2.122614803192212,207.8359647267521
IPL26-064,Anuj Rawat,WICKET_KEEPER,0.5,,66,50,26.0,109.12,50.0,66,88.66666666666667,10.0,1122.0931127585886
IPL26-065,Kumar Kushagra,WICKET_KEEPER,0.5,,56,50,21.0,18.97,50.0,56,88.66666666666667,10.0,820.8983617526709
IPL26-066,Gurnoor Singh Brar,BOWLER,0.5,,56,65,26.0,0.0,50.0,65,55.666666666666664,-6.20963299310035,417.38581002017656
IPL26-067,Nishant Sindhu,BATSMAN,0.5,,61,50,22.0,0.0,50.0,61,70.66666666666667,-4.7421509037000344,395.02968817447055
IPL26-068,Manav Suthar,BOWLER,0.25,,50,58,23.0,0.0,25.0,58,55.666666666666664,-4.040097979650122,319.44728671248225
IPL26-069,Ishant Sharma,BOWLER,1.5,,50,78,37.0,0.0,150.0,78,55.666666666666664,1.7886236026634652,228.54930008581331
IPL26-070,Arshad Khan,BOWLER,0.5,,52,64,26.0,357.1,50.0,64,55.666666666666664,10.0,787.2323744894277
IPL26-071,Jason Holder,ALL_ROUNDER,1.5,,61,79,41.0,0.0,150.0,79,85.0,2.7118636663632545,155.8769735450641
IPL26-072,Tom Banton,WICKET_KEEPER,1.0,,58,50,27.0,0.0,100.0,58,88.66666666666667,-7.509438282952815,482.0044241395369
IPL26-073,Ashok Sharma,BOWLER,0.25,,50,64,26.0,94.13,25.0,64,55.666666666666664,10.0,702.2544878128665
IPL26-074,Luke Wood,BOWLER,1.0,,50,50,26.0,0.0,100.0,50,55.666666666666664,-2.8962133711292934,289.4779188977012
IPL26-075,Prithvi Raj,BOWLER,0.25,,55,73,26.0,0.0,25.0,73,55.666666666666664,0.6291070141863664,862.7691575725328
IPL26-076,Sunil Narine,ALL_ROUNDER,2.0,,70,98,37.0,0.0,200.0,98,85.0,3.991957250448486,2402.914780291542
IPL26-077,Varun Chakravarthy,BOWLER,2.0,,50,85,34.0,0.0,200.0,85,55.666666666666664,3.8167817508753448,2002.9788008839366
IPL26-078,Rinku Singh,BATSMAN,1.5,,74,50,37.0,0.0,150.0,74,70.66666666666667,1.0082625103069902,155.8769735450641
IPL26-079,Harshit Rana,BOWLER,1.0,,51,73,24.0,541.9,100.0,73,55.666666666666664,10.0,1406.5841787571292
IPL26-080,Angkrish Raghuvanshi,BATSMAN,0.5,,73,50,22.0,0.0,50.0,73,70.66666666666667,2.0193810790073954,1223.969621546988
IPL26-081,Ramandeep Singh,ALL_ROUNDER,1.5,,63,65,26.0,355.97,150.0,65,85.0,9.789629841438954,908.5137796198242
IPL26-082,Ajinkya Rahane,BATSMAN,2.0,,79,50,38.0,0.0,200.0,79,70.66666666666667,-1.4732113010009393,207.8359647267521
IPL26-083,Rovman Powell,BATSMAN,1.5,,67,50,32.0,0.0,150.0,67,70.66666666666667,-3.499722425179284,606.9276394560432
IPL26-084,Vaibhav Arora,BOWLER,1.5,,50,73,28.0,0.0,150.0,73,55.666666666666664,-1.4752028922441642,837.2351326954333
IPL26-085,Manish Pandey,BATSMAN,2.0,,73,50,26.0,0.0,200.0,73,70.66666666666667,-0.39679325907644447,993.5866870095415
IPL26-086,Anukul Roy,BOWLER,0.5,,60,69,27.0,0.0,50.0,69,55.666666666666664,-1.5789059028233186,743.0864380392175
IPL26-087,Umran Malik,BOWLER,1.5,,50,65,26.0,0.0,150.0,65,55.666666666666664,-2.223618628100857,530.297780432698
IPL26-088,Cameron Green,ALL_ROUNDER,1.0,,75,66,26.0,0.0,100.0,75,85.0,-2.696481079553153,1095.688463941745
IPL26-089,Matheesha Pathirana,BOWLER,1.5,,50,77,24.0,0.0,150.0,77,55.666666666666664,-2.3238695458859806,1389.809199484729
IPL26-090,Mustafizur Rahman,BOWLER,1.5,,50,77,30.0,258.07,150.0,77,55.666666666666664,10.0,1164.916680351076
IPL26-091,Tejasvi Singh,BATSMAN,0.25,,78,50,26.0,0.0,25.0,78,70.66666666666667,2.0604885737798018,1478.7890526398203
IPL26-092,Finn Allen,BATSMAN,1.0,,74,50,27.0,0.0,100.0,74,70.66666666666667,1.1719268771378175,1055.0714390376402
IPL26-093,Rachin Ravindra,BATSMAN,1.0,,68,50,26.0,0.0,100.0,68,70.66666666666667,-0.6310200228863679,665.7655095623744
IPL26-094,Tim Seifert,WICKET_KEEPER,1.0,,58,50,24.0,0.0,100.0,58,88.66666666666667,-1.0888080335461423,628.7474822204755
IPL26-095,Akash Deep,BOWLER,1.0,,50,58,26.0,74.49,100.0,58,55.666666666666664,10.0,699.6625599749311
IPL26-096,Rahul Tripathi,BATSMAN,2.0,,73,50,26.0,0.0,200.0,73,70.66666666666667,1.1608347534536407,1335.677811369796
IPL26-097,Prashant Solanki,BOWLER,0.25,,50,75,26.0,0.0,25.0,75,55.666666666666664,-2.103884865269923,1077.9259917342429
IPL26-098,Kartik Tyagi,BOWLER,1.0,,51,71,25.0,267.17,100.0,71,55.666666666666664,10.0,1219.315076596547
IPL26-099,Sarthak Ranjan,BATSMAN,0.25,,59,50,29.0,0.0,25.0,59,70.66666666666667,-2.61725164092541,367.05471496326663
IPL26-100,Daksh Kamra,BATSMAN,0.25,,50,50,26.0,0.0,25.0,50,70.66666666666667,-1.0353279867371867,275.622527026312
IPL26-101,Rishabh Pant,WICKET_KEEPER,2.0,,82,50,28.0,0.0,200.0,82,88.66666666666667,2.0627969552677516,2030.2442802330609
IPL26-102,Nicholas Pooran,WICKET_KEEPER,2.0,,77,50,30.0,0.0,200.0,77,88.66666666666667,2.4904854836254566,1696.6637709755857
IPL26-103,Mayank Yadav,BOWLER,1.0,,50,63,26.0,0.0,100.0,63,55.666666666666664,-7.136589803265352,498.2484478238072
IPL26-104,Mohammed Shami,BOWLER,2.0,,51,77,36.0,366.12,200.0,77,55.666666666666664,10.0,757.2857381229064
IPL26-105,Mohsin Khan,BOWLER,1.5,,51,75,38.0,341.0,150.0,75,55.666666666666664,10.0,155.8769735450641
IPL26-106,Ayush Badoni,BATSMAN,0.5,,70,50,26.0,0.0,50.0,70,70.66666666666667,0.5494332587150665,960.2983677617751
IPL26-107,Avesh Khan,BOWLER,1.5,,51,73,29.0,614.92,150.0,73,55.666666666666664,9.914106750282208,1145.9516543246466
IPL26-108,Abdul Samad,BATSMAN,1.5,,66,55,26.0,652.13,150.0,66,70.66666666666667,10.0,1174.4134795841132
IPL26-109,Mitchell Marsh,ALL_ROUNDER,1.5,,75,76,34.0,0.0,150.0,76,85.0,0.9520046502678524,1230.04824341751
IPL26-110,Aiden Markram,ALL_ROUNDER,1.5,,73,56,31.0,0.0,150.0,73,85.0,-0.9675358506660702,1070.0253952319586
IPL26-111,Shahbaz Ahmed,ALL_ROUNDER,1.5,,62,63,26.0,458.64,150.0,63,85.0,8.508063853528625,1069.8336714412658
IPL26-112,Matthew Breetzke,BATSMAN,1.0,,61,50,27.0,0.0,100.0,61,70.66666666666667,-2.1220350328453765,592.4611451382802
IPL26-113,Digvesh Rathi,BOWLER,0.5,,50,65,26.0,0.0,50.0,65,55.666666666666664,-5.251524210024006,388.04349877323835
IPL26-114,Himmat Singh,BATSMAN,0.5,,66,50,29.0,101.92,50.0,66,70.66666666666667,10.0,1024.362777732357
IPL26-115,Arshin Kulkarni,BATSMAN,0.25,,56,50,26.0,0.0,25.0,56,70.66666666666667,-3.1639107125699857,329.0817335166656
IPL26-116,Manimaran Siddharth,BOWLER,0.5,,50,68,27.0,0.0,50.0,68,55.666666666666664,-2.5849512448919745,770.5090859739056
IPL26-117,Akash Singh,BOWLER,0.25,,50,67,39.0,96.39,25.0,67,55.666666666666664,10.0,25.979495590844014
IPL26-118,Arjun Tendulkar,BOWLER,0.5,,59,64,26.0,32.51,50.0,64,55.666666666666664,10.0,881.5342070156593
IPL26-119,Prince Yadav,BATSMAN,0.25,,52,55,24.0,347.54,25.0,55,70.66666666666667,10.0,583.3971270518032
IPL26-120,Josh Inglis,WICKET_KEEPER,1.0,,74,50,31.0,0.0,100.0,74,88.66666666666667,3.084440249856241,963.9179646840992
IPL26-121,Akshat Raghuwanshi,BATSMAN,0.25,,59,50,22.0,22.82,25.0,59,70.66666666666667,10.0,815.7879483009567
IPL26-122,Mukul Choudhary,BATSMAN,0.25,,71,50,21.0,0.0,25.0,71,70.66666666666667,-2.458918631538098,728.5483761743451
IPL26-123,Wanindu Hasaranga,BOWLER,1.5,,57,76,28.0,0.0,150.0,76,55.666666666666664,-0.9388972091589194,1086.9268158467507
IPL26-124,Anrich Nortje,BOWLER,1.5,,50,76,32.0,0.0,150.0,76,55.666666666666664,-1.0539821261609836,1323.9917605638104
IPL26-125,Naman Tiwari,BOWLER,0.25,,50,76,26.0,0.0,25.0,76,55.666666666666664,2.0111807495936738,1314.0398947936906
IPL26-126,Rohit Sharma,BATSMAN,2.0,,54,50,39.0,0.0,200.0,54,70.66666666666667,-2.714043264985525,207.8359647267521
IPL26-127,Jasprit Bumrah,BOWLER,2.0,,50,95,32.0,0.0,200.0,95,55.666666666666664,2.013766489973741,2500.0
IPL26-128,Suryakumar Yadav,BATSMAN,2.0,,84,50,35.0,0.0,200.0,84,70.66666666666667,4.114517340028651,1544.2822233335664
IPL26-129,Hardik Pandya,ALL_ROUNDER,2.0,,77,76,32.0,0.0,200.0,77,85.0,0.17134313761053754,1285.9088780430181
IPL26-130,Tilak Varma,BATSMAN,1.5,,76,50,23.0,1185.21,150.0,76,70.66666666666667,10.0,1389.2857479768254
IPL26-131,Trent Boult,BOWLER,2.0,,50,87,36.0,0.0,200.0,87,55.666666666666664,2.936782020790835,1532.4224650223086
IPL26-132,Deepak Chahar,BOWLER,2.0,,50,80,26.0,0.0,200.0,80,55.666666666666664,0.31573110311668573,1659.5042597970603
IPL26-133,Naman Dhir,BATSMAN,0.5,,71,55,26.0,863.67,50.0,71,70.66666666666667,10.0,1234.4452696058363
IPL26-134,Will Jacks,ALL_ROUNDER,1.5,,70,67,27.0,0.0,150.0,70,85.0,-2.1699658424136836,1102.2944995909345
IPL26-135,Robin Minz,WICKET_KEEPER,0.5,,55,50,23.0,0.0,50.0,55,88.66666666666667,-5.894439692773915,356.17922627426015
IPL26-136,Ryan Rickelton,WICKET_KEEPER,1.0,,73,50,29.0,0.0,100.0,73,88.66666666666667,-3.0490468315215287,1046.920823156324
IPL26-137,Shardul Thakur,ALL_ROUNDER,2.0,,62,82,34.0,0.0,200.0,82,85.0,3.447051199120895,1293.5698860686546
IPL26-138,Sherfane Rutherford,BATSMAN,1.0,,67,50,27.0,0.0,100.0,67,70.66666666666667,-2.5277460211211276,771.346241913436
IPL26-139,Mayank Markande,BOWLER,1.5,,50,72,28.0,0.0,150.0,72,55.666666666666664,-1.6960812679434203,945.3885986981303
IPL26-140,Allah Ghazanfar,BOWLER,1.0,,50,70,26.0,0.0,100.0,70,55.666666666666664,-1.9233638250618095,927.0598055119582
IPL26-141,Corbin Bosch,ALL_ROUNDER,1.0,,69,73,31.0,0.0,100.0,73,85.0,-4.051085308631524,943.1325685869201
IPL26-142,Mitchell Santner,ALL_ROUNDER,1.5,,62,73,34.0,0.0,150.0,73,85.0,-2.0584761121397133,739.1318443373181
IPL26-143,Ashwani Kumar,BOWLER,0.25,,50,73,26.0,180.0,25.0,73,55.666666666666664,7.905879372336223,951.1259422136109
IPL26-144,Raj Angad Bawa,BATSMAN,0.5,,62,71,23.0,0.0,50.0,71,70.66666666666667,-0.8963720856476713,971.2450612004541
IPL26-145,Raghu Sharma,BOWLER,0.25,,50,59,26.0,37.39,25.0,59,55.666666666666664,10.0,635.575344767814
IPL26-146,Quinton de Kock,WICKET_KEEPER,2.0,,79,50,33.0,0.0,200.0,79,88.66666666666667,-2.5034037382468832,1191.21953831326
IPL26-147,Atharva Ankolekar,ALL_ROUNDER,1.0,,63,68,25.0,0.0,100.0,68,85.0,-0.2653756633757718,707.8437089094488
IPL26-148,Mohammad Izhar,BOWLER,0.25,,56,76,26.0,0.0,25.0,76,55.666666666666664,2.689194028559564,1179.9005931415745
IPL26-149,Danish Malewar,BATSMAN,0.25,,52,50,26.0,0.0,25.0,52,70.66666666666667,-1.5785337473590535,293.1709598658997
IPL26-150,Mayank Rawat,BATSMAN,0.25,,56,50,26.0,0.0,25.0,56,70.66666666666667,-2.2842957833593163,389.16797223341894
IPL26-151,Shreyas Iyer,BATSMAN,2.0,,83,50,31.0,0.0,200.0,83,70.66666666666667,1.5421029764545828,1957.8266794942408
IPL26-152,Arshdeep Singh,BOWLER,2.0,,52,78,21.0,828.89,200.0,78,55.666666666666664,10.0,1352.2718548428213
IPL26-153,Yuzvendra Chahal,BOWLER,2.0,,50,100,35.0,0.0,200.0,100,55.666666666666664,4.015346033446757,2500.0
IPL26-154,Marco Jansen,ALL_ROUNDER,1.0,,61,70,26.0,0.0,100.0,70,85.0,-2.623290907135807,1039.060703054792
IPL26-155,Prabhsimran Singh,WICKET_KEEPER,1.5,,74,50,25.0,0.0,150.0,74,88.66666666666667,-0.5490449782283316,1172.5018979745041
IPL26-156,Harpreet Brar,ALL_ROUNDER,1.5,,62,72,30.0,492.23,150.0,72,85.0,10.0,1227.1568114798627
IPL26-157,Shashank Singh,BATSMAN,1.5,,73,52,26.0,1092.28,150.0,73,70.66666666666667,9.312062612536174,1473.4787344885142
IPL26-158,Azmatullah Omarzai,ALL_ROUNDER,1.0,,64,67,26.0,458.76,100.0,67,85.0,10.0,1242.120303708277
IPL26-159,Nehal Wadhera,BATSMAN,0.5,,68,50,25.0,0.0,50.0,68,70.66666666666667,0.6070750659714632,883.0428257469741
IPL26-160,Xavier Bartlett,BOWLER,1.0,,50,55,27.0,0.0,100.0,55,55.666666666666664,2.5574134062335125,473.2126521065533
IPL26-161,Lockie Ferguson,BOWLER,1.5,,50,74,35.0,0.0,150.0,74,55.666666666666664,0.3717184187853769,664.6634229699413
IPL26-162,Marcus Stoinis,ALL_ROUNDER,1.5,,75,71,36.0,0.0,150.0,75,85.0,-0.021694862266827597,461.6065531262305
IPL26-163,Mitch Owen,ALL_ROUNDER,1.0,,50,50,22.0,0.0,100.0,50,85.0,-4.241573443448068,467.65346416881147
IPL26-164,Musheer Khan,BOWLER,0.5,,50,61,26.0,9.79,50.0,61,55.666666666666664,9.992957201075264,693.6600744775794
IPL26-165,Priyansh Arya,BATSMAN,0.5,,74,50,25.0,912.18,50.0,74,70.66666666666667,10.0,1221.415002212574
IPL26-166,Vyshak Vijaykumar,BOWLER,1.5,,50,62,26.0,0.0,150.0,62,55.666666666666664,-3.821454021873703,577.6611807877963
IPL26-167,Yash Thakur,BOWLER,0.5,,50,67,26.0,223.54,50.0,67,55.666666666666664,9.350734421924075,730.0489648651451
IPL26-168,Pyla Avinash,BATSMAN,0.25,,63,50,25.0,0.0,25.0,63,70.66666666666667,0.8334714318672574,563.4637482855178
IPL26-169,Harnoor Pannu,BATSMAN,0.25,,64,50,26.0,0.0,25.0,64,70.66666666666667,-0.014099484582525523,469.03096929268673
IPL26-170,Vishnu Vinod,WICKET_KEEPER,1.0,,62,50,32.0,15.19,100.0,62,88.66666666666667,7.226437137086552,836.7331710278896
IPL26-171,Suryansh Shedge,BATSMAN,0.25,,67,50,23.0,226.14,25.0,67,70.66666666666667,10.0,757.6503709392889
IPL26-172,Cooper Connolly,BATSMAN,1.0,,75,50,22.0,0.0,100.0,75,70.66666666666667,1.1502681054458876,1032.2895840869148
IPL26-173,Ben Dwarshuis,BOWLER,1.0,,50,56,31.0,0.0,100.0,56,55.666666666666664,-6.504817363921151,220.8605418397802
IPL26-174,Praveen Dubey,BOWLER,0.25,,50,59,32.0,0.0,25.0,59,55.666666666666664,-1.2376719824215443,348.09959736028514
IPL26-175,Vishal Nishad,BOWLER,0.25,,50,51,26.0,0.0,25.0,51,55.666666666666664,-7.738945021216593,148.16749997576613
IPL26-176,Yashasvi Jaiswal,BATSMAN,1.5,,78,50,24.0,0.0,150.0,78,70.66666666666667,2.253773767687224,1481.8997398380404
IPL26-177,Ravindra Jadeja,ALL_ROUNDER,2.0,,76,91,37.0,0.0,200.0,91,85.0,6.215449229427777,1967.19435518224
IPL26-178,Riyan Parag,ALL_ROUNDER,2.0,,72,58,24.0,0.0,200.0,72,85.0,-2.391224814048912,1059.926607592019
IPL26-179,Jofra Archer,BOWLER,1.5,,50,80,31.0,0.0,150.0,80,55.666666666666664,0.4441626069875282,1293.0360931579721
IPL26-180,Dhruv Jurel,WICKET_KEEPER,1.0,,74,50,25.0,1059.22,100.0,74,88.66666666666667,10.0,1601.5129441609627
IPL26-181,Shimron Hetmyer,BATSMAN,2.0,,72,50,29.0,0.0,200.0,72,70.66666666666667,-1.4773874390498476,959.2363561418393
IPL26-182,Sam Curran,ALL_ROUNDER,2.0,,69,72,26.0,0.0,200.0,72,85.0,-1.956563495010202,1346.5105639151668
IPL26-183,Sandeep Sharma,BOWLER,2.0,,51,77,26.0,459.67,200.0,77,55.666666666666664,10.0,1225.4273946266394
IPL26-184,Vaibhav Suryavanshi,BATSMAN,0.5,,80,50,26.0,0.0,50.0,80,70.66666666666667,-0.9539175319406592,1646.895241058808
IPL26-185,Tushar Deshpande,BOWLER,1.5,,50,72,26.0,0.0,150.0,72,55.666666666666664,-0.7670979315597592,793.2904067278581
IPL26-186,Shubham Dubey,BATSMAN,0.5,,72,50,32.0,0.0,50.0,72,70.66666666666667,-1.5259660554611587,957.008834695375
IPL26-187,Yudhvir Charak,BOWLER,0.5,,50,66,26.0,0.0,50.0,66,55.666666666666664,-2.7901774552060967,608.8495842382139
IPL26-188,Kwena Maphaka,BOWLER,0.5,,50,52,20.0,0.0,50.0,52,55.666666666666664,-7.692196661589492,290.5490965341725
IPL26-189,Lhuan-Dre Pretorius,BATSMAN,0.5,,57,50,20.0,0.0,50.0,57,70.66666666666667,-0.15148684563070058,412.80311484177076
IPL26-190,Nandre Burger,BOWLER,1.0,,50,70,30.0,0.0,100.0,70,55.666666666666664,-3.9773310827603496,764.7368756115993
IPL26-191,Donovan Ferreira,WICKET_KEEPER,1.0,,69,50,27.0,0.0,100.0,69,88.66666666666667,-3.018593559178068,1075.1354566913544
IPL26-192,Ravi Bishnoi,BOWLER,2.0,,51,74,25.0,466.26,200.0,74,55.666666666666664,9.47222313575406,1357.75682663795
IPL26-193,Adam Milne,BOWLER,1.0,,50,59,34.0,0.0,100.0,59,55.666666666666664,-0.8015265733448366,183.11307216778013
IPL26-194,Ravi Singh,BATSMAN,0.25,,59,50,26.0,4.35,25.0,59,70.66666666666667,6.80403515869271,700.8986932598356
IPL26-195,Sushant Mishra,BOWLER,0.25,,51,75,25.0,0.0,25.0,75,55.666666666666664,-2.2914302707055163,943.4605611191006
IPL26-196,Kuldeep Sen,BOWLER,1.0,,50,70,29.0,0.0,100.0,70,55.666666666666664,0.4878838163610646,847.3462082999765
IPL26-197,Brijesh Sharma,BOWLER,0.25,,50,67,26.0,210.22,25.0,67,55.666666666666664,9.805054791571042,866.7963914375324
IPL26-198,Aman Rao Perala,BATSMAN,0.25,,71,50,26.0,0.0,25.0,71,70.66666666666667,1.4454552789723158,1055.325228940984
IPL26-199,Vignesh Puthur,BOWLER,0.25,,50,73,25.0,0.0,25.0,73,55.666666666666664,-3.2131951865638815,676.3139992234013
IPL26-200,Virat Kohli,BATSMAN,2.0,,100,50,37.0,0.0,200.0,100,70.66666666666667,5.177156664343168,2363.08676489189
IPL26-201,Rajat Patidar,BATSMAN,1.5,,75,50,33.0,0.0,150.0,75,70.66666666666667,1.9102653697375938,1247.0484022445428
IPL26-202,Phil Salt,WICKET_KEEPER,1.0,,75,50,47.0,0.0,100.0,75,88.66666666666667,0.4522327314201857,103.91798236337605
IPL26-203,Josh Hazlewood,BOWLER,1.5,,50,79,35.0,0.0,150.0,79,55.666666666666664,-1.7255455769212489,967.7050291215467
IPL26-204,Yash Dayal,BOWLER,1.5,,51,68,28.0,485.16,150.0,68,55.666666666666664,10.0,1055.9361351432094
IPL26-205,Krunal Pandya,ALL_ROUNDER,2.0,,71,82,35.0,0.0,200.0,82,85.0,-1.6193672780150123,1275.8931756788502
IPL26-206,Bhuvneshwar Kumar,BOWLER,2.0,,50,98,36.0,0.0,200.0,98,55.666666666666664,2.772600468276334,2307.356055332572
IPL26-207,Tim David,BATSMAN,1.5,,74,50,26.0,0.0,150.0,74,70.66666666666667,0.23306443841717922,1146.9648842819538
IPL26-208,Romario Shepherd,ALL_ROUNDER,1.0,,68,62,31.0,0.0,100.0,68,85.0,0.0011626876042195589,771.3823541977753
IPL26-209,Nuwan Thushara,BOWLER,1.0,,50,68,31.0,0.0,100.0,68,55.666666666666664,0.0710056051199689,709.2316408140177
IPL26-210,Swapnil Singh,BOWLER,1.0,,59,66,35.0,131.12,100.0,66,55.666666666666664,10.0,420.1943866878294
IPL26-211,Jacob Bethell,BATSMAN,1.0,,64,50,20.0,0.0,100.0,64,70.66666666666667,-4.657911801506205,774.8606574293901
IPL26-212,Devdutt Padikkal,BATSMAN,1.5,,73,50,25.0,0.0,150.0,73,70.66666666666667,0.45981685678049083,1317.6644336396307
IPL26-213,Suyash Sharma,BOWLER,0.5,,50,64,26.0,369.66,50.0,64,55.666666666666664,9.426562178457761,821.4480283080653
IPL26-214,Rasikh Dar,BOWLER,0.5,,50,71,26.0,0.0,50.0,71,55.666666666666664,0.13962785254602922,834.9669139851526
IPL26-215,Jitesh Sharma,WICKET_KEEPER,1.5,,56,50,32.0,0.0,150.0,56,88.66666666666667,-5.107197824651021,424.53700971887787
IPL26-216,Abhinandan Singh,BOWLER,0.25,,50,59,26.0,38.42,25.0,59,55.666666666666664,9.023624728716628,683.0518682966474
IPL26-217,Venkatesh Iyer,ALL_ROUNDER,1.5,,73,60,35.0,0.0,150.0,73,85.0,2.4390931829326097,927.7865546943074
IPL26-218,Jordan Cox,WICKET_KEEPER,1.0,,80,50,34.0,0.0,100.0,80,88.66666666666667,2.3026882962450914,1156.0748515544226
IPL26-219,Mangesh Yadav,BOWLER,0.25,,72,65,26.0,0.0,25.0,72,55.666666666666664,-3.203720089693799,917.9893990157204
IPL26-220,Vicky Kanhaiya Ostwal,BOWLER,0.5,,60,74,26.0,0.0,50.0,74,55.666666666666664,0.2728257866105305,1134.3761336136356
IPL26-221,Kanishk Chouhan,BATSMAN,0.25,,50,50,26.0,0.0,25.0,50,70.66666666666667,-7.872193530181476,250.1500131673769
IPL26-222,Vihaan Malhotra,BATSMAN,0.25,,50,50,19.0,0.0,25.0,50,70.66666666666667,-3.7296616405013117,378.97137582576295
IPL26-223,Satvik Deswal,BOWLER,0.25,,50,77,26.0,0.0,25.0,77,55.666666666666664,4.285295952733017,1243.2664516679988
IPL26-224,Yash Raj Punja,BOWLER,0.25,,50,68,26.0,128.95,25.0,68,55.666666666666664,9.47392196778804,848.923424285656
IPL26-225,Pat Cummins,ALL_ROUNDER,2.0,,67,78,33.0,0.0,200.0,78,85.0,-1.0553841749610096,1558.2017062338762
IPL26-226,Heinrich Klaasen,WICKET_KEEPER,1.5,,80,50,26.0,0.0,150.0,80,88.66666666666667,3.0283965461781537,1924.7626776830703
IPL26-227,Travis Head,BATSMAN,1.5,,75,50,32.0,0.0,150.0,75,70.66666666666667,-0.3054645376189463,954.6645669815259
IPL26-228,Abhishek Sharma,ALL_ROUNDER,1.5,,79,59,26.0,1410.48,150.0,79,85.0,8.237167516157305,1409.6069927982376
IPL26-229,Nitish Kumar Reddy,ALL_ROUNDER,1.0,,70,62,23.0,0.0,100.0,70,85.0,-0.3825204147467509,946.9314728702773
IPL26-230,Ishan Kishan,WICKET_KEEPER,2.0,,78,50,27.0,1062.44,200.0,78,88.66666666666667,10.0,1957.4730653272823
IPL26-231,Harshal Patel,BOWLER,2.0,,50,88,35.0,0.0,200.0,88,55.666666666666664,6.480917023223304,2308.6393118598444
IPL26-232,Jaydev Unadkat,BOWLER,2.0,,50,81,33.0,0.0,200.0,81,55.666666666666664,1.4116303371453243,1235.746720953813
IPL26-233,Zeeshan Ansari,BOWLER,0.5,,50,59,26.0,99.75,50.0,59,55.666666666666664,10.0,656.6857972713753
IPL26-234,Brydon Carse,BOWLER,1.0,,50,72,30.0,0.0,100.0,72,55.666666666666664,-2.2170216201841826,812.694260529696
IPL26-235,Kamindu Mendis,BATSMAN,1.0,,65,68,27.0,0.0,100.0,68,70.66666666666667,-3.7830411341761736,893.1122855457635
IPL26-236,Harsh Dubey,BOWLER,0.5,,57,70,23.0,174.77,50.0,70,55.666666666666664,10.0,1138.5236069889306
IPL26-237,Aniket Verma,BATSMAN,0.25,,66,50,24.0,403.65,25.0,66,70.66666666666667,9.080819861279283,989.8987737379986
IPL26-238,Eshan Malinga,BOWLER,0.25,,50,74,25.0,0.0,25.0,74,55.666666666666664,-2.942020087226897,906.0766168655641
IPL26-239,Smaran Ravichandaran,BATSMAN,0.25,,73,50,26.0,0.0,25.0,73,70.66666666666667,0.012852098559894554,927.645764892521
IPL26-240,Liam Livingstone,ALL_ROUNDER,1.5,,70,67,32.0,0.0,150.0,70,85.0,-1.650853361020367,866.8994275529949
IPL26-241,Salil Arora,WICKET_KEEPER,0.25,,68,50,23.0,31.36,25.0,68,88.66666666666667,10.0,859.0817432956065
IPL26-242,Jack Edwards,ALL_ROUNDER,1.0,,62,77,26.0,0.0,100.0,77,85.0,1.0333749792191815,1567.3055929682296
IPL26-243,Shivam Mavi,BOWLER,1.5,,50,64,27.0,0.0,150.0,64,55.666666666666664,-0.19772738560306707,726.6961231988018
IPL26-244,Amit Kumar,BOWLER,0.25,,50,56,26.0,0.0,25.0,56,55.666666666666664,-4.582416040767573,321.4722520323844
IPL26-245,Onkar Tarmale,ALL_ROUNDER,0.25,,51,56,26.0,0.0,25.0,56,85.0,-1.2081966899269123,557.3377403895594
IPL26-246,Sakib Hussain,BOWLER,0.25,,50,71,21.0,221.1,25.0,71,55.666666666666664,9.573242883117645,1070.0046545972857
IPL26-247,Praful Hinge,BOWLER,0.25,,50,70,26.0,0.0,25.0,70,55.666666666666664,-2.0711486541445536,801.2386610016619
IPL26-248,Shivang Kumar,BOWLER,0.25,,58,63,26.0,185.9,25.0,63,55.666666666666664,10.0,830.6582007539108
IPL26-249,Krains Fuletra,BOWLER,0.25,,50,55,26.0,0.0,25.0,55,55.666666666666664,0.9907622949539565,413.0925858725567
IPL26-250,Jake Fraser-McGurk,BATSMAN,1.0,,71,50,23.0,0.0,100.0,71,70.66666666666667,1.4688359246141938,873.302947343186
IPL26-251,Devon Conway,WICKET_KEEPER,1.5,,76,50,26.0,0.0,150.0,76,88.66666666666667,1.1488672372872586,1297.7095040911229
IPL26-252,Gus Atkinson,BOWLER,1.0,,50,80,28.0,0.0,100.0,80,55.666666666666664,-1.4373262362687738,1182.185190999793
IPL26-253,Jamie Smith,WICKET_KEEPER,1.0,,71,50,37.0,0.0,100.0,71,88.66666666666667,0.31726034406299475,103.91798236337605
IPL26-254,Deepak Hooda,ALL_ROUNDER,2.0,,66,60,31.0,0.0,200.0,66,85.0,-1.8674435134861946,854.2917266510408
IPL26-255,Wiaan Mulder,BOWLER,1.0,,57,50,28.0,0.0,100.0,57,55.666666666666664,-0.36049419922229964,351.9722883591421
IPL26-256,Rahmanullah Gurbaz,WICKET_KEEPER,1.0,,67,50,24.0,183.09,100.0,67,88.66666666666667,9.917352214961811,1144.314511835571
IPL26-257,Jonny Bairstow,WICKET_KEEPER,1.5,,75,50,36.0,0.0,150.0,75,88.66666666666667,0.11745832948872703,605.4856298523179
IPL26-258,K.S. Bharat,WICKET_KEEPER,1.5,,67,50,26.0,0.0,150.0,67,88.66666666666667,-3.01199833093945,828.7673014187111
IPL26-259,Gerald Coetzee,BOWLER,1.0,,50,67,25.0,0.0,100.0,67,55.666666666666664,-3.351571383569044,541.211704622252
IPL26-260,Spencer Johnson,BOWLER,1.0,,50,57,38.0,0.0,100.0,57,55.666666666666664,-7.078074668425612,103.91798236337605
IPL26-261,Fazalhaq Farooqi,BOWLER,1.0,,50,63,25.0,34.22,100.0,63,55.666666666666664,10.0,789.4988570392301
IPL26-262,Maheesh Theekshana,BOWLER,1.0,,50,71,25.0,0.0,100.0,71,55.666666666666664,0.076832516542924,936.2664942210641
IPL26-263,Mujeeb Ur Rahman,BOWLER,2.0,,50,67,25.0,8.29,200.0,67,55.666666666666664,8.965627172076402,1028.602992666164
IPL26-264,Aarya Desai,BATSMAN,0.25,,55,50,23.0,0.0,25.0,55,70.66666666666667,-2.997962514902234,419.3275514898464
IPL26-265,Yash Dhull,BATSMAN,0.5,,55,50,23.0,0.0,50.0,55,70.66666666666667,-3.498042403852706,374.44693146971724
IPL26-266,Abhinav Manohar,BATSMAN,0.5,,62,50,31.0,0.0,50.0,62,70.66666666666667,-3.6942511348652136,423.22610132371176
IPL26-267,Anmolpreet Singh,BATSMAN,1.0,,63,50,28.0,4.93,100.0,63,70.66666666666667,9.91701313637105,978.4906205812248
IPL26-268,Atharva Taide,BATSMAN,0.5,,69,50,26.0,59.39,50.0,69,70.66666666666667,9.352759362011954,976.044459331844
IPL26-269,Mahipal Lomror,BATSMAN,1.5,,65,50,26.0,0.0,150.0,65,70.66666666666667,-1.7125199582003605,618.9918650593054
IPL26-270,Vijay Shankar,ALL_ROUNDER,2.0,,68,66,35.0,0.0,200.0,68,85.0,-1.257850104438373,488.23159135650866
IPL26-271,Tanush Kotian,BATSMAN,0.5,,61,55,27.0,18.32,50.0,61,70.66666666666667,10.0,824.303531294515
IPL26-272,Kamlesh Nagarkoti,BOWLER,1.5,,50,57,26.0,0.0,150.0,57,55.666666666666664,-6.076748584066971,398.6733743064229
IPL26-273,Ruchit Ahir,BATSMAN,0.25,,74,50,26.0,0.0,25.0,74,70.66666666666667,-0.4029858405359112,1111.9311965833072
IPL26-274,Sanvir Singh,BATSMAN,0.5,,60,53,29.0,20.67,50.0,60,70.66666666666667,10.0,627.4860727484163
IPL26-275,Vansh Bedi,WICKET_KEEPER,0.25,,50,50,23.0,0.0,25.0,50,88.66666666666667,-5.651947510422072,300.44560622668604
IPL26-276,Raj Limbani,BOWLER,0.25,,50,75,26.0,0.0,25.0,75,55.666666666666664,-3.732068628221408,777.2816631392911
IPL26-277,Simarjeet Singh,BOWLER,1.0,,50,65,28.0,87.74,100.0,65,55.666666666666664,10.0,794.7338320744441
IPL26-278,Akash Madhwal,BOWLER,1.0,,50,68,32.0,143.34,100.0,68,55.666666666666664,9.639526595795404,925.3380952573289
IPL26-279,Karn Sharma,BOWLER,2.0,,50,80,38.0,0.0,200.0,80,55.666666666666664,2.2269902216265205,207.8359647267521
IPL26-280,Sean Abbott,BOWLER,1.0,,50,54,34.0,0.0,100.0,54,55.666666666666664,-2.7609590125324415,103.91798236337605
IPL26-281,Michael Bracewell,ALL_ROUNDER,1.0,,67,74,35.0,0.0,100.0,74,85.0,1.9341839917071921,972.8965286740366
IPL26-282,Daryl Mitchell,BATSMAN,1.0,,67,53,26.0,0.0,100.0,67,70.66666666666667,0.44656067859981013,741.404181690675
IPL26-283,Dasun Shanaka,BATSMAN,1.5,,62,55,34.0,0.0,150.0,62,70.66666666666667,-6.091197185237018,289.7782138451964
IPL26-284,Chetan Sakariya,BOWLER,1.5,,50,70,27.0,0.0,150.0,70,55.666666666666664,-2.792303008837003,918.9615727101992
IPL26-285,Waqar Salamkheil,BOWLER,1.0,,50,72,29.0,0.0,100.0,72,55.666666666666664,1.3113553158500881,883.5362924662061
IPL26-286,Taskin Ahmed,BOWLER,1.0,,50,80,31.0,0.0,100.0,80,55.666666666666664,1.0541251604249418,1475.9166412308984
IPL26-287,Alzarri Joseph,BOWLER,1.5,,50,68,29.0,0.0,150.0,68,55.666666666666664,-0.3753020037494385,888.9471765747046
IPL26-288,Riley Meredith,BOWLER,1.0,,50,69,29.0,0.0,100.0,69,55.666666666666664,7.543851737044054,1072.2537167919868
IPL26-289,Jhye Richardson,BOWLER,1.5,,50,58,29.0,0.0,150.0,58,55.666666666666664,-1.7527948853969666,383.85151089904434
IPL26-290,Daniel Lawrence,BATSMAN,1.0,,79,50,26.0,0.0,100.0,79,70.66666666666667,4.380604176711911,1727.961145649133
IPL26-291,Murugan Ashwin,BOWLER,1.5,,50,72,35.0,0.0,150.0,72,55.666666666666664,0.73986119715207,631.3692351720222
IPL26-292,William Sutherland,ALL_ROUNDER,1.0,,66,71,26.0,0.0,100.0,71,85.0,-1.3279859457832701,927.784195893384
IPL26-293,Kartikeya Singh,BOWLER,0.5,,56,79,26.0,0.0,50.0,79,55.666666666666664,0.37011331467499586,1272.5318490953562
IPL26-294,Shivam Shukla,BOWLER,0.25,,50,63,26.0,0.0,25.0,63,55.666666666666664,-0.5194907439869799,571.0106052707531
IPL26-295,Wahidullah Zadran,BOWLER,1.0,,50,62,26.0,0.0,100.0,62,55.666666666666664,-2.777228474602468,460.02811947002505
IPL26-296,KC Cariappa,BOWLER,0.5,,50,59,32.0,0.0,50.0,59,55.666666666666664,-2.4854914787730342,266.70645077942856
IPL26-297,Sediqullah Atal,BATSMAN,1.0,,65,50,24.0,14.99,100.0,65,70.66666666666667,10.0,964.2406087101764
IPL26-298,Nathan Smith,BOWLER,1.0,,51,53,26.0,0.0,100.0,53,55.666666666666664,-4.605336881487774,247.35126063892642
IPL26-299,Manan Vohra,BATSMAN,1.5,,67,50,32.0,0.0,150.0,67,70.66666666666667,-1.628073179433994,613.2280374571493
IPL26-300,Jacob Duffy,BOWLER,1.0,,50,67,25.0,0.0,100.0,67,55.666666666666664,1.8102025220278006,657.0399221475085
IPL26-001,MS Dhoni,WICKET_KEEPER,2.0,,76,50,44.0,492.22,200.0,76,88.66666666666667,10.0,200.0
IPL26-002,Ruturaj Gaikwad,BATSMAN,2.0,,79,50,29.0,0.0,200.0,79,70.66666666666667,1.1498784737050034,1501.4867635637186
IPL26-003,Sanju Samson,WICKET_KEEPER,2.0,,85,50,31.0,0.0,200.0,85,88.66666666666667,2.7534322152387922,1567.8164635923808
IPL26-004,Shivam Dube,ALL_ROUNDER,2.0,,75,60,32.0,0.0,200.0,75,85.0,0.9606017440948441,994.7937045017708
IPL26-005,Ayush Mhatre,BATSMAN,0.25,,73,50,18.0,0.0,25.0,73,70.66666666666667,2.242411249574054,1171.8649696536609
IPL26-006,Dewald Brevis,BATSMAN,1.0,,68,50,23.0,0.0,100.0,68,70.66666666666667,-2.823429328796025,703.993154784144
IPL26-007,Urvil Patel,WICKET_KEEPER,0.25,,69,50,27.0,268.05,25.0,69,88.66666666666667,10.0,860.4374100952655
IPL26-008,Noor Ahmad,BOWLER,1.5,,51,76,21.0,701.28,150.0,76,55.666666666666664,10.0,1374.7055960769542
IPL26-009,Nathan Ellis,BOWLER,1.0,,50,71,26.0,0.0,100.0,71,55.666666666666664,-2.3358068281526343,890.5467629670244
IPL26-010,Shreyas Gopal,BOWLER,2.0,,50,76,32.0,0.0,200.0,76,55.666666666666664,3.3826450876875414,1052.5161708675407
IPL26-011,Khaleel Ahmed,BOWLER,2.0,,50,80,26.0,0.0,200.0,80,55.666666666666664,3.947090013721247,1550.268968126239
IPL26-012,Ramakrishna Ghosh,BOWLER,0.25,,61,55,28.0,0.0,25.0,61,55.666666666666664,-3.818590163115619,287.8593484492348
IPL26-013,Mukesh Choudhary,BOWLER,1.5,,50,68,30.0,140.19,150.0,68,55.666666666666664,10.0,754.8802365370607
IPL26-014,Jamie Overton,ALL_ROUNDER,1.0,,69,71,32.0,0.0,100.0,71,85.0,-0.7772734409749504,915.996726552683
IPL26-015,Gurjapneet Singh,BOWLER,0.5,,50,58,27.0,99.53,50.0,58,55.666666666666664,10.0,587.2743231928667
IPL26-016,Anshul Kamboj,ALL_ROUNDER,0.5,,66,72,31.0,0.0,50.0,72,85.0,-1.7139796506294733,929.3452352596997
IPL26-017,Prashant Veer,BATSMAN,0.25,,73,50,20.0,0.0,25.0,73,70.66666666666667,-0.3457295114606508,1021.2500170518618
IPL26-018,Kartik Sharma,WICKET_KEEPER,0.25,,70,50,26.0,292.84,25.0,70,88.66666666666667,10.0,1253.031492953069
IPL26-019,Rahul Chahar,BOWLER,2.0,,50,78,26.0,0.0,200.0,78,55.666666666666664,3.673488185150682,1329.036133523448
IPL26-020,Akeal Hosein,BOWLER,1.0,,58,71,33.0,0.0,100.0,71,55.666666666666664,-4.04692731610202,540.1737263266871
IPL26-021,Matt Henry,BOWLER,1.0,,50,54,47.0,0.0,100.0,54,55.666666666666664,-7.3240393484438995,100.0
IPL26-022,Matthew Short,BATSMAN,1.0,,64,50,26.0,0.0,100.0,64,70.66666666666667,-3.13019075690461,518.8348418448523
IPL26-023,Sarfaraz Khan,BATSMAN,1.0,,67,50,26.0,0.0,100.0,67,70.66666666666667,-3.978828533479536,646.515944007319
IPL26-024,Zak Foulkes,BOWLER,1.0,,50,81,24.0,0.0,100.0,81,55.666666666666664,2.166978508652239,1192.3148396716454
IPL26-025,Aman Khan,BOWLER,0.25,,55,64,26.0,0.0,25.0,64,55.666666666666664,-4.311449561181451,338.75509682867533
IPL26-026,KL Rahul,WICKET_KEEPER,2.0,,87,50,34.0,1380.75,200.0,87,88.66666666666667,10.0,2426.2313577581194
IPL26-027,Axar Patel,ALL_ROUNDER,2.0,,71,86,32.0,0.0,200.0,86,85.0,0.6929901329373769,2194.9312283158665
IPL26-028,Kuldeep Yadav,BOWLER,2.0,,52,77,26.0,718.52,200.0,77,55.666666666666664,8.993457434720359,1546.8428892805646
IPL26-029,T. Natarajan,BOWLER,2.0,,50,75,26.0,0.0,200.0,75,55.666666666666664,4.0711760989721535,1139.1832145552114
IPL26-030,Mitchell Starc,BOWLER,1.5,,50,80,36.0,0.0,150.0,80,55.666666666666664,1.865562466366794,603.8958393605092
IPL26-031,Tristan Stubbs,WICKET_KEEPER,1.5,,77,50,25.0,0.0,150.0,77,88.66666666666667,0.4169878823847689,1160.599659892575
IPL26-032,Mukesh Kumar,BOWLER,1.5,,51,67,26.0,521.18,150.0,67,55.666666666666664,7.878145100991405,821.2110479941838
IPL26-033,Nitish Rana,BATSMAN,2.0,,76,50,32.0,0.0,200.0,76,70.66666666666667,-3.2573183595213457,1158.3148291784025
IPL26-034,Abishek Porel,WICKET_KEEPER,1.0,,70,50,23.0,743.92,100.0,70,88.66666666666667,10.0,1235.5120024158173
IPL26-035,Ashutosh Sharma,BATSMAN,0.5,,72,50,26.0,869.41,50.0,72,70.66666666666667,9.977131937701119,1157.2179099619884
IPL26-036,Sameer Rizvi,BATSMAN,0.5,,71,50,22.0,503.63,50.0,71,70.66666666666667,9.00069776770509,971.263779209072
IPL26-037,Karun Nair,BATSMAN,1.5,,69,50,34.0,0.0,150.0,69,70.66666666666667,-2.793540370278583,660.9536605426011
IPL26-038,Dushmantha Chameera,BOWLER,1.0,,50,61,34.0,0.0,100.0,61,55.666666666666664,-1.7375347940757147,204.47322985344388
IPL26-039,Vipraj Nigam,ALL_ROUNDER,0.5,,68,66,21.0,0.0,50.0,68,85.0,-3.155253586643226,763.7348099572745
IPL26-040,Ajay Mandal,ALL_ROUNDER,0.25,,60,69,26.0,0.0,25.0,69,85.0,-0.6875360624783504,825.8838922334047
IPL26-041,Madhav Tiwari,BOWLER,0.25,,50,70,22.0,0.0,25.0,70,55.666666666666664,-2.5681017916522975,669.6189749069835
IPL26-042,Tripurana Vijay,BOWLER,0.25,,50,50,24.0,0.0,25.0,50,55.666666666666664,-5.975145648630376,144.2110811614219
IPL26-043,Auqib Nabi Dar,ALL_ROUNDER,0.25,,60,76,26.0,0.0,25.0,76,85.0,-1.9258234089572963,1054.286083155204
IPL26-044,Pathum Nissanka,BATSMAN,1.0,,69,50,28.0,0.0,100.0,69,70.66666666666667,4.119932058487318,947.22043264991
IPL26-045,David Miller,BATSMAN,2.0,,80,50,26.0,0.0,200.0,80,70.66666666666667,0.6506850813127922,1219.2207709080913
IPL26-046,Ben Duckett,BATSMAN,1.0,,84,50,31.0,0.0,100.0,84,70.66666666666667,0.9017366629136958,1383.4851695897378
IPL26-047,Lungi Ngidi,BOWLER,1.5,,50,77,30.0,0.0,150.0,77,55.666666666666664,3.5664058761288295,982.3406585356876
IPL26-048,Kyle Jamieson,ALL_ROUNDER,1.5,,62,68,26.0,0.0,150.0,68,85.0,-2.843376401794084,659.0784010653115
IPL26-049,Prithvi Shaw,BATSMAN,2.0,,72,50,26.0,0.0,200.0,72,70.66666666666667,-0.6138931227085376,1182.1718083568267
IPL26-050,Sahil Parakh,BATSMAN,0.25,,61,50,26.0,0.0,25.0,61,70.66666666666667,-6.315610157422941,381.566407364191
IPL26-051,Shubman Gill,BATSMAN,2.0,,84,50,26.0,1502.36,200.0,84,70.66666666666667,9.975804393609083,1957.998768390489
IPL26-052,Rashid Khan,ALL_ROUNDER,2.0,,63,83,26.0,1036.91,200.0,83,85.0,9.096298139269871,1649.3376516248622
IPL26-053,Jos Buttler,WICKET_KEEPER,2.0,,86,50,35.0,0.0,200.0,86,88.66666666666667,-0.13201281607525783,1655.0671585965474
IPL26-054,Kagiso Rabada,BOWLER,2.0,,50,89,31.0,0.0,200.0,89,55.666666666666664,2.0146826805784444,2132.596653468739
IPL26-055,Mohammed Siraj,BOWLER,2.0,,52,79,32.0,835.35,200.0,79,55.666666666666664,10.0,1303.3943536419854
IPL26-056,Sai Sudharsan,BATSMAN,1.5,,83,50,24.0,1572.25,150.0,83,70.66666666666667,9.535382702701607,1804.3852763428013
IPL26-057,Prasidh Krishna,BOWLER,2.0,,51,77,30.0,571.61,200.0,77,55.666666666666664,10.0,1347.9882982597214
IPL26-058,Washington Sundar,ALL_ROUNDER,2.0,,69,64,26.0,670.48,200.0,69,85.0,10.0,1220.5290406561764
IPL26-059,Rahul Tewatia,ALL_ROUNDER,2.0,,70,71,33.0,0.0,200.0,71,85.0,0.4180281862867435,961.622245077777
IPL26-060,Shahrukh Khan,BATSMAN,1.5,,66,51,26.0,378.48,150.0,66,70.66666666666667,10.0,772.1527888247667
IPL26-061,R. Sai Kishore,BOWLER,1.5,,50,75,26.0,0.0,150.0,75,55.666666666666664,-0.13216709424258344,1028.3042771313474
IPL26-062,Glenn Phillips,BATSMAN,1.5,,61,50,26.0,0.0,150.0,61,70.66666666666667,-2.159999267319237,574.9757300198664
IPL26-063,Jayant Yadav,BOWLER,2.0,,63,61,36.0,0.0,200.0,63,55.666666666666664,-4.3481870714253255,200.0
IPL26-064,Anuj Rawat,WICKET_KEEPER,0.5,,66,50,26.0,109.12,50.0,66,88.66666666666667,10.0,1057.1414538274073
IPL26-065,Kumar Kushagra,WICKET_KEEPER,0.5,,56,50,21.0,18.97,50.0,56,88.66666666666667,10.0,773.3811728460886
IPL26-066,Gurnoor Singh Brar,BOWLER,0.5,,56,65,26.0,0.0,50.0,65,55.666666666666664,-5.957375305340429,393.2256931217692
IPL26-067,Nishant Sindhu,BATSMAN,0.5,,61,50,22.0,0.0,50.0,61,70.66666666666667,-4.917433387314269,372.1636414246415
IPL26-068,Manav Suthar,BOWLER,0.25,,50,58,23.0,0.0,25.0,58,55.666666666666664,-3.8073696922606604,300.95628005971764
IPL26-069,Ishant Sharma,BOWLER,1.5,,50,78,37.0,0.0,150.0,78,55.666666666666664,2.8938262343774293,215.31986661068987
IPL26-070,Arshad Khan,BOWLER,0.5,,52,64,26.0,357.1,50.0,64,55.666666666666664,10.0,741.6639202265577
IPL26-071,Jason Holder,ALL_ROUNDER,1.5,,61,79,41.0,0.0,150.0,79,85.0,1.9764237092845864,150.0
IPL26-072,Tom Banton,WICKET_KEEPER,1.0,,58,50,27.0,0.0,100.0,58,88.66666666666667,-6.291358842163698,454.1038991260061
IPL26-073,Ashok Sharma,BOWLER,0.25,,50,64,26.0,94.13,25.0,64,55.666666666666664,10.0,661.6049254399389
IPL26-074,Luke Wood,BOWLER,1.0,,50,50,26.0,0.0,100.0,50,55.666666666666664,-3.9420134042818975,272.7216703809199
IPL26-075,Prithvi Raj,BOWLER,0.25,,55,73,26.0,0.0,25.0,73,55.666666666666664,-1.4114222154511755,812.828303803965
IPL26-076,Sunil Narine,ALL_ROUNDER,2.0,,70,98,37.0,0.0,200.0,98,85.0,3.9187297005908137,2263.8235591837897
IPL26-077,Varun Chakravarthy,BOWLER,2.0,,50,85,34.0,0.0,200.0,85,55.666666666666664,5.123234512576952,1887.037624129393
IPL26-078,Rinku Singh,BATSMAN,1.5,,74,50,37.0,0.0,150.0,74,70.66666666666667,1.7293652986093284,150.0
IPL26-079,Harshit Rana,BOWLER,1.0,,51,73,24.0,541.9,100.0,73,55.666666666666664,9.025470695329359,1325.1649321742618
IPL26-080,Angkrish Raghuvanshi,BATSMAN,0.5,,73,50,22.0,0.0,50.0,73,70.66666666666667,2.56964090751937,1153.1209045404248
IPL26-081,Ramandeep Singh,ALL_ROUNDER,1.5,,63,65,26.0,355.97,150.0,65,85.0,9.879618836046403,855.9250269778314
IPL26-082,Ajinkya Rahane,BATSMAN,2.0,,79,50,38.0,0.0,200.0,79,70.66666666666667,-3.051104592459313,200.0
IPL26-083,Rovman Powell,BATSMAN,1.5,,67,50,32.0,0.0,150.0,67,70.66666666666667,-1.3710030745520077,571.796012155576
IPL26-084,Vaibhav Arora,BOWLER,1.5,,50,73,28.0,0.0,150.0,73,55.666666666666664,-0.27280132314679484,788.7723000073804
IPL26-085,Manish Pandey,BATSMAN,2.0,,73,50,26.0,0.0,200.0,73,70.66666666666667,1.4605569719405578,936.0735422629785
IPL26-086,Anukul Roy,BOWLER,0.5,,60,69,27.0,0.0,50.0,69,55.666666666666664,-1.8263681451215654,700.0733437325836
IPL26-087,Umran Malik,BOWLER,1.5,,50,65,26.0,0.0,150.0,65,55.666666666666664,-2.1808182735485677,499.6018246559537
IPL26-088,Cameron Green,ALL_ROUNDER,1.0,,75,66,26.0,0.0,100.0,75,85.0,-1.5032181308730168,1032.2652216140068
IPL26-089,Matheesha Pathirana,BOWLER,1.5,,50,77,24.0,0.0,150.0,77,55.666666666666664,-2.427899618731185,1309.3609620987722
IPL26-090,Mustafizur Rahman,BOWLER,1.5,,50,77,30.0,258.07,150.0,77,55.666666666666664,10.0,1097.4862059589873
IPL26-091,Tejasvi Singh,BATSMAN,0.25,,78,50,26.0,0.0,25.0,78,70.66666666666667,1.9655049672044789,1393.1902720340875
IPL26-092,Finn Allen,BATSMAN,1.0,,74,50,27.0,0.0,100.0,74,70.66666666666667,3.251290538029149,993.9992878255804
IPL26-093,Rachin Ravindra,BATSMAN,1.0,,68,50,26.0,0.0,100.0,68,70.66666666666667,-0.9286527591476141,627.2280889031115
IPL26-094,Tim Seifert,WICKET_KEEPER,1.0,,58,50,24.0,0.0,100.0,58,88.66666666666667,-2.328372906260547,592.3528269510697
IPL26-095,Akash Deep,BOWLER,1.0,,50,58,26.0,74.49,100.0,58,55.666666666666664,10.0,659.1630297258885
IPL26-096,Rahul Tripathi,BATSMAN,2.0,,73,50,26.0,0.0,200.0,73,70.66666666666667,-0.21269139501877976,1258.3629355724056
IPL26-097,Prashant Solanki,BOWLER,0.25,,50,75,26.0,0.0,25.0,75,55.666666666666664,-0.48218171092910345,1015.530919015139
IPL26-098,Kartik Tyagi,BOWLER,1.0,,51,71,25.0,267.17,100.0,71,55.666666666666664,10.0,1148.7357850170392
IPL26-099,Sarthak Ranjan,BATSMAN,0.25,,59,50,29.0,0.0,25.0,59,70.66666666666667,-0.6390251121880497,345.8079820635654
IPL26-100,Daksh Kamra,BATSMAN,0.25,,50,50,26.0,0.0,25.0,50,70.66666666666667,-2.147392849439914,259.66828921341596
IPL26-101,Rishabh Pant,WICKET_KEEPER,2.0,,82,50,28.0,0.0,200.0,82,88.66666666666667,0.9790311256618993,1912.7248582374195
IPL26-102,Nicholas Pooran,WICKET_KEEPER,2.0,,77,50,30.0,0.0,200.0,77,88.66666666666667,3.50986770574028,1598.4534483915927
IPL26-103,Mayank Yadav,BOWLER,1.0,,50,63,26.0,0.0,100.0,63,55.666666666666664,-7.942669991013764,469.4076476459303
IPL26-104,Mohammed Shami,BOWLER,2.0,,51,77,36.0,366.12,200.0,77,55.666666666666664,10.0,713.450726200336
IPL26-105,Mohsin Khan,BOWLER,1.5,,51,75,38.0,341.0,150.0,75,55.666666666666664,8.383689391563411,150.0
IPL26-106,Ayush Badoni,BATSMAN,0.5,,70,50,26.0,0.0,50.0,70,70.66666666666667,-0.4098774103959064,904.7120965817542
IPL26-107,Avesh Khan,BOWLER,1.5,,51,73,29.0,614.92,150.0,73,55.666666666666664,8.932197078420806,1079.6189586178414
IPL26-108,Abdul Samad,BATSMAN,1.5,,66,55,26.0,652.13,150.0,66,70.66666666666667,10.0,1106.4332889004722
IPL26-109,Mitchell Marsh,ALL_ROUNDER,1.5,,75,76,34.0,0.0,150.0,76,85.0,2.084707509058268,1158.8476691809037
IPL26-110,Aiden Markram,ALL_ROUNDER,1.5,,73,56,31.0,0.0,150.0,73,85.0,-1.1024639194692065,1008.0876436063846
IPL26-111,Shahbaz Ahmed,ALL_ROUNDER,1.5,,62,63,26.0,458.64,150.0,63,85.0,9.83117827680999,1007.9070176275584
IPL26-112,Matthew Breetzke,BATSMAN,1.0,,61,50,27.0,0.0,100.0,61,70.66666666666667,-2.546426283815814,558.1669018250894
IPL26-113,Digvesh Rathi,BOWLER,0.5,,50,65,26.0,0.0,50.0,65,55.666666666666664,-4.813259526593595,365.58184323306745
IPL26-114,Himmat Singh,BATSMAN,0.5,,66,50,29.0,101.92,50.0,66,70.66666666666667,9.072646865809427,965.0681781981883
IPL26-115,Arshin Kulkarni,BATSMAN,0.25,,56,50,26.0,0.0,25.0,56,70.66666666666667,-4.000974792940238,310.03304292867256
IPL26-116,Manimaran Siddharth,BOWLER,0.5,,50,68,27.0,0.0,50.0,68,55.666666666666664,0.28942277280592266,725.9086488207721
IPL26-117,Akash Singh,BOWLER,0.25,,50,67,39.0,96.39,25.0,67,55.666666666666664,10.0,25.0
IPL26-118,Arjun Tendulkar,BOWLER,0.5,,59,64,26.0,32.51,50.0,64,55.666666666666664,10.0,830.5071500814198
IPL26-119,Prince Yadav,BATSMAN,0.25,,52,55,24.0,347.54,25.0,55,70.66666666666667,10.0,549.6275487638272
IPL26-120,Josh Inglis,WICKET_KEEPER,1.0,,74,50,31.0,0.0,100.0,74,88.66666666666667,0.052555796483794825,908.1221753971635
IPL26-121,Akshat Raghuwanshi,BATSMAN,0.25,,59,50,22.0,22.82,25.0,59,70.66666666666667,10.0,768.5665724848736
IPL26-122,Mukul Choudhary,BATSMAN,0.25,,71,50,21.0,0.0,25.0,71,70.66666666666667,-2.4906161196747187,686.3768084977482
IPL26-123,Wanindu Hasaranga,BOWLER,1.5,,57,76,28.0,0.0,150.0,76,55.666666666666664,-3.2476201026428324,1024.0107360461418
IPL26-124,Anrich Nortje,BOWLER,1.5,,50,76,32.0,0.0,150.0,76,55.666666666666664,-0.2923114876440924,1247.3533245177848
IPL26-125,Naman Tiwari,BOWLER,0.25,,50,76,26.0,0.0,25.0,76,55.666666666666664,3.404462780567106,1237.9775162814651
IPL26-126,Rohit Sharma,BATSMAN,2.0,,54,50,39.0,0.0,200.0,54,70.66666666666667,-3.6799462953083233,200.0
IPL26-127,Jasprit Bumrah,BOWLER,2.0,,50,95,32.0,0.0,200.0,95,55.666666666666664,3.8933541396688613,2447.5688716321592
IPL26-128,Suryakumar Yadav,BATSMAN,2.0,,84,50,35.0,0.0,200.0,84,70.66666666666667,4.438813124215358,1454.8924114516824
IPL26-129,Hardik Pandya,ALL_ROUNDER,2.0,,77,76,32.0,0.0,200.0,77,85.0,1.9090695522801282,1211.474845863732
IPL26-130,Tilak Varma,BATSMAN,1.5,,76,50,23.0,1185.21,150.0,76,70.66666666666667,10.0,1308.8678102544363
IPL26-131,Trent Boult,BOWLER,2.0,,50,87,36.0,0.0,200.0,87,55.666666666666664,5.079417472137671,1443.719147842228
IPL26-132,Deepak Chahar,BOWLER,2.0,,50,80,26.0,0.0,200.0,80,55.666666666666664,-0.3286725488531119,1563.4448923064313
IPL26-133,Naman Dhir,BATSMAN,0.5,,71,55,26.0,863.67,50.0,71,70.66666666666667,8.398034188102832,1162.9901762548636
IPL26-134,Will Jacks,ALL_ROUNDER,1.5,,70,67,27.0,0.0,150.0,70,85.0,-1.9013867813254852,1038.488871016017
IPL26-135,Robin Minz,WICKET_KEEPER,0.5,,55,50,23.0,0.0,50.0,55,88.66666666666667,-5.627462901580507,335.5620142440897
IPL26-136,Ryan Rickelton,WICKET_KEEPER,1.0,,73,50,29.0,0.0,100.0,73,88.66666666666667,-1.1560871787664233,986.3204652533783
IPL26-137,Shardul Thakur,ALL_ROUNDER,2.0,,62,82,34.0,0.0,200.0,82,85.0,1.8163547416968155,1218.6924012251534
IPL26-138,Sherfane Rutherford,BATSMAN,1.0,,67,50,27.0,0.0,100.0,67,70.66666666666667,-0.9546846488557358,726.6973465116614
IPL26-139,Mayank Markande,BOWLER,1.5,,50,72,28.0,0.0,150.0,72,55.666666666666664,-0.038287710674610675,890.6653701871653
IPL26-140,Allah Ghazanfar,BOWLER,1.0,,50,70,26.0,0.0,100.0,70,55.666666666666664,-1.42557182037784,873.3975277457328
IPL26-141,Corbin Bosch,ALL_ROUNDER,1.0,,69,73,31.0,0.0,100.0,73,85.0,-1.5356904436700753,888.5399289697426
IPL26-142,Mitchell Santner,ALL_ROUNDER,1.5,,62,73,34.0,0.0,150.0,73,85.0,-1.86394000726517,696.3476592169332
IPL26-143,Ashwani Kumar,BOWLER,0.25,,50,73,26.0,180.0,25.0,73,55.666666666666664,10.0,896.0706111570091
IPL26-144,Raj Angad Bawa,BATSMAN,0.5,,62,71,23.0,0.0,50.0,71,70.66666666666667,-2.227899618751587,915.0251475084445
IPL26-145,Raghu Sharma,BOWLER,0.25,,50,59,26.0,37.39,25.0,59,55.666666666666664,8.679977488779294,598.7854629397909
IPL26-146,Quinton de Kock,WICKET_KEEPER,2.0,,79,50,33.0,0.0,200.0,79,88.66666666666667,-1.4163236293485233,1122.2665394177682
IPL26-147,Atharva Ankolekar,ALL_ROUNDER,1.0,,63,68,25.0,0.0,100.0,68,85.0,-1.7596082203804302,666.8706179645798
IPL26-148,Mohammad Izhar,BOWLER,0.25,,56,76,26.0,0.0,25.0,76,55.666666666666664,0.5787994891118169,1111.602784317114
IPL26-149,Danish Malewar,BATSMAN,0.25,,52,50,26.0,0.0,25.0,52,70.66666666666667,-1.5200491774527953,276.2009419794842
IPL26-150,Mayank Rawat,BATSMAN,0.25,,56,50,26.0,0.0,25.0,56,70.66666666666667,-4.857161838008156,366.6412272493931
IPL26-151,Shreyas Iyer,BATSMAN,2.0,,83,50,31.0,0.0,200.0,83,70.66666666666667,2.031995208816834,1844.499105082655
IPL26-152,Arshdeep Singh,BOWLER,2.0,,52,78,21.0,828.89,200.0,78,55.666666666666664,8.495279625968998,1273.996443204248
IPL26-153,Yuzvendra Chahal,BOWLER,2.0,,50,100,35.0,0.0,200.0,100,55.666666666666664,5.611164132157268,2447.5688716321592
IPL26-154,Marco Jansen,ALL_ROUNDER,1.0,,61,70,26.0,0.0,100.0,70,85.0,-4.755102677663579,978.9153232942015
IPL26-155,Prabhsimran Singh,WICKET_KEEPER,1.5,,74,50,25.0,0.0,150.0,74,88.66666666666667,-1.7105792503633643,1104.632357998291
IPL26-156,Harpreet Brar,ALL_ROUNDER,1.5,,62,72,30.0,492.23,150.0,72,85.0,9.690790922950136,1156.1236059748717
IPL26-157,Shashank Singh,BATSMAN,1.5,,73,52,26.0,1092.28,150.0,73,70.66666666666667,9.247843594409417,1388.1873383319487
IPL26-158,Azmatullah Omarzai,ALL_ROUNDER,1.0,,64,67,26.0,458.76,100.0,67,85.0,10.0,1170.220945802395
IPL26-159,Nehal Wadhera,BATSMAN,0.5,,68,50,25.0,0.0,50.0,68,70.66666666666667,0.060910865905197564,831.9284433598117
IPL26-160,Xavier Bartlett,BOWLER,1.0,,50,55,27.0,0.0,100.0,55,55.666666666666664,-0.9486882446751723,445.82103332548587
IPL26-161,Lockie Ferguson,BOWLER,1.5,,50,74,35.0,0.0,150.0,74,55.666666666666664,-0.46969585041482786,626.1897959046773
IPL26-162,Marcus Stoinis,ALL_ROUNDER,1.5,,75,71,36.0,0.0,150.0,75,85.0,0.44296188910058454,434.8867461350404
IPL26-163,Mitch Owen,ALL_ROUNDER,1.0,,50,50,22.0,0.0,100.0,50,85.0,-4.398083462960021,440.58363550904585
IPL26-164,Musheer Khan,BOWLER,0.5,,50,61,26.0,9.79,50.0,61,55.666666666666664,10.0,653.5079943521765
IPL26-165,Priyansh Arya,BATSMAN,0.5,,74,50,25.0,912.18,50.0,74,70.66666666666667,9.248030668261181,1150.7141577504738
IPL26-166,Vyshak Vijaykumar,BOWLER,1.5,,50,62,26.0,0.0,150.0,62,55.666666666666664,-5.256410010905682,544.2236241664283
IPL26-167,Yash Thakur,BOWLER,0.5,,50,67,26.0,223.54,50.0,67,55.666666666666664,9.203974143196511,687.7905365495045
IPL26-168,Pyla Avinash,BATSMAN,0.25,,63,50,25.0,0.0,25.0,63,70.66666666666667,0.9616527676286395,530.8480011763029
IPL26-169,Harnoor Pannu,BATSMAN,0.25,,64,50,26.0,0.0,25.0,64,70.66666666666667,-0.6748222859545097,441.88140460926627
IPL26-170,Vishnu Vinod,WICKET_KEEPER,1.0,,62,50,32.0,15.19,100.0,62,88.66666666666667,10.0,788.2993940774186
IPL26-171,Suryansh Shedge,BATSMAN,0.25,,67,50,23.0,226.14,25.0,67,70.66666666666667,9.939339186185379,713.7942524739053
IPL26-172,Cooper Connolly,BATSMAN,1.0,,75,50,22.0,0.0,100.0,75,70.66666666666667,0.873657127175631,972.5361463182888
IPL26-173,Ben Dwarshuis,BOWLER,1.0,,50,56,31.0,0.0,100.0,56,55.666666666666664,-7.132489302202305,208.07616733304567
IPL26-174,Praveen Dubey,BOWLER,0.25,,50,59,32.0,0.0,25.0,59,55.666666666666664,-2.197551054383747,327.9500696029652
IPL26-175,Vishal Nishad,BOWLER,0.25,,50,51,26.0,0.0,25.0,51,55.666666666666664,-9.187838068590052,139.59091679056817
IPL26-176,Yashasvi Jaiswal,BATSMAN,1.5,,78,50,24.0,0.0,150.0,78,70.66666666666667,2.040840838612024,1396.120899046889
IPL26-177,Ravindra Jadeja,ALL_ROUNDER,2.0,,76,91,37.0,0.0,200.0,91,85.0,8.089636274849891,1853.3245387148509
IPL26-178,Riyan Parag,ALL_ROUNDER,2.0,,72,58,24.0,0.0,200.0,72,85.0,-4.16226335229351,998.5734179809068
IPL26-179,Jofra Archer,BOWLER,1.5,,50,80,31.0,0.0,150.0,80,55.666666666666664,0.7624428548705716,1218.1895065836788
IPL26-180,Dhruv Jurel,WICKET_KEEPER,1.0,,74,50,25.0,1059.22,100.0,74,88.66666666666667,9.516938948316561,1508.810367752409
IPL26-181,Shimron Hetmyer,BATSMAN,2.0,,72,50,29.0,0.0,200.0,72,70.66666666666667,-0.25390425783916815,903.7115588410664
IPL26-182,Sam Curran,ALL_ROUNDER,2.0,,69,72,26.0,0.0,200.0,72,85.0,0.005269320023026047,1268.5686410032254
IPL26-183,Sandeep Sharma,BOWLER,2.0,,51,77,26.0,459.67,200.0,77,55.666666666666664,10.0,1154.4942953359393
IPL26-184,Vaibhav Suryavanshi,BATSMAN,0.5,,80,50,26.0,0.0,50.0,80,70.66666666666667,-2.3698575100380976,1551.5657387417834
IPL26-185,Tushar Deshpande,BOWLER,1.5,,50,72,26.0,0.0,150.0,72,55.666666666666664,-1.3540662758032327,747.3712870529374
IPL26-186,Shubham Dubey,BATSMAN,0.5,,72,50,32.0,0.0,50.0,72,70.66666666666667,-4.876422828781514,901.6129760821384
IPL26-187,Yudhvir Charak,BOWLER,0.5,,50,66,26.0,0.0,50.0,66,55.666666666666664,-1.571968457972057,573.6067063645486
IPL26-188,Kwena Maphaka,BOWLER,0.5,,50,52,20.0,0.0,50.0,52,55.666666666666664,-6.6499787072953005,273.73084356900125
IPL26-189,Lhuan-Dre Pretorius,BATSMAN,0.5,,57,50,20.0,0.0,50.0,57,70.66666666666667,-1.487310717116105,388.90826439124453
IPL26-190,Nandre Burger,BOWLER,1.0,,50,70,30.0,0.0,100.0,70,55.666666666666664,-2.697763551764779,720.470559249752
IPL26-191,Donovan Ferreira,WICKET_KEEPER,1.0,,69,50,27.0,0.0,100.0,69,88.66666666666667,-1.7672711494525828,1012.9019123501369
IPL26-192,Ravi Bishnoi,BOWLER,2.0,,51,74,25.0,466.26,200.0,74,55.666666666666664,9.775144018191922,1279.163920833132
IPL26-193,Adam Milne,BOWLER,1.0,,50,59,34.0,0.0,100.0,59,55.666666666666664,-2.2229681460841206,172.513686364544
IPL26-194,Ravi Singh,BATSMAN,0.25,,59,50,26.0,4.35,25.0,59,70.66666666666667,8.868654671966727,660.3276102077308
IPL26-195,Sushant Mishra,BOWLER,0.25,,51,75,25.0,0.0,25.0,75,55.666666666666664,-2.0197879832985013,888.8489358590741
IPL26-196,Kuldeep Sen,BOWLER,1.0,,50,70,29.0,0.0,100.0,70,55.666666666666664,-1.6354792082345873,798.2981023163063
IPL26-197,Brijesh Sharma,BOWLER,0.25,,50,67,26.0,210.22,25.0,67,55.666666666666664,10.0,816.6224237522483
IPL26-198,Aman Rao Perala,BATSMAN,0.25,,71,50,26.0,0.0,25.0,71,70.66666666666667,1.7156973762805945,994.2383872588957
IPL26-199,Vignesh Puthur,BOWLER,0.25,,50,73,25.0,0.0,25.0,73,55.666666666666664,-3.5961168461776074,637.1659858290866
IPL26-200,Virat Kohli,BATSMAN,2.0,,100,50,37.0,0.0,200.0,100,70.66666666666667,6.077482140321165,2226.300963577496
IPL26-201,Rajat Patidar,BATSMAN,1.5,,75,50,33.0,0.0,150.0,75,70.66666666666667,0.7529817197603488,1174.8637844331615
IPL26-202,Phil Salt,WICKET_KEEPER,1.0,,75,50,47.0,0.0,100.0,75,88.66666666666667,2.516782377467866,100.0
IPL26-203,Josh Hazlewood,BOWLER,1.5,,50,79,35.0,0.0,150.0,79,55.666666666666664,-1.3867772565543397,911.6900279751898
IPL26-204,Yash Dayal,BOWLER,1.5,,51,68,28.0,485.16,150.0,68,55.666666666666664,9.387562625359562,994.8139315371998
IPL26-205,Krunal Pandya,ALL_ROUNDER,2.0,,71,82,35.0,0.0,200.0,82,85.0,-0.8794097009624511,1202.038896174736
IPL26-206,Bhuvneshwar Kumar,BOWLER,2.0,,50,98,36.0,0.0,200.0,98,55.666666666666664,4.500156923913133,2173.7961913295567
IPL26-207,Tim David,BATSMAN,1.5,,74,50,26.0,0.0,150.0,74,70.66666666666667,0.5025290522428952,1080.573538391971
IPL26-208,Romario Shepherd,ALL_ROUNDER,1.0,,68,62,31.0,0.0,100.0,68,85.0,-0.9322442899527076,726.7313684589787
IPL26-209,Nuwan Thushara,BOWLER,1.0,,50,68,31.0,0.0,100.0,68,55.666666666666664,-0.9152204382785882,668.1782102978063
IPL26-210,Swapnil Singh,BOWLER,1.0,,59,66,35.0,131.12,100.0,66,55.666666666666664,9.87146248856107,395.8716970833558
IPL26-211,Jacob Bethell,BATSMAN,1.0,,64,50,20.0,0.0,100.0,64,70.66666666666667,-5.441898488654621,730.0083322807084
IPL26-212,Devdutt Padikkal,BATSMAN,1.5,,73,50,25.0,0.0,150.0,73,70.66666666666667,-0.4842175134189544,1241.392250960329
IPL26-213,Suyash Sharma,BOWLER,0.5,,50,64,26.0,369.66,50.0,64,55.666666666666664,10.0,773.899022296266
IPL26-214,Rasikh Dar,BOWLER,0.5,,50,71,26.0,0.0,50.0,71,55.666666666666664,-0.05399866140523718,786.6353757203309
IPL26-215,Jitesh Sharma,WICKET_KEEPER,1.5,,56,50,32.0,0.0,150.0,56,88.66666666666667,-6.256377976978694,399.96295009281494
IPL26-216,Abhinandan Singh,BOWLER,0.25,,50,59,26.0,38.42,25.0,59,55.666666666666664,10.0,643.51383755975
IPL26-217,Venkatesh Iyer,ALL_ROUNDER,1.5,,73,60,35.0,0.0,150.0,73,85.0,2.4653741740750124,874.082209505616
IPL26-218,Jordan Cox,WICKET_KEEPER,1.0,,80,50,34.0,0.0,100.0,80,88.66666666666667,2.917123042350312,1089.1561808992951
IPL26-219,Mangesh Yadav,BOWLER,0.25,,72,65,26.0,0.0,25.0,72,55.666666666666664,-2.5554126325336126,864.8521560638184
IPL26-220,Vicky Kanhaiya Ostwal,BOWLER,0.5,,60,74,26.0,0.0,50.0,74,55.666666666666664,0.46687990742385643,1068.713479692689
IPL26-221,Kanishk Chouhan,BATSMAN,0.25,,50,50,26.0,0.0,25.0,50,70.66666666666667,-5.174052447845131,235.67023590813127
IPL26-222,Vihaan Malhotra,BATSMAN,0.25,,50,50,19.0,0.0,25.0,50,70.66666666666667,-4.619467624271576,357.03485445562313
IPL26-223,Satvik Deswal,BOWLER,0.25,,50,77,26.0,0.0,25.0,77,55.666666666666664,3.6363453316248098,1171.3007497033943
IPL26-224,Yash Raj Punja,BOWLER,0.25,,50,68,26.0,128.95,25.0,68,55.666666666666664,10.0,799.7840221398421
IPL26-225,Pat Cummins,ALL_ROUNDER,2.0,,67,78,33.0,0.0,200.0,78,85.0,-1.7119848457800657,1468.0061737789313
IPL26-226,Heinrich Klaasen,WICKET_KEEPER,1.5,,80,50,26.0,0.0,150.0,80,88.66666666666667,4.319217558552972,1813.3489923633258
IPL26-227,Travis Head,BATSMAN,1.5,,75,50,32.0,0.0,150.0,75,70.66666666666667,0.5755153392740439,899.4044048405893
IPL26-228,Abhishek Sharma,ALL_ROUNDER,1.5,,79,59,26.0,1410.48,150.0,79,85.0,10.0,1328.0127725127622
IPL26-229,Nitish Kumar Reddy,ALL_ROUNDER,1.0,,70,62,23.0,0.0,100.0,70,85.0,0.9044421587602007,892.1189360515938
IPL26-230,Ishan Kishan,WICKET_KEEPER,2.0,,78,50,27.0,1062.44,200.0,78,88.66666666666667,9.865691258529452,1844.1659596508703
IPL26-231,Harshal Patel,BOWLER,2.0,,50,88,35.0,0.0,200.0,88,55.666666666666664,7.2043942384676765,2175.0051673543176
IPL26-232,Jaydev Unadkat,BOWLER,2.0,,50,81,33.0,0.0,200.0,81,55.666666666666664,1.502712488546472,1164.2162939044974
IPL26-233,Zeeshan Ansari,BOWLER,0.5,,50,59,26.0,99.75,50.0,59,55.666666666666664,8.251468026761819,618.673950086553
IPL26-234,Brydon Carse,BOWLER,1.0,,50,72,30.0,0.0,100.0,72,55.666666666666664,-0.8031320858368267,765.6519608978205
IPL26-235,Kamindu Mendis,BATSMAN,1.0,,65,68,27.0,0.0,100.0,68,70.66666666666667,-4.841520847286721,841.415038767905
IPL26-236,Harsh Dubey,BOWLER,0.5,,57,70,23.0,174.77,50.0,70,55.666666666666664,10.0,1072.6208791623203
IPL26-237,Aniket Verma,BATSMAN,0.25,,66,50,24.0,403.65,25.0,66,70.66666666666667,10.0,932.5991015475519
IPL26-238,Eshan Malinga,BOWLER,0.25,,50,74,25.0,0.0,25.0,74,55.666666666666664,-2.9225870001460748,853.6289378672597
IPL26-239,Smaran Ravichandaran,BATSMAN,0.25,,73,50,26.0,0.0,25.0,73,70.66666666666667,-0.9650177067827932,873.9495692335636
IPL26-240,Liam Livingstone,ALL_ROUNDER,1.5,,70,67,32.0,0.0,150.0,70,85.0,-1.423400718852648,816.7194956865275
IPL26-241,Salil Arora,WICKET_KEEPER,0.25,,68,50,23.0,31.36,25.0,68,88.66666666666667,9.785078969711265,809.3543331991633
IPL26-242,Jack Edwards,ALL_ROUNDER,1.0,,62,77,26.0,0.0,100.0,77,85.0,0.6453473144742969,1476.583087716291
IPL26-243,Shivam Mavi,BOWLER,1.5,,50,64,27.0,0.0,150.0,64,55.666666666666664,0.23402703034138728,684.6317720287087
IPL26-244,Amit Kumar,BOWLER,0.25,,50,56,26.0,0.0,25.0,56,55.666666666666664,-2.4636874701245772,302.86403152694544
IPL26-245,Onkar Tarmale,ALL_ROUNDER,0.25,,51,56,26.0,0.0,25.0,56,85.0,0.50275196510459,525.076593420871
IPL26-246,Sakib Hussain,BOWLER,0.25,,50,71,21.0,221.1,25.0,71,55.666666666666664,9.437831973421698,1008.0681035303945
IPL26-247,Praful Hinge,BOWLER,0.25,,50,70,26.0,0.0,25.0,70,55.666666666666664,-1.7385355402204399,754.8594615928755
IPL26-248,Shivang Kumar,BOWLER,0.25,,58,63,26.0,185.9,25.0,63,55.666666666666664,8.316561807779049,782.576069663098
IPL26-249,Krains Fuletra,BOWLER,0.25,,50,55,26.0,0.0,25.0,55,55.666666666666664,0.6344682666830489,389.1809795722277
IPL26-250,Jake Fraser-McGurk,BATSMAN,1.0,,71,50,23.0,0.0,100.0,71,70.66666666666667,1.4161863286274698,822.7523517335386
IPL26-251,Devon Conway,WICKET_KEEPER,1.5,,76,50,26.0,0.0,150.0,76,88.66666666666667,0.10126771071566654,1222.5924000441498
IPL26-252,Gus Atkinson,BOWLER,1.0,,50,80,28.0,0.0,100.0,80,55.666666666666664,-2.376133868002147,1113.7551396553538
IPL26-253,Jamie Smith,WICKET_KEEPER,1.0,,71,50,37.0,0.0,100.0,71,88.66666666666667,-0.4275194286665237,100.0
IPL26-254,Deepak Hooda,ALL_ROUNDER,2.0,,66,60,31.0,0.0,200.0,66,85.0,-2.273331327610629,804.8415836760468
IPL26-255,Wiaan Mulder,BOWLER,1.0,,57,50,28.0,0.0,100.0,57,55.666666666666664,-1.8918378529962094,331.5985923023793
IPL26-256,Rahmanullah Gurbaz,WICKET_KEEPER,1.0,,67,50,24.0,183.09,100.0,67,88.66666666666667,9.190396480078354,1078.076581099126
IPL26-257,Jonny Bairstow,WICKET_KEEPER,1.5,,75,50,36.0,0.0,150.0,75,88.66666666666667,1.3705362936111793,570.4374723770297
IPL26-258,K.S. Bharat,WICKET_KEEPER,1.5,,67,50,26.0,0.0,150.0,67,88.66666666666667,-2.2194971723846617,780.7946238547906
IPL26-259,Gerald Coetzee,BOWLER,1.0,,50,67,25.0,0.0,100.0,67,55.666666666666664,-3.308039707015089,509.88400316103593
IPL26-260,Spencer Johnson,BOWLER,1.0,,50,57,38.0,0.0,100.0,57,55.666666666666664,-6.0834102013680305,100.0
IPL26-261,Fazalhaq Farooqi,BOWLER,1.0,,50,63,25.0,34.22,100.0,63,55.666666666666664,10.0,743.7992088496935
IPL26-262,Maheesh Theekshana,BOWLER,1.0,,50,71,25.0,0.0,100.0,71,55.666666666666664,-2.129415794660611,882.0712930297503
IPL26-263,Mujeeb Ur Rahman,BOWLER,2.0,,50,67,25.0,8.29,200.0,67,55.666666666666664,9.890390196074168,969.0629509391468
IPL26-264,Aarya Desai,BATSMAN,0.25,,55,50,23.0,0.0,25.0,55,70.66666666666667,-2.3755653705583906,395.0550380993507
IPL26-265,Yash Dhull,BATSMAN,0.5,,55,50,23.0,0.0,50.0,55,70.66666666666667,-3.9418235416217198,352.77230473499196
IPL26-266,Abhinav Manohar,BATSMAN,0.5,,62,50,31.0,0.0,50.0,62,70.66666666666667,-5.3502736200910785,398.7279228112611
IPL26-267,Anmolpreet Singh,BATSMAN,1.0,,63,50,28.0,4.93,100.0,63,70.66666666666667,10.0,921.8513022103037
IPL26-268,Atharva Taide,BATSMAN,0.5,,69,50,26.0,59.39,50.0,69,70.66666666666667,10.0,919.5467354768805
IPL26-269,Mahipal Lomror,BATSMAN,1.5,,65,50,26.0,0.0,150.0,65,70.66666666666667,-1.9491184663267962,583.1619075955548
IPL26-270,Vijay Shankar,ALL_ROUNDER,2.0,,68,66,35.0,0.0,200.0,68,85.0,0.0675891639684093,459.97061065834237
IPL26-271,Tanush Kotian,BATSMAN,0.5,,61,55,27.0,18.32,50.0,61,70.66666666666667,9.66618051024399,776.5892362759977
IPL26-272,Kamlesh Nagarkoti,BOWLER,1.5,,50,57,26.0,0.0,150.0,57,55.666666666666664,-4.1945902348156245,375.59641506082687
IPL26-273,Ruchit Ahir,BATSMAN,0.25,,74,50,26.0,0.0,25.0,74,70.66666666666667,0.4770924040891497,1047.5677538224234
IPL26-274,Sanvir Singh,BATSMAN,0.5,,60,53,29.0,20.67,50.0,60,70.66666666666667,9.89269785599577,591.1644333783777
IPL26-275,Vansh Bedi,WICKET_KEEPER,0.25,,50,50,23.0,0.0,25.0,50,88.66666666666667,-4.435865637297722,283.0544999796895
IPL26-276,Raj Limbani,BOWLER,0.25,,50,75,26.0,0.0,25.0,75,55.666666666666664,-3.8568167477297455,732.2891995873414
IPL26-277,Simarjeet Singh,BOWLER,1.0,,50,65,28.0,87.74,100.0,65,55.666666666666664,8.873232531090196,748.7311606249531
IPL26-278,Akash Madhwal,BOWLER,1.0,,50,68,32.0,143.34,100.0,68,55.666666666666664,8.806074993600944,871.7754776137488
IPL26-279,Karn Sharma,BOWLER,2.0,,50,80,38.0,0.0,200.0,80,55.666666666666664,1.8585178154602733,200.0
IPL26-280,Sean Abbott,BOWLER,1.0,,50,54,34.0,0.0,100.0,54,55.666666666666664,-1.3459159477784397,100.0
IPL26-281,Michael Bracewell,ALL_ROUNDER,1.0,,67,74,35.0,0.0,100.0,74,85.0,4.197402632543186,916.5810208188865
IPL26-282,Daryl Mitchell,BATSMAN,1.0,,67,53,26.0,0.0,100.0,67,70.66666666666667,1.1456552055105629,698.488463741977
IPL26-283,Dasun Shanaka,BATSMAN,1.5,,62,55,34.0,0.0,150.0,62,70.66666666666667,-4.854494260969726,273.00458294295464
IPL26-284,Chetan Sakariya,BOWLER,1.5,,50,70,27.0,0.0,150.0,70,55.666666666666664,-4.6767078139829845,865.768056091248
IPL26-285,Waqar Salamkheil,BOWLER,1.0,,50,72,29.0,0.0,100.0,72,55.666666666666664,-0.11260326531670217,832.3933460662385
IPL26-286,Taskin Ahmed,BOWLER,1.0,,50,80,31.0,0.0,100.0,80,55.666666666666664,1.239788149916179,1390.4841283653568
IPL26-287,Alzarri Joseph,BOWLER,1.5,,50,68,29.0,0.0,150.0,68,55.666666666666664,-0.9907522256390201,837.4910245279548
IPL26-288,Riley Meredith,BOWLER,1.0,,50,69,29.0,0.0,100.0,69,55.666666666666664,6.337319162724652,1010.1869801648025
IPL26-289,Jhye Richardson,BOWLER,1.5,,50,58,29.0,0.0,150.0,58,55.666666666666664,-2.730309556310793,361.6325059585005
IPL26-290,Daniel Lawrence,BATSMAN,1.0,,79,50,26.0,0.0,100.0,79,70.66666666666667,1.09183146998541,1627.939194081659
IPL26-291,Murugan Ashwin,BOWLER,1.5,,50,72,35.0,0.0,150.0,72,55.666666666666664,2.0559137831039385,594.82282137066
IPL26-292,William Sutherland,ALL_ROUNDER,1.0,,66,71,26.0,0.0,100.0,71,85.0,-0.5699605231282105,874.0799872424108
IPL26-293,Kartikeya Singh,BOWLER,0.5,,56,79,26.0,0.0,50.0,79,55.666666666666664,0.40870837483045835,1198.8721378809187
IPL26-294,Shivam Shukla,BOWLER,0.25,,50,63,26.0,0.0,25.0,63,55.666666666666664,1.1920211107365084,537.9580130589939
IPL26-295,Wahidullah Zadran,BOWLER,1.0,,50,62,26.0,0.0,100.0,62,55.666666666666664,-5.065035020661567,433.39967912507643
IPL26-296,KC Cariappa,BOWLER,0.5,,50,59,32.0,0.0,50.0,59,55.666666666666664,-6.203924736226348,251.26831447077248
IPL26-297,Sediqullah Atal,BATSMAN,1.0,,65,50,24.0,14.99,100.0,65,70.66666666666667,9.71399577811989,908.4261433753267
IPL26-298,Nathan Smith,BOWLER,1.0,,51,53,26.0,0.0,100.0,53,55.666666666666664,-4.2697674606596365,233.03348742158582
IPL26-299,Manan Vohra,BATSMAN,1.5,,67,50,32.0,0.0,150.0,67,70.66666666666667,0.522095732993239,577.7317155538495
IPL26-300,Jacob Duffy,BOWLER,1.0,,50,67,25.0,0.0,100.0,67,55.666666666666664,1.7997675388946004,619.0075766654305
IPL26-001,MS Dhoni,WICKET_KEEPER,2.0,,76,50,44.0,492.22,200.0,76,88.66666666666667,10.0,216.72956346701747
IPL26-002,Ruturaj Gaikwad,BATSMAN,2.0,,79,50,29.0,0.0,200.0,79,70.66666666666667,1.7632840365016142,1661.9377629691876
IPL26-003,Sanju Samson,WICKET_KEEPER,2.0,,85,50,31.0,0.0,200.0,85,88.66666666666667,1.1557656134389453,1735.3555485661864
IPL26-004,Shivam Dube,ALL_ROUNDER,2.0,,75,60,32.0,0.0,200.0,75,85.0,-0.2291442104177892,1101.0987668992154
IPL26-005,Ayush Mhatre,BATSMAN,0.25,,73,50,18.0,0.0,25.0,73,70.66666666666667,2.8869847101055193,1297.0921179123077
IPL26-006,Dewald Brevis,BATSMAN,1.0,,68,50,23.0,0.0,100.0,68,70.66666666666667,-1.602420451387339,779.2228591017682
IPL26-007,Urvil Patel,WICKET_KEEPER,0.25,,69,50,27.0,268.05,25.0,69,88.66666666666667,10.0,952.3849688256294
IPL26-008,Noor Ahmad,BOWLER,1.5,,51,76,21.0,701.28,150.0,76,55.666666666666664,9.638236931163187,1521.6085805929931
IPL26-009,Nathan Ellis,BOWLER,1.0,,50,71,26.0,0.0,100.0,71,55.666666666666664,-0.988152524928912,985.7118497349044
IPL26-010,Shreyas Gopal,BOWLER,2.0,,50,76,32.0,0.0,200.0,76,55.666666666666664,2.6929402163245677,1164.989537669184
IPL26-011,Khaleel Ahmed,BOWLER,2.0,,50,80,26.0,0.0,200.0,80,55.666666666666664,3.4080388889992834,1715.9329029136234
IPL26-012,Ramakrishna Ghosh,BOWLER,0.25,,61,55,28.0,0.0,25.0,61,55.666666666666664,-3.8635665680600337,318.6204056011894
IPL26-013,Mukesh Choudhary,BOWLER,1.5,,50,68,30.0,140.19,150.0,68,55.666666666666664,8.827408391147257,835.5478063905117
IPL26-014,Jamie Overton,ALL_ROUNDER,1.0,,69,71,32.0,0.0,100.0,71,85.0,0.2716482655067713,1013.8814324282663
IPL26-015,Gurjapneet Singh,BOWLER,0.5,,50,58,27.0,99.53,50.0,58,55.666666666666664,10.0,650.0312880680135
IPL26-016,Anshul Kamboj,ALL_ROUNDER,0.5,,66,72,31.0,0.0,50.0,72,85.0,-1.2715619982113617,1028.656381657163
IPL26-017,Prashant Veer,BATSMAN,0.25,,73,50,20.0,0.0,25.0,73,70.66666666666667,-0.2855627916446444,1130.3822384308285
IPL26-018,Kartik Sharma,WICKET_KEEPER,0.25,,70,50,26.0,292.84,25.0,70,88.66666666666667,8.55194362795931,1386.932210701431
IPL26-019,Rahul Chahar,BOWLER,2.0,,50,78,26.0,0.0,200.0,78,55.666666666666664,0.24118195311712687,1471.0588146716248
IPL26-020,Akeal Hosein,BOWLER,1.0,,58,71,33.0,0.0,100.0,71,55.666666666666664,-3.9867731575200582,597.8974547969815
IPL26-021,Matt Henry,BOWLER,1.0,,50,54,47.0,0.0,100.0,54,55.666666666666664,-8.375104642987138,108.36478173350874
IPL26-022,Matthew Short,BATSMAN,1.0,,64,50,26.0,0.0,100.0,64,70.66666666666667,-3.0841038091517388,574.2782669355939
IPL26-023,Sarfaraz Khan,BATSMAN,1.0,,67,50,26.0,0.0,100.0,67,70.66666666666667,-6.04540748808061,715.6035522798928
IPL26-024,Zak Foulkes,BOWLER,1.0,,50,81,24.0,0.0,100.0,81,55.666666666666664,4.544441237503429,1319.7272899667282
IPL26-025,Aman Khan,BOWLER,0.25,,55,64,26.0,0.0,25.0,64,55.666666666666664,-4.285766682599758,374.954945644426
IPL26-026,KL Rahul,WICKET_KEEPER,2.0,,87,50,34.0,1380.75,200.0,87,88.66666666666667,10.0,2500.0
IPL26-027,Axar Patel,ALL_ROUNDER,2.0,,71,86,32.0,0.0,200.0,86,85.0,-0.9615052282540739,2429.4846841010326
IPL26-028,Kuldeep Yadav,BOWLER,2.0,,52,77,26.0,718.52,200.0,77,55.666666666666664,10.0,1712.1407084363161
IPL26-029,T. Natarajan,BOWLER,2.0,,50,75,26.0,0.0,200.0,75,55.666666666666664,4.42321718418838,1260.9179442357383
IPL26-030,Mitchell Starc,BOWLER,1.5,,50,80,36.0,0.0,150.0,80,55.666666666666664,1.7142534182353142,668.4290029644429
IPL26-031,Tristan Stubbs,WICKET_KEEPER,1.5,,77,50,25.0,0.0,150.0,77,88.66666666666667,0.33060142969062306,1284.6229812153863
IPL26-032,Mukesh Kumar,BOWLER,1.5,,51,67,26.0,521.18,150.0,67,55.666666666666664,9.864745674606308,908.9668221847885
IPL26-033,Nitish Rana,BATSMAN,2.0,,76,50,32.0,0.0,200.0,76,70.66666666666667,-1.645929812243628,1282.0939902592077
IPL26-034,Abishek Porel,WICKET_KEEPER,1.0,,70,50,23.0,743.92,100.0,70,88.66666666666667,10.0,1367.5405626240722
IPL26-035,Ashutosh Sharma,BATSMAN,0.5,,72,50,26.0,869.41,50.0,72,70.66666666666667,10.0,1280.8798527037368
IPL26-036,Sameer Rizvi,BATSMAN,0.5,,71,50,22.0,503.63,50.0,71,70.66666666666667,10.0,1075.0544005066904
IPL26-037,Karun Nair,BATSMAN,1.5,,69,50,34.0,0.0,150.0,69,70.66666666666667,-2.5301798594705716,731.5841036262661
IPL26-038,Dushmantha Chameera,BOWLER,1.0,,50,61,34.0,0.0,100.0,61,55.666666666666664,-1.6261944570704658,226.3235284226973
IPL26-039,Vipraj Nigam,ALL_ROUNDER,0.5,,68,66,21.0,0.0,50.0,68,85.0,-2.600831392597319,845.348592051192
IPL26-040,Ajay Mandal,ALL_ROUNDER,0.25,,60,69,26.0,0.0,25.0,69,85.0,-0.8585644671614294,914.1390131691446
IPL26-041,Madhav Tiwari,BOWLER,0.25,,50,70,22.0,0.0,25.0,70,55.666666666666664,-2.9483554591392513,741.1754057407021
IPL26-042,Tripurana Vijay,BOWLER,0.25,,50,50,24.0,0.0,25.0,50,55.666666666666664,-4.437998311039201,159.62168128071588
IPL26-043,Auqib Nabi Dar,ALL_ROUNDER,0.25,,60,76,26.0,0.0,25.0,76,85.0,-1.5349701617018505,1166.9485852874457
IPL26-044,Pathum Nissanka,BATSMAN,1.0,,69,50,28.0,0.0,100.0,69,70.66666666666667,1.610206456342473,1048.4417479249344
IPL26-045,David Miller,BATSMAN,2.0,,80,50,26.0,0.0,200.0,80,70.66666666666667,0.28904604872503525,1349.5084270735051
IPL26-046,Ben Duckett,BATSMAN,1.0,,84,50,31.0,0.0,100.0,84,70.66666666666667,-0.8510351963372124,1531.326351750048
IPL26-047,Lungi Ngidi,BOWLER,1.5,,50,77,30.0,0.0,150.0,77,55.666666666666664,2.9017069288320556,1087.3149708263793
IPL26-048,Kyle Jamieson,ALL_ROUNDER,1.5,,62,68,26.0,0.0,150.0,68,85.0,-3.3266446266658565,729.5084512686813
IPL26-049,Prithvi Shaw,BATSMAN,2.0,,72,50,26.0,0.0,200.0,72,70.66666666666667,0.5333854347674019,1308.5003599783035
IPL26-050,Sahil Parakh,BATSMAN,0.25,,61,50,26.0,0.0,25.0,61,70.66666666666667,-6.297960436661468,422.3411333803093
IPL26-051,Shubman Gill,BATSMAN,2.0,,84,50,26.0,1502.36,200.0,84,70.66666666666667,9.40615983775336,2167.233286367377
IPL26-052,Rashid Khan,ALL_ROUNDER,2.0,,63,83,26.0,1036.91,200.0,83,85.0,10.0,1825.588206063432
IPL26-053,Jos Buttler,WICKET_KEEPER,2.0,,86,50,35.0,0.0,200.0,86,88.66666666666667,0.7260817288084431,1831.9299762544913
IPL26-054,Kagiso Rabada,BOWLER,2.0,,50,89,31.0,0.0,200.0,89,55.666666666666664,3.7782256878575557,2360.4889484135674
IPL26-055,Mohammed Siraj,BOWLER,2.0,,52,79,32.0,835.35,200.0,79,55.666666666666664,10.0,1442.6769179217652
IPL26-056,Sai Sudharsan,BATSMAN,1.5,,83,50,24.0,1572.25,150.0,83,70.66666666666667,9.232945493429323,1997.2044392733908
IPL26-057,Prasidh Krishna,BOWLER,2.0,,51,77,30.0,571.61,200.0,77,55.666666666666664,10.0,1492.0362345394283
IPL26-058,Washington Sundar,ALL_ROUNDER,2.0,,69,64,26.0,670.48,200.0,69,85.0,9.179758670551298,1350.9565003774167
IPL26-059,Rahul Tewatia,ALL_ROUNDER,2.0,,70,71,33.0,0.0,200.0,71,85.0,0.6529053019102169,1064.382558400188
IPL26-060,Shahrukh Khan,BATSMAN,1.5,,66,51,26.0,378.48,150.0,66,70.66666666666667,8.359733360774683,854.6661280476845
IPL26-061,R. Sai Kishore,BOWLER,1.5,,50,75,26.0,0.0,150.0,75,55.666666666666664,-1.2898218406121522,1138.1903267206492
IPL26-062,Glenn Phillips,BATSMAN,1.5,,61,50,26.0,0.0,150.0,61,70.66666666666667,-3.222344254723511,636.4184498322026
IPL26-063,Jayant Yadav,BOWLER,2.0,,63,61,36.0,0.0,200.0,63,55.666666666666664,-3.550647063005567,216.72956346701747
IPL26-064,Anuj Rawat,WICKET_KEEPER,0.5,,66,50,26.0,109.12,50.0,66,88.66666666666667,10.0,1170.1090849085988
IPL26-065,Kumar Kushagra,WICKET_KEEPER,0.5,,56,50,21.0,18.97,50.0,56,88.66666666666667,9.86523142088488,856.0257789230724
IPL26-066,Gurnoor Singh Brar,BOWLER,0.5,,56,65,26.0,0.0,50.0,65,55.666666666666664,-4.9268531935247,435.2463469059867
IPL26-067,Nishant Sindhu,BATSMAN,0.5,,61,50,22.0,0.0,50.0,61,70.66666666666667,-3.6310809744326766,411.9335745722595
IPL26-068,Manav Suthar,BOWLER,0.25,,50,58,23.0,0.0,25.0,58,55.666666666666664,-4.784546497580408,333.116893849161
IPL26-069,Ishant Sharma,BOWLER,1.5,,50,78,37.0,0.0,150.0,78,55.666666666666664,2.4948006407929686,238.32925212637602
IPL26-070,Arshad Khan,BOWLER,0.5,,52,64,26.0,357.1,50.0,64,55.666666666666664,10.0,820.9191758246063
IPL26-071,Jason Holder,ALL_ROUNDER,1.5,,61,79,41.0,0.0,150.0,79,85.0,1.4903207059619499,162.5471726002631
IPL26-072,Tom Banton,WICKET_KEEPER,1.0,,58,50,27.0,0.0,100.0,58,88.66666666666667,-7.1052907853508565,502.6300841159786
IPL26-073,Ashok Sharma,BOWLER,0.25,,50,64,26.0,94.13,25.0,64,55.666666666666664,10.0,732.3049636117468
IPL26-074,Luke Wood,BOWLER,1.0,,50,50,26.0,0.0,100.0,50,55.666666666666664,-4.513196434219941,301.86509384226866
IPL26-075,Prithvi Raj,BOWLER,0.25,,55,73,26.0,0.0,25.0,73,55.666666666666664,-1.8797368537858576,899.6882860930223
IPL26-076,Sunil Narine,ALL_ROUNDER,2.0,,70,98,37.0,0.0,200.0,98,85.0,2.248126162208362,2500.0
IPL26-077,Varun Chakravarthy,BOWLER,2.0,,50,85,34.0,0.0,200.0,85,55.666666666666664,2.4599212375317308,2088.6891338560945
IPL26-078,Rinku Singh,BATSMAN,1.5,,74,50,37.0,0.0,150.0,74,70.66666666666667,2.7349182317626886,162.5471726002631
IPL26-079,Harshit Rana,BOWLER,1.0,,51,73,24.0,541.9,100.0,73,55.666666666666664,9.370094745281587,1466.7739312704553
IPL26-080,Angkrish Raghuvanshi,BATSMAN,0.5,,73,50,22.0,0.0,50.0,73,70.66666666666667,1.3076356363961208,1276.3450354876159
IPL26-081,Ramandeep Singh,ALL_ROUNDER,1.5,,63,65,26.0,355.97,150.0,65,85.0,10.0,947.3903860655062
IPL26-082,Ajinkya Rahane,BATSMAN,2.0,,79,50,38.0,0.0,200.0,79,70.66666666666667,-1.1568262172562553,216.72956346701747
IPL26-083,Rovman Powell,BATSMAN,1.5,,67,50,32.0,0.0,150.0,67,70.66666666666667,-1.585063436858777,632.8989428192273
IPL26-084,Vaibhav Arora,BOWLER,1.5,,50,73,28.0,0.0,150.0,73,55.666666666666664,-1.278266179623739,873.0616237035489
IPL26-085,Manish Pandey,BATSMAN,2.0,,73,50,26.0,0.0,200.0,73,70.66666666666667,1.418573574702822,1036.1036850639935
IPL26-086,Anukul Roy,BOWLER,0.5,,60,69,27.0,0.0,50.0,69,55.666666666666664,-2.0794523790920714,774.8841714966704
IPL26-087,Umran Malik,BOWLER,1.5,,50,65,26.0,0.0,150.0,65,55.666666666666664,-2.348179230229466,552.9899823248121
IPL26-088,Cameron Green,ALL_ROUNDER,1.0,,75,66,26.0,0.0,100.0,75,85.0,-3.8655886458509405,1142.5745433334766
IPL26-089,Matheesha Pathirana,BOWLER,1.5,,50,77,24.0,0.0,150.0,77,55.666666666666664,-0.7893006017305373,1449.281126598004
IPL26-090,Mustafizur Rahman,BOWLER,1.5,,50,77,30.0,258.07,150.0,77,55.666666666666664,9.145327055028583,1214.7651343205582
IPL26-091,Tejasvi Singh,BATSMAN,0.25,,78,50,26.0,0.0,25.0,78,70.66666666666667,2.5600887700508634,1542.0685551694557
IPL26-092,Finn Allen,BATSMAN,1.0,,74,50,27.0,0.0,100.0,74,70.66666666666667,2.520444339788976,1100.219457733306
IPL26-093,Rachin Ravindra,BATSMAN,1.0,,68,50,26.0,0.0,100.0,68,70.66666666666667,-0.5403107193499899,694.254569696604
IPL26-094,Tim Seifert,WICKET_KEEPER,1.0,,58,50,24.0,0.0,100.0,58,88.66666666666667,0.7945546251582547,655.6524879213549
IPL26-095,Akash Deep,BOWLER,1.0,,50,58,26.0,74.49,100.0,58,55.666666666666664,8.709635515457164,729.6021234676346
IPL26-096,Rahul Tripathi,BATSMAN,2.0,,73,50,26.0,0.0,200.0,73,70.66666666666667,-0.32564183117723056,1392.8333788203884
IPL26-097,Prashant Solanki,BOWLER,0.25,,50,75,26.0,0.0,25.0,75,55.666666666666664,-1.1011470153711966,1124.0519894882448
IPL26-098,Kartik Tyagi,BOWLER,1.0,,51,71,25.0,267.17,100.0,71,55.666666666666664,8.894646682447208,1271.4913158892155
IPL26-099,Sarthak Ranjan,BATSMAN,0.25,,59,50,29.0,0.0,25.0,59,70.66666666666667,-1.695026181027412,382.76151217181337
IPL26-100,Daksh Kamra,BATSMAN,0.25,,50,50,26.0,0.0,25.0,50,70.66666666666667,-1.080554244911003,287.41680989921485
IPL26-101,Rishabh Pant,WICKET_KEEPER,2.0,,82,50,28.0,0.0,200.0,82,88.66666666666667,1.8877969977751339,2117.1213421354637
IPL26-102,Nicholas Pooran,WICKET_KEEPER,2.0,,77,50,30.0,0.0,200.0,77,88.66666666666667,3.7658690625042097,1769.2664448970165
IPL26-103,Mayank Yadav,BOWLER,1.0,,50,63,26.0,0.0,100.0,63,55.666666666666664,-6.269781430209708,519.569212849874
IPL26-104,Mohammed Shami,BOWLER,2.0,,51,77,36.0,366.12,200.0,77,55.666666666666664,8.844374518331138,789.6910799772169
IPL26-105,Mohsin Khan,BOWLER,1.5,,51,75,38.0,341.0,150.0,75,55.666666666666664,10.0,162.5471726002631
IPL26-106,Ayush Badoni,BATSMAN,0.5,,70,50,26.0,0.0,50.0,70,70.66666666666667,-0.09499785997977406,1001.3909109365499
IPL26-107,Avesh Khan,BOWLER,1.5,,51,73,29.0,614.92,150.0,73,55.666666666666664,10.0,1194.9885676553395
IPL26-108,Abdul Samad,BATSMAN,1.5,,66,55,26.0,652.13,150.0,66,70.66666666666667,8.166658835493568,1224.6683152008072
IPL26-109,Mitchell Marsh,ALL_ROUNDER,1.5,,75,76,34.0,0.0,150.0,76,85.0,0.34601027088336267,1282.6837702980774
IPL26-110,Aiden Markram,ALL_ROUNDER,1.5,,73,56,31.0,0.0,150.0,73,85.0,-0.6627760138617864,1115.8133151408076
IPL26-111,Shahbaz Ahmed,ALL_ROUNDER,1.5,,62,63,26.0,458.64,150.0,63,85.0,9.052507865026225,1115.6133872143887
IPL26-112,Matthew Breetzke,BATSMAN,1.0,,61,50,27.0,0.0,100.0,61,70.66666666666667,-3.2426684791505616,617.8134064804663
IPL26-113,Digvesh Rathi,BOWLER,0.5,,50,65,26.0,0.0,50.0,65,55.666666666666664,-5.95975884782968,404.64843611598894
IPL26-114,Himmat Singh,BATSMAN,0.5,,66,50,29.0,101.92,50.0,66,70.66666666666667,10.0,1068.1967288081141
IPL26-115,Arshin Kulkarni,BATSMAN,0.25,,56,50,26.0,0.0,25.0,56,70.66666666666667,-5.272213004262078,343.16361243736156
IPL26-116,Manimaran Siddharth,BOWLER,0.5,,50,68,27.0,0.0,50.0,68,55.666666666666664,-1.544224797351193,803.4802738305879
IPL26-117,Akash Singh,BOWLER,0.25,,50,67,39.0,96.39,25.0,67,55.666666666666664,10.0,27.091195433377184
IPL26-118,Arjun Tendulkar,BOWLER,0.5,,59,64,26.0,32.51,50.0,64,55.666666666666664,9.727024600080165,919.2563188903907
IPL26-119,Prince Yadav,BATSMAN,0.25,,52,55,24.0,347.54,25.0,55,70.66666666666667,9.222460960155022,608.361526072174
IPL26-120,Josh Inglis,WICKET_KEEPER,1.0,,74,50,31.0,0.0,100.0,74,88.66666666666667,3.484472886699948,1005.1653955977258
IPL26-121,Akshat Raghuwanshi,BATSMAN,0.25,,59,50,22.0,22.82,25.0,59,70.66666666666667,9.511803002767753,850.6966835570121
IPL26-122,Mukul Choudhary,BATSMAN,0.25,,71,50,21.0,0.0,25.0,71,70.66666666666667,-0.8091189012085209,759.7240051329096
IPL26-123,Wanindu Hasaranga,BOWLER,1.5,,57,76,28.0,0.0,150.0,76,55.666666666666664,-2.0807075827660872,1133.4379717618706
IPL26-124,Anrich Nortje,BOWLER,1.5,,50,76,32.0,0.0,150.0,76,55.666666666666664,-0.963108648994069,1380.6472651553906
IPL26-125,Naman Tiwari,BOWLER,0.25,,50,76,26.0,0.0,25.0,76,55.666666666666664,2.97577590079288,1370.2695447888693
IPL26-126,Rohit Sharma,BATSMAN,2.0,,54,50,39.0,0.0,200.0,54,70.66666666666667,-3.768758651854383,216.72956346701747
IPL26-127,Jasprit Bumrah,BOWLER,2.0,,50,95,32.0,0.0,200.0,95,55.666666666666664,3.696532914544569,2500.0
IPL26-128,Suryakumar Yadav,BATSMAN,2.0,,84,50,35.0,0.0,200.0,84,70.66666666666667,2.760987259445707,1610.3642724828096
IPL26-129,Hardik Pandya,ALL_ROUNDER,2.0,,77,76,32.0,0.0,200.0,77,85.0,2.57584690509611,1340.934761522305
IPL26-130,Tilak Varma,BATSMAN,1.5,,76,50,23.0,1185.21,150.0,76,70.66666666666667,10.0,1448.73527585002
IPL26-131,Trent Boult,BOWLER,2.0,,50,87,36.0,0.0,200.0,87,55.666666666666664,3.00919371863203,1597.9970181194824
IPL26-132,Deepak Chahar,BOWLER,2.0,,50,80,26.0,0.0,200.0,80,55.666666666666664,0.11813749349330505,1730.5168249890385
IPL26-133,Naman Dhir,BATSMAN,0.5,,71,55,26.0,863.67,50.0,71,70.66666666666667,9.183596013898958,1287.2689515375316
IPL26-134,Will Jacks,ALL_ROUNDER,1.5,,70,67,27.0,0.0,150.0,70,85.0,-1.463817354402806,1149.4632607139295
IPL26-135,Robin Minz,WICKET_KEEPER,0.5,,55,50,23.0,0.0,50.0,55,88.66666666666667,-4.715845676954054,371.4206457382405
IPL26-136,Ryan Rickelton,WICKET_KEEPER,1.0,,73,50,29.0,0.0,100.0,73,88.66666666666667,-4.382416913356725,1091.7200653193538
IPL26-137,Shardul Thakur,ALL_ROUNDER,2.0,,62,82,34.0,0.0,200.0,82,85.0,3.050725097659477,1348.9235950588702
IPL26-138,Sherfane Rutherford,BATSMAN,1.0,,67,50,27.0,0.0,100.0,67,70.66666666666667,-0.8745865120711466,804.3532528723374
IPL26-139,Mayank Markande,BOWLER,1.5,,50,72,28.0,0.0,150.0,72,55.666666666666664,-0.8744561223876617,985.8431314903593
IPL26-140,Allah Ghazanfar,BOWLER,1.0,,50,70,26.0,0.0,100.0,70,55.666666666666664,-1.9072840909938886,966.7300229802948
IPL26-141,Corbin Bosch,ALL_ROUNDER,1.0,,69,73,31.0,0.0,100.0,73,85.0,-3.0909645143345927,983.490562618009
IPL26-142,Mitchell Santner,ALL_ROUNDER,1.5,,62,73,34.0,0.0,150.0,73,85.0,-0.8333656280164325,770.7603550637018
IPL26-143,Ashwani Kumar,BOWLER,0.25,,50,73,26.0,180.0,25.0,73,55.666666666666664,9.875024213641733,991.8259841559469
IPL26-144,Raj Angad Bawa,BATSMAN,0.5,,62,71,23.0,0.0,50.0,71,70.66666666666667,-4.317948603829747,1012.8060290730634
IPL26-145,Raghu Sharma,BOWLER,0.25,,50,59,26.0,37.39,25.0,59,55.666666666666664,10.0,662.772524490786
IPL26-146,Quinton de Kock,WICKET_KEEPER,2.0,,79,50,33.0,0.0,200.0,79,88.66666666666667,-2.2460366000530154,1242.1935292644935
IPL26-147,Atharva Ankolekar,ALL_ROUNDER,1.0,,63,68,25.0,0.0,100.0,68,85.0,-1.9320239889810937,738.1333554878859
IPL26-148,Mohammad Izhar,BOWLER,0.25,,56,76,26.0,0.0,25.0,76,55.666666666666664,-0.39646254344056486,1230.3902302099154
IPL26-149,Danish Malewar,BATSMAN,0.25,,52,50,26.0,0.0,25.0,52,70.66666666666667,-2.2441258326584066,305.71616532528066
IPL26-150,Mayank Rawat,BATSMAN,0.25,,56,50,26.0,0.0,25.0,56,70.66666666666667,-2.2157225523877937,405.82102740679653
IPL26-151,Shreyas Iyer,BATSMAN,2.0,,83,50,31.0,0.0,200.0,83,70.66666666666667,1.7950088005011384,2041.6048884933432
IPL26-152,Arshdeep Singh,BOWLER,2.0,,52,78,21.0,828.89,200.0,78,55.666666666666664,9.603337840178082,1410.1375051913456
IPL26-153,Yuzvendra Chahal,BOWLER,2.0,,50,100,35.0,0.0,200.0,100,55.666666666666664,5.333632217296257,2500.0
IPL26-154,Marco Jansen,ALL_ROUNDER,1.0,,61,70,26.0,0.0,100.0,70,85.0,-5.2081329536705345,1083.5235994158559
IPL26-155,Prabhsimran Singh,WICKET_KEEPER,1.5,,74,50,25.0,0.0,150.0,74,88.66666666666667,1.850778341228976,1222.6749342750043
IPL26-156,Harpreet Brar,ALL_ROUNDER,1.5,,62,72,30.0,492.23,150.0,72,85.0,9.726980239273981,1279.6686098446648
IPL26-157,Shashank Singh,BATSMAN,1.5,,73,52,26.0,1092.28,150.0,73,70.66666666666667,10.0,1536.5310008952633
IPL26-158,Azmatullah Omarzai,ALL_ROUNDER,1.0,,64,67,26.0,458.76,100.0,67,85.0,10.0,1295.272411346826
IPL26-159,Nehal Wadhera,BATSMAN,0.5,,68,50,25.0,0.0,50.0,68,70.66666666666667,0.32271364548896275,920.8294935789289
IPL26-160,Xavier Bartlett,BOWLER,1.0,,50,55,27.0,0.0,100.0,55,55.666666666666664,0.1844780893129322,493.46209955991196
IPL26-161,Lockie Ferguson,BOWLER,1.5,,50,74,35.0,0.0,150.0,74,55.666666666666664,-1.0026854334008897,693.105323239693
IPL26-162,Marcus Stoinis,ALL_ROUNDER,1.5,,75,71,36.0,0.0,150.0,75,85.0,1.8776865599607397,481.3593589737607
IPL26-163,Mitch Owen,ALL_ROUNDER,1.0,,50,50,22.0,0.0,100.0,50,85.0,-4.259361235357796,487.66502600451486
IPL26-164,Musheer Khan,BOWLER,0.5,,50,61,26.0,9.79,50.0,61,55.666666666666664,10.0,723.3427830148478
IPL26-165,Priyansh Arya,BATSMAN,0.5,,74,50,25.0,912.18,50.0,74,70.66666666666667,8.631295456440332,1273.6811003313505
IPL26-166,Vyshak Vijaykumar,BOWLER,1.5,,50,62,26.0,0.0,150.0,62,55.666666666666664,-3.3893563213150455,602.3801304484527
IPL26-167,Yash Thakur,BOWLER,0.5,,50,67,26.0,223.54,50.0,67,55.666666666666664,9.238592456715194,761.288806163993
IPL26-168,Pyla Avinash,BATSMAN,0.25,,63,50,25.0,0.0,25.0,63,70.66666666666667,0.07793860717193715,587.5751694658013
IPL26-169,Harnoor Pannu,BATSMAN,0.25,,64,50,26.0,0.0,25.0,64,70.66666666666667,-0.8443568122182223,489.1014765464775
IPL26-170,Vishnu Vinod,WICKET_KEEPER,1.0,,62,50,32.0,15.19,100.0,62,88.66666666666667,9.12151716345193,872.5381823769867
IPL26-171,Suryansh Shedge,BATSMAN,0.25,,67,50,23.0,226.14,25.0,67,70.66666666666667,8.587464236578997,790.0713159542972
IPL26-172,Cooper Connolly,BATSMAN,1.0,,75,50,22.0,0.0,100.0,75,70.66666666666667,-0.16178422254680402,1076.4627345649596
IPL26-173,Ben Dwarshuis,BOWLER,1.0,,50,56,31.0,0.0,100.0,56,55.666666666666664,-5.499756503535503,230.3114808977197
IPL26-174,Praveen Dubey,BOWLER,0.25,,50,59,32.0,0.0,25.0,59,55.666666666666664,-1.9197304683612575,362.9952779256797
IPL26-175,Vishal Nishad,BOWLER,0.25,,50,51,26.0,0.0,25.0,51,55.666666666666664,-8.737517720671445,154.5077996099763
IPL26-176,Yashasvi Jaiswal,BATSMAN,1.5,,78,50,24.0,0.0,150.0,78,70.66666666666667,1.5556783094023205,1545.312353130213
IPL26-177,Ravindra Jadeja,ALL_ROUNDER,2.0,,76,91,37.0,0.0,200.0,91,85.0,4.942102751360057,2051.3734204470397
IPL26-178,Riyan Parag,ALL_ROUNDER,2.0,,72,58,24.0,0.0,200.0,72,85.0,-1.8020929382173754,1105.2823859071316
IPL26-179,Jofra Archer,BOWLER,1.5,,50,80,31.0,0.0,150.0,80,55.666666666666664,-2.542483626312352,1348.366960384664
IPL26-180,Dhruv Jurel,WICKET_KEEPER,1.0,,74,50,25.0,1059.22,100.0,74,88.66666666666667,9.922627608667227,1670.0439778607104
IPL26-181,Shimron Hetmyer,BATSMAN,2.0,,72,50,29.0,0.0,200.0,72,70.66666666666667,-0.3856780432304282,1000.2834543176331
IPL26-182,Sam Curran,ALL_ROUNDER,2.0,,69,72,26.0,0.0,200.0,72,85.0,-1.0688895880505893,1404.1296803695025
IPL26-183,Sandeep Sharma,BOWLER,2.0,,51,77,26.0,459.67,200.0,77,55.666666666666664,9.958319197610106,1277.8651887661986
IPL26-184,Vaibhav Suryavanshi,BATSMAN,0.5,,80,50,26.0,0.0,50.0,80,70.66666666666667,-0.08341889829902671,1717.3682482714253
IPL26-185,Tushar Deshpande,BOWLER,1.5,,50,72,26.0,0.0,150.0,72,55.666666666666664,-0.2465571688194446,827.2364399431159
IPL26-186,Shubham Dubey,BATSMAN,0.5,,72,50,32.0,0.0,50.0,72,70.66666666666667,-1.6709950282085497,997.9606140366434
IPL26-187,Yudhvir Charak,BOWLER,0.5,,50,66,26.0,0.0,50.0,66,55.666666666666664,-1.576277947599925,634.9031303725951
IPL26-188,Kwena Maphaka,BOWLER,0.5,,50,52,20.0,0.0,50.0,52,55.666666666666664,-6.318091662278139,302.98210870470257
IPL26-189,Lhuan-Dre Pretorius,BATSMAN,0.5,,57,50,20.0,0.0,50.0,57,70.66666666666667,1.047438905064005,430.4675516343209
IPL26-190,Nandre Burger,BOWLER,1.0,,50,70,30.0,0.0,100.0,70,55.666666666666664,-2.804201709362115,797.4610623158379
IPL26-191,Donovan Ferreira,WICKET_KEEPER,1.0,,69,50,27.0,0.0,100.0,69,88.66666666666667,-1.6518882682161202,1121.1420434522938
IPL26-192,Ravi Bishnoi,BOWLER,2.0,,51,74,25.0,466.26,200.0,74,55.666666666666664,10.0,1415.8571867890423
IPL26-193,Adam Milne,BOWLER,1.0,,50,59,34.0,0.0,100.0,59,55.666666666666664,-2.315195085452295,190.9487429098414
IPL26-194,Ravi Singh,BATSMAN,0.25,,59,50,26.0,4.35,25.0,59,70.66666666666667,6.538439666680806,730.8911526670641
IPL26-195,Sushant Mishra,BOWLER,0.25,,51,75,25.0,0.0,25.0,75,55.666666666666664,-2.2061549791555417,983.8325904206243
IPL26-196,Kuldeep Sen,BOWLER,1.0,,50,70,29.0,0.0,100.0,70,55.666666666666664,0.4435890385662614,883.6053667214414
IPL26-197,Brijesh Sharma,BOWLER,0.25,,50,67,26.0,210.22,25.0,67,55.666666666666664,8.648554235108028,903.8878510657568
IPL26-198,Aman Rao Perala,BATSMAN,0.25,,71,50,26.0,0.0,25.0,71,70.66666666666667,2.484505405842195,1100.4841076702712
IPL26-199,Vignesh Puthur,BOWLER,0.25,,50,73,25.0,0.0,25.0,73,55.666666666666664,-2.9380000817829175,705.2544443452309
IPL26-200,Virat Kohli,BATSMAN,2.0,,100,50,37.0,0.0,200.0,100,70.66666666666667,3.0957714579493043,2464.206633645169
IPL26-201,Rajat Patidar,BATSMAN,1.5,,75,50,33.0,0.0,150.0,75,70.66666666666667,-0.41652304390992523,1300.4113902809654
IPL26-202,Phil Salt,WICKET_KEEPER,1.0,,75,50,47.0,0.0,100.0,75,88.66666666666667,1.1678169628229584,108.36478173350874
IPL26-203,Josh Hazlewood,BOWLER,1.5,,50,79,35.0,0.0,150.0,79,55.666666666666664,-1.8535254219914008,1009.1145139489629
IPL26-204,Yash Dayal,BOWLER,1.5,,51,68,28.0,485.16,150.0,68,55.666666666666664,9.256865735232017,1101.1211554242614
IPL26-205,Krunal Pandya,ALL_ROUNDER,2.0,,71,82,35.0,0.0,200.0,82,85.0,-2.0379160297507344,1330.4904729024042
IPL26-206,Bhuvneshwar Kumar,BOWLER,2.0,,50,98,36.0,0.0,200.0,98,55.666666666666664,7.315366022415887,2406.091127166884
IPL26-207,Tim David,BATSMAN,1.5,,74,50,26.0,0.0,150.0,74,70.66666666666667,0.2864102146074637,1196.0451551743843
IPL26-208,Romario Shepherd,ALL_ROUNDER,1.0,,68,62,31.0,0.0,100.0,68,85.0,-1.5940579594579862,804.3909104530691
IPL26-209,Nuwan Thushara,BOWLER,1.0,,50,68,31.0,0.0,100.0,68,55.666666666666664,-0.7482730579185985,739.5806789874287
IPL26-210,Swapnil Singh,BOWLER,1.0,,59,66,35.0,131.12,100.0,66,55.666666666666664,10.0,438.1751065936775
IPL26-211,Jacob Bethell,BATSMAN,1.0,,64,50,20.0,0.0,100.0,64,70.66666666666667,-3.5084230664457734,808.0180552640498
IPL26-212,Devdutt Padikkal,BATSMAN,1.5,,73,50,25.0,0.0,150.0,73,70.66666666666667,-0.14122019650596615,1374.0491828456545
IPL26-213,Suyash Sharma,BOWLER,0.5,,50,64,26.0,369.66,50.0,64,55.666666666666664,9.349983331329547,856.5989664979932
IPL26-214,Rasikh Dar,BOWLER,0.5,,50,71,26.0,0.0,50.0,71,55.666666666666664,-0.8759858988702366,870.6963446645088
IPL26-215,Jitesh Sharma,WICKET_KEEPER,1.5,,56,50,32.0,0.0,150.0,56,88.66666666666667,-5.8265112225380955,442.70355668679946
IPL26-216,Abhinandan Singh,BOWLER,0.25,,50,59,26.0,38.42,25.0,59,55.666666666666664,10.0,712.2806364908608
IPL26-217,Venkatesh Iyer,ALL_ROUNDER,1.5,,73,60,35.0,0.0,150.0,73,85.0,2.337368929887726,967.4878708015207
IPL26-218,Jordan Cox,WICKET_KEEPER,1.0,,80,50,34.0,0.0,100.0,80,88.66666666666667,2.340935065293797,1205.5449510001777
IPL26-219,Mangesh Yadav,BOWLER,0.25,,72,65,26.0,0.0,25.0,72,55.666666666666664,-1.5696122387784672,957.2714807930341
IPL26-220,Vicky Kanhaiya Ostwal,BOWLER,0.5,,60,74,26.0,0.0,50.0,74,55.666666666666664,1.4388145750808592,1182.9177138264597
IPL26-221,Kanishk Chouhan,BATSMAN,0.25,,50,50,26.0,0.0,25.0,50,70.66666666666667,-7.318948869371781,260.8542906725126
IPL26-222,Vihaan Malhotra,BATSMAN,0.25,,50,50,19.0,0.0,25.0,50,70.66666666666667,-4.723957677569726,395.1881040280826
IPL26-223,Satvik Deswal,BOWLER,0.25,,50,77,26.0,0.0,25.0,77,55.666666666666664,4.295297965926322,1296.4676046200675
IPL26-224,Yash Raj Punja,BOWLER,0.25,,50,68,26.0,128.95,25.0,68,55.666666666666664,8.829982349401087,885.250074039152
IPL26-225,Pat Cummins,ALL_ROUNDER,2.0,,67,78,33.0,0.0,200.0,78,85.0,-0.19280260222767298,1624.879390001748
IPL26-226,Heinrich Klaasen,WICKET_KEEPER,1.5,,80,50,26.0,0.0,150.0,80,88.66666666666667,3.565270119083129,2007.126030667033
IPL26-227,Travis Head,BATSMAN,1.5,,75,50,32.0,0.0,150.0,75,70.66666666666667,0.588793250908937,995.5160317482013
IPL26-228,Abhishek Sharma,ALL_ROUNDER,1.5,,79,59,26.0,1410.48,150.0,79,85.0,9.737021196219322,1469.9260958557943
IPL26-229,Nitish Kumar Reddy,ALL_ROUNDER,1.0,,70,62,23.0,0.0,100.0,70,85.0,-1.1915909540520406,987.4520274591276
IPL26-230,Ishan Kishan,WICKET_KEEPER,2.0,,78,50,27.0,1062.44,200.0,78,88.66666666666667,10.0,2041.2361426694843
IPL26-231,Harshal Patel,BOWLER,2.0,,50,88,35.0,0.0,200.0,88,55.666666666666664,7.013512297703699,2407.4292960797457
IPL26-232,Jaydev Unadkat,BOWLER,2.0,,50,81,33.0,0.0,200.0,81,55.666666666666664,-0.3798563481535455,1288.626093853547
IPL26-233,Zeeshan Ansari,BOWLER,0.5,,50,59,26.0,99.75,50.0,59,55.666666666666664,9.844178525670896,684.7863235062898
IPL26-234,Brydon Carse,BOWLER,1.0,,50,72,30.0,0.0,100.0,72,55.666666666666664,-2.069610413706029,847.4706124530522
IPL26-235,Kamindu Mendis,BATSMAN,1.0,,65,68,27.0,0.0,100.0,68,70.66666666666667,-2.5944562313014785,931.3298399911079
IPL26-236,Harsh Dubey,BOWLER,0.5,,57,70,23.0,174.77,50.0,70,55.666666666666664,10.0,1187.242663530427
IPL26-237,Aniket Verma,BATSMAN,0.25,,66,50,24.0,403.65,25.0,66,70.66666666666667,8.373680646038416,1032.2579606991246
IPL26-238,Eshan Malinga,BOWLER,0.25,,50,74,25.0,0.0,25.0,74,55.666666666666664,-2.361558339393366,944.8489336247637
IPL26-239,Smaran Ravichandaran,BATSMAN,0.25,,73,50,26.0,0.0,25.0,73,70.66666666666667,-0.329577633439189,967.3410564023773
IPL26-240,Liam Livingstone,ALL_ROUNDER,1.5,,70,67,32.0,0.0,150.0,70,85.0,0.5238322916730469,903.9952962442412
IPL26-241,Salil Arora,WICKET_KEEPER,0.25,,68,50,23.0,31.36,25.0,68,88.66666666666667,9.382363390605754,895.8430820754646
IPL26-242,Jack Edwards,ALL_ROUNDER,1.0,,62,77,26.0,0.0,100.0,77,85.0,3.1410314732100577,1634.3728450944873
IPL26-243,Shivam Mavi,BOWLER,1.5,,50,64,27.0,0.0,150.0,64,55.666666666666664,-2.440106570764917,757.7924915984366
IPL26-244,Amit Kumar,BOWLER,0.25,,50,56,26.0,0.0,25.0,56,55.666666666666664,-4.337696391302087,335.2285103366887
IPL26-245,Onkar Tarmale,ALL_ROUNDER,0.25,,51,56,26.0,0.0,25.0,56,85.0,-0.9759654491781393,581.1870209139753
IPL26-246,Sakib Hussain,BOWLER,0.25,,50,71,21.0,221.1,25.0,71,55.666666666666664,9.799250836447136,1115.7916869846579
IPL26-247,Praful Hinge,BOWLER,0.25,,50,70,26.0,0.0,25.0,70,55.666666666666664,-2.761455996290745,835.5248114064048
IPL26-248,Shivang Kumar,BOWLER,0.25,,58,63,26.0,185.9,25.0,63,55.666666666666664,10.0,866.2032554201169
IPL26-249,Krains Fuletra,BOWLER,0.25,,50,55,26.0,0.0,25.0,55,55.666666666666664,1.8114323844931597,430.7694095452992
IPL26-250,Jake Fraser-McGurk,BATSMAN,1.0,,71,50,23.0,0.0,100.0,71,70.66666666666667,0.4992961415115591,910.6728318219028
IPL26-251,Devon Conway,WICKET_KEEPER,1.5,,76,50,26.0,0.0,150.0,76,88.66666666666667,-1.1824712495740495,1353.2403532682079
IPL26-252,Gus Atkinson,BOWLER,1.0,,50,80,28.0,0.0,100.0,80,55.666666666666664,-1.5655614075702555,1232.7725892841036
IPL26-253,Jamie Smith,WICKET_KEEPER,1.0,,71,50,37.0,0.0,100.0,71,88.66666666666667,-1.4524181196221972,108.36478173350874
IPL26-254,Deepak Hooda,ALL_ROUNDER,2.0,,66,60,31.0,0.0,200.0,66,85.0,-2.9635654407039467,890.8480937550296
IPL26-255,Wiaan Mulder,BOWLER,1.0,,57,50,28.0,0.0,100.0,57,55.666666666666664,-2.0149444304063753,367.0336869215838
IPL26-256,Rahmanullah Gurbaz,WICKET_KEEPER,1.0,,67,50,24.0,183.09,100.0,67,88.66666666666667,10.0,1193.2813694932834
IPL26-257,Jonny Bairstow,WICKET_KEEPER,1.5,,75,50,36.0,0.0,150.0,75,88.66666666666667,0.9878543017329375,631.3952275582928
IPL26-258,K.S. Bharat,WICKET_KEEPER,1.5,,67,50,26.0,0.0,150.0,67,88.66666666666667,-1.1969495573287139,864.231441792881
IPL26-259,Gerald Coetzee,BOWLER,1.0,,50,67,25.0,0.0,100.0,67,55.666666666666664,-3.8747334815868264,564.3709289690754
IPL26-260,Spencer Johnson,BOWLER,1.0,,50,57,38.0,0.0,100.0,57,55.666666666666664,-6.603013392261194,108.36478173350874
IPL26-261,Fazalhaq Farooqi,BOWLER,1.0,,50,63,25.0,34.22,100.0,63,55.666666666666664,10.0,823.2826444103733
IPL26-262,Maheesh Theekshana,BOWLER,1.0,,50,71,25.0,0.0,100.0,71,55.666666666666664,-1.7779197226363956,976.3306790915922
IPL26-263,Mujeeb Ur Rahman,BOWLER,2.0,,50,67,25.0,8.29,200.0,67,55.666666666666664,8.756676071593901,1072.6183886147724
IPL26-264,Aarya Desai,BATSMAN,0.25,,55,50,23.0,0.0,25.0,55,70.66666666666667,-3.2486907810085928,437.27117827547863
IPL26-265,Yash Dhull,BATSMAN,0.5,,55,50,23.0,0.0,50.0,55,70.66666666666667,-2.7409601874602254,390.4700522149338
IPL26-266,Abhinav Manohar,BATSMAN,0.5,,62,50,31.0,0.0,50.0,62,70.66666666666667,-3.6990053944814036,441.3365526429944
IPL26-267,Anmolpreet Singh,BATSMAN,1.0,,63,50,28.0,4.93,100.0,63,70.66666666666667,10.0,1020.3616363219501
IPL26-268,Atharva Taide,BATSMAN,0.5,,69,50,26.0,59.39,50.0,69,70.66666666666667,10.0,1017.8108003275867
IPL26-269,Mahipal Lomror,BATSMAN,1.5,,65,50,26.0,0.0,150.0,65,70.66666666666667,-2.856770750314329,645.4794139229663
IPL26-270,Vijay Shankar,ALL_ROUNDER,2.0,,68,66,35.0,0.0,200.0,68,85.0,-0.635716797315195,509.123720741116
IPL26-271,Tanush Kotian,BATSMAN,0.5,,61,55,27.0,18.32,50.0,61,70.66666666666667,10.0,859.5766605489031
IPL26-272,Kamlesh Nagarkoti,BOWLER,1.5,,50,57,26.0,0.0,150.0,57,55.666666666666664,-4.749226491945791,415.73317925486145
IPL26-273,Ruchit Ahir,BATSMAN,0.25,,74,50,26.0,0.0,25.0,74,70.66666666666667,-0.10002731079281679,1159.5123257790963
IPL26-274,Sanvir Singh,BATSMAN,0.5,,60,53,29.0,20.67,50.0,60,70.66666666666667,10.0,654.3371009305039
IPL26-275,Vansh Bedi,WICKET_KEEPER,0.25,,50,50,23.0,0.0,25.0,50,88.66666666666667,-6.152977769723605,313.30210422773666
IPL26-276,Raj Limbani,BOWLER,0.25,,50,75,26.0,0.0,25.0,75,55.666666666666664,-2.981611973509448,810.5426592773534
IPL26-277,Simarjeet Singh,BOWLER,1.0,,50,65,28.0,87.74,100.0,65,55.666666666666664,8.915808608977676,828.7416315285765
IPL26-278,Akash Madhwal,BOWLER,1.0,,50,68,32.0,143.34,100.0,68,55.666666666666664,10.0,964.9346382768192
IPL26-279,Karn Sharma,BOWLER,2.0,,50,80,38.0,0.0,200.0,80,55.666666666666664,2.429678220416659,216.72956346701747
IPL26-280,Sean Abbott,BOWLER,1.0,,50,54,34.0,0.0,100.0,54,55.666666666666664,-3.2322569744618983,108.36478173350874
IPL26-281,Michael Bracewell,ALL_ROUNDER,1.0,,67,74,35.0,0.0,100.0,74,85.0,1.093172809610988,1014.5281652062399
IPL26-282,Daryl Mitchell,BATSMAN,1.0,,67,53,26.0,0.0,100.0,67,70.66666666666667,0.4878550105351785,773.129928988457
IPL26-283,Dasun Shanaka,BATSMAN,1.5,,62,55,34.0,0.0,150.0,62,70.66666666666667,-5.84191862658799,302.1782388408619
IPL26-284,Chetan Sakariya,BOWLER,1.5,,50,70,27.0,0.0,150.0,70,55.666666666666664,-3.6718207845239905,958.2852551929342
IPL26-285,Waqar Salamkheil,BOWLER,1.0,,50,72,29.0,0.0,100.0,72,55.666666666666664,0.769064219726566,921.3440764461687
IPL26-286,Taskin Ahmed,BOWLER,1.0,,50,80,31.0,0.0,100.0,80,55.666666666666664,1.2695796793057441,1539.0732291604477
IPL26-287,Alzarri Joseph,BOWLER,1.5,,50,68,29.0,0.0,150.0,68,55.666666666666664,-1.9362543603519966,926.9865000389635
IPL26-288,Riley Meredith,BOWLER,1.0,,50,69,29.0,0.0,100.0,69,55.666666666666664,5.161348510946255,1118.1369897733668
IPL26-289,Jhye Richardson,BOWLER,1.5,,50,58,29.0,0.0,150.0,58,55.666666666666664,-3.8614794454296155,400.2770670739294
IPL26-290,Daniel Lawrence,BATSMAN,1.0,,79,50,26.0,0.0,100.0,79,70.66666666666667,3.318643196937402,1801.9030790790719
IPL26-291,Murugan Ashwin,BOWLER,1.5,,50,72,35.0,0.0,150.0,72,55.666666666666664,1.4584089651625685,658.3864294384264
IPL26-292,William Sutherland,ALL_ROUNDER,1.0,,66,71,26.0,0.0,100.0,71,85.0,0.6033025971197579,967.485411064126
IPL26-293,Kartikeya Singh,BOWLER,0.5,,56,79,26.0,0.0,50.0,79,55.666666666666664,0.7571931631992512,1326.9853103379342
IPL26-294,Shivam Shukla,BOWLER,0.25,,50,63,26.0,0.0,25.0,63,55.666666666666664,0.30989729710365155,595.4449672753791
IPL26-295,Wahidullah Zadran,BOWLER,1.0,,50,62,26.0,0.0,100.0,62,55.666666666666664,-4.737916959900258,479.7133818796576
IPL26-296,KC Cariappa,BOWLER,0.5,,50,59,32.0,0.0,50.0,59,55.666666666666664,-3.2671597362415996,278.11920197381926
IPL26-297,Sediqullah Atal,BATSMAN,1.0,,65,50,24.0,14.99,100.0,65,70.66666666666667,8.420384492594124,1005.5018460239978
IPL26-298,Nathan Smith,BOWLER,1.0,,51,53,26.0,0.0,100.0,53,55.666666666666664,-3.9920173493948568,257.93577551301763
IPL26-299,Manan Vohra,BATSMAN,1.5,,67,50,32.0,0.0,150.0,67,70.66666666666667,-2.681082959445512,639.468943878685
IPL26-300,Jacob Duffy,BOWLER,1.0,,50,67,25.0,0.0,100.0,67,55.666666666666664,2.3192360143065796,685.1556018933007
IPL26-001,MS Dhoni,WICKET_KEEPER,2.0,,76,50,44.0,492.22,200.0,76,88.66666666666667,9.402290486266908,200.0
IPL26-002,Ruturaj Gaikwad,BATSMAN,2.0,,79,50,29.0,0.0,200.0,79,70.66666666666667,1.8077013738588994,1430.9838205977783
IPL26-003,Sanju Samson,WICKET_KEEPER,2.0,,85,50,31.0,0.0,200.0,85,88.66666666666667,0.769531978260986,1494.1989816431137
IPL26-004,Shivam Dube,ALL_ROUNDER,2.0,,75,60,32.0,0.0,200.0,75,85.0,0.8883407632746045,948.0827473935643
IPL26-005,Ayush Mhatre,BATSMAN,0.25,,73,50,18.0,0.0,25.0,73,70.66666666666667,3.3323781697727517,1116.839556760123
IPL26-006,Dewald Brevis,BATSMAN,1.0,,68,50,23.0,0.0,100.0,68,70.66666666666667,-1.7624122963314377,670.936859887241
IPL26-007,Urvil Patel,WICKET_KEEPER,0.25,,69,50,27.0,268.05,25.0,69,88.66666666666667,10.0,820.0352093421095
IPL26-008,Noor Ahmad,BOWLER,1.5,,51,76,21.0,701.28,150.0,76,55.666666666666664,10.0,1310.1557161931416
IPL26-009,Nathan Ellis,BOWLER,1.0,,50,71,26.0,0.0,100.0,71,55.666666666666664,-2.8325155256094128,848.7307648766075
IPL26-010,Shreyas Gopal,BOWLER,2.0,,50,76,32.0,0.0,200.0,76,55.666666666666664,4.975638205983407,1003.0948310554733
IPL26-011,Khaleel Ahmed,BOWLER,2.0,,50,80,26.0,0.0,200.0,80,55.666666666666664,2.6392253958290306,1477.4754362124077
IPL26-012,Ramakrishna Ghosh,BOWLER,0.25,,61,55,28.0,0.0,25.0,61,55.666666666666664,-4.637732820193032,274.34279158145404
IPL26-013,Mukesh Choudhary,BOWLER,1.5,,50,68,30.0,140.19,150.0,68,55.666666666666664,8.66968637426101,719.4345172978386
IPL26-014,Jamie Overton,ALL_ROUNDER,1.0,,69,71,32.0,0.0,100.0,71,85.0,0.09599969639489578,872.9857147100926
IPL26-015,Gurjapneet Singh,BOWLER,0.5,,50,58,27.0,99.53,50.0,58,55.666666666666664,10.0,559.6986101608346
IPL26-016,Anshul Kamboj,ALL_ROUNDER,0.5,,66,72,31.0,0.0,50.0,72,85.0,-1.654384506002459,885.7074385723216
IPL26-017,Prashant Veer,BATSMAN,0.25,,73,50,20.0,0.0,25.0,73,70.66666666666667,0.17969542310683373,973.29679265228
IPL26-018,Kartik Sharma,WICKET_KEEPER,0.25,,70,50,26.0,292.84,25.0,70,88.66666666666667,8.548824309948442,1194.194871794638
IPL26-019,Rahul Chahar,BOWLER,2.0,,50,78,26.0,0.0,200.0,78,55.666666666666664,1.0718355952860137,1266.630682476326
IPL26-020,Akeal Hosein,BOWLER,1.0,,58,71,33.0,0.0,100.0,71,55.666666666666664,-5.878953933728715,514.8096416453681
IPL26-021,Matt Henry,BOWLER,1.0,,50,54,47.0,0.0,100.0,54,55.666666666666664,-7.286203782401098,100.0
IPL26-022,Matthew Short,BATSMAN,1.0,,64,50,26.0,0.0,100.0,64,70.66666666666667,-2.4376876683846453,494.4727334660142
IPL26-023,Sarfaraz Khan,BATSMAN,1.0,,67,50,26.0,0.0,100.0,67,70.66666666666667,-4.046424034349901,616.1585157348688
IPL26-024,Zak Foulkes,BOWLER,1.0,,50,81,24.0,0.0,100.0,81,55.666666666666664,-0.7757191914365866,1136.329194523967
IPL26-025,Aman Khan,BOWLER,0.25,,55,64,26.0,0.0,25.0,64,55.666666666666664,-3.817100004245927,322.8487086734792
IPL26-026,KL Rahul,WICKET_KEEPER,2.0,,87,50,34.0,1380.75,200.0,87,88.66666666666667,10.0,2312.3066431424536
IPL26-027,Axar Patel,ALL_ROUNDER,2.0,,71,86,32.0,0.0,200.0,86,85.0,-0.22031264770888515,2091.8673086334684
IPL26-028,Kuldeep Yadav,BOWLER,2.0,,52,77,26.0,718.52,200.0,77,55.666666666666664,10.0,1474.2102303409845
IPL26-029,T. Natarajan,BOWLER,2.0,,50,75,26.0,0.0,200.0,75,55.666666666666664,1.8602438581940592,1085.692387228225
IPL26-030,Mitchell Starc,BOWLER,1.5,,50,80,36.0,0.0,150.0,80,55.666666666666664,1.2286635044773782,575.5396560407514
IPL26-031,Tristan Stubbs,WICKET_KEEPER,1.5,,77,50,25.0,0.0,150.0,77,88.66666666666667,1.7275639218538226,1106.1032143604907
IPL26-032,Mukesh Kumar,BOWLER,1.5,,51,67,26.0,521.18,150.0,67,55.666666666666664,8.221412415993484,782.6507375840436
IPL26-033,Nitish Rana,BATSMAN,2.0,,76,50,32.0,0.0,200.0,76,70.66666666666667,-2.3298445465079363,1103.9256688341982
IPL26-034,Abishek Porel,WICKET_KEEPER,1.0,,70,50,23.0,743.92,100.0,70,88.66666666666667,9.495820168992328,1177.4980163095986
IPL26-035,Ashutosh Sharma,BATSMAN,0.5,,72,50,26.0,869.41,50.0,72,70.66666666666667,9.918477326898355,1102.8802559212893
IPL26-036,Sameer Rizvi,BATSMAN,0.5,,71,50,22.0,503.63,50.0,71,70.66666666666667,10.0,925.6576796468398
IPL26-037,Karun Nair,BATSMAN,1.5,,69,50,34.0,0.0,150.0,69,70.66666666666667,-2.775994013163918,629.9183032133343
IPL26-038,Dushmantha Chameera,BOWLER,1.0,,50,61,34.0,0.0,100.0,61,55.666666666666664,-3.2538628997418795,194.87210328193603
IPL26-039,Vipraj Nigam,ALL_ROUNDER,0.5,,68,66,21.0,0.0,50.0,68,85.0,-3.6678347373565807,727.8733204961749
IPL26-040,Ajay Mandal,ALL_ROUNDER,0.25,,60,69,26.0,0.0,25.0,69,85.0,-1.5358499021714587,787.1041664551898
IPL26-041,Madhav Tiwari,BOWLER,0.25,,50,70,22.0,0.0,25.0,70,55.666666666666664,-3.2871025087227954,638.1767340944657
IPL26-042,Tripurana Vijay,BOWLER,0.25,,50,50,24.0,0.0,25.0,50,55.666666666666664,-4.90401421663005,137.43958914636835
IPL26-043,Auqib Nabi Dar,ALL_ROUNDER,0.25,,60,76,26.0,0.0,25.0,76,85.0,-2.15220725961745,1004.781636366705
IPL26-044,Pathum Nissanka,BATSMAN,1.0,,69,50,28.0,0.0,100.0,69,70.66666666666667,3.1708688699270877,902.7432985453204
IPL26-045,David Miller,BATSMAN,2.0,,80,50,26.0,0.0,200.0,80,70.66666666666667,1.4355968433780832,1161.9717464343732
IPL26-046,Ben Duckett,BATSMAN,1.0,,84,50,31.0,0.0,100.0,84,70.66666666666667,-2.041228586702397,1318.523041136269
IPL26-047,Lungi Ngidi,BOWLER,1.5,,50,77,30.0,0.0,150.0,77,55.666666666666664,1.367525171870723,936.2144394423638
IPL26-048,Kyle Jamieson,ALL_ROUNDER,1.5,,62,68,26.0,0.0,150.0,68,85.0,-2.647577896894672,628.1310973341062
IPL26-049,Prithvi Shaw,BATSMAN,2.0,,72,50,26.0,0.0,200.0,72,70.66666666666667,-1.1634383411301708,1126.6624335137851
IPL26-050,Sahil Parakh,BATSMAN,0.25,,61,50,26.0,0.0,25.0,61,70.66666666666667,-7.183744510068938,363.6497961033188
IPL26-051,Shubman Gill,BATSMAN,2.0,,84,50,26.0,1502.36,200.0,84,70.66666666666667,10.0,1866.0601120898687
IPL26-052,Rashid Khan,ALL_ROUNDER,2.0,,63,83,26.0,1036.91,200.0,83,85.0,10.0,1571.8923079788804
IPL26-053,Jos Buttler,WICKET_KEEPER,2.0,,86,50,35.0,0.0,200.0,86,88.66666666666667,-0.7079109838413565,1577.3527835391337
IPL26-054,Kagiso Rabada,BOWLER,2.0,,50,89,31.0,0.0,200.0,89,55.666666666666664,2.596212277046605,2032.4596799852025
IPL26-055,Mohammed Siraj,BOWLER,2.0,,52,79,32.0,835.35,200.0,79,55.666666666666664,10.0,1242.1929231619426
IPL26-056,Sai Sudharsan,BATSMAN,1.5,,83,50,24.0,1572.25,150.0,83,70.66666666666667,10.0,1719.6596062179176
IPL26-057,Prasidh Krishna,BOWLER,2.0,,51,77,30.0,571.61,200.0,77,55.666666666666664,10.0,1284.6929403403528
IPL26-058,Washington Sundar,ALL_ROUNDER,2.0,,69,64,26.0,670.48,200.0,69,85.0,10.0,1163.2185858257803
IPL26-059,Rahul Tewatia,ALL_ROUNDER,2.0,,70,71,33.0,0.0,200.0,71,85.0,-0.13133256165010554,916.4688678088468
IPL26-060,Shahrukh Khan,BATSMAN,1.5,,66,51,26.0,378.48,150.0,66,70.66666666666667,9.169555593443434,735.8960296227773
IPL26-061,R. Sai Kishore,BOWLER,1.5,,50,75,26.0,0.0,150.0,75,55.666666666666664,0.8652506676456985,980.0198169805622
IPL26-062,Glenn Phillips,BATSMAN,1.5,,61,50,26.0,0.0,150.0,61,70.66666666666667,-2.6128983438877973,547.977502606808
IPL26-063,Jayant Yadav,BOWLER,2.0,,63,61,36.0,0.0,200.0,63,55.666666666666664,-1.600608798232148,200.0
IPL26-064,Anuj Rawat,WICKET_KEEPER,0.5,,66,50,26.0,109.12,50.0,66,88.66666666666667,10.0,1007.5029319071562
IPL26-065,Kumar Kushagra,WICKET_KEEPER,0.5,,56,50,21.0,18.97,50.0,56,88.66666666666667,8.496919698240182,737.0667343553454
IPL26-066,Gurnoor Singh Brar,BOWLER,0.5,,56,65,26.0,0.0,50.0,65,55.666666666666664,-3.9050963630119364,374.761615190702
IPL26-067,Nishant Sindhu,BATSMAN,0.5,,61,50,22.0,0.0,50.0,61,70.66666666666667,-5.23774904410383,354.68854099612906
IPL26-068,Manav Suthar,BOWLER,0.25,,50,58,23.0,0.0,25.0,58,55.666666666666664,-4.705248813871927,286.8247512556068
IPL26-069,Ishant Sharma,BOWLER,1.5,,50,78,37.0,0.0,150.0,78,55.666666666666664,2.964444658689526,205.20943164484538
IPL26-070,Arshad Khan,BOWLER,0.5,,52,64,26.0,357.1,50.0,64,55.666666666666664,10.0,706.8387786825047
IPL26-071,Jason Holder,ALL_ROUNDER,1.5,,61,79,41.0,0.0,150.0,79,85.0,4.597155135142284,150.0
IPL26-072,Tom Banton,WICKET_KEEPER,1.0,,58,50,27.0,0.0,100.0,58,88.66666666666667,-6.319357251589285,432.7812594080882
IPL26-073,Ashok Sharma,BOWLER,0.25,,50,64,26.0,94.13,25.0,64,55.666666666666664,9.816803381279612,630.5389876932971
IPL26-074,Luke Wood,BOWLER,1.0,,50,50,26.0,0.0,100.0,50,55.666666666666664,-3.8173264127298596,259.9159095583564
IPL26-075,Prithvi Raj,BOWLER,0.25,,55,73,26.0,0.0,25.0,73,55.666666666666664,-0.2825091349587969,774.6616086756128
IPL26-076,Sunil Narine,ALL_ROUNDER,2.0,,70,98,37.0,0.0,200.0,98,85.0,2.9254883738308908,2157.524771108384
IPL26-077,Varun Chakravarthy,BOWLER,2.0,,50,85,34.0,0.0,200.0,85,55.666666666666664,5.0185639335940575,1798.43097822543
IPL26-078,Rinku Singh,BATSMAN,1.5,,74,50,37.0,0.0,150.0,74,70.66666666666667,2.092069804183304,150.0
IPL26-079,Harshit Rana,BOWLER,1.0,,51,73,24.0,541.9,100.0,73,55.666666666666664,10.0,1262.9412550158975
IPL26-080,Angkrish Raghuvanshi,BATSMAN,0.5,,73,50,22.0,0.0,50.0,73,70.66666666666667,2.1284844902868585,1098.9756271137437
IPL26-081,Ramandeep Singh,ALL_ROUNDER,1.5,,63,65,26.0,355.97,150.0,65,85.0,10.0,815.7347070732377
IPL26-082,Ajinkya Rahane,BATSMAN,2.0,,79,50,38.0,0.0,200.0,79,70.66666666666667,-0.03949454597566482,200.0
IPL26-083,Rovman Powell,BATSMAN,1.5,,67,50,32.0,0.0,150.0,67,70.66666666666667,-2.8356779382493524,544.9470897331934
IPL26-084,Vaibhav Arora,BOWLER,1.5,,50,73,28.0,0.0,150.0,73,55.666666666666664,-0.29577489113890265,751.7351646625813
IPL26-085,Manish Pandey,BATSMAN,2.0,,73,50,26.0,0.0,200.0,73,70.66666666666667,0.45093602127302357,892.1198150882856
IPL26-086,Anukul Roy,BOWLER,0.5,,60,69,27.0,0.0,50.0,69,55.666666666666664,-1.7188472450703536,667.2011052134734
IPL26-087,Umran Malik,BOWLER,1.5,,50,65,26.0,0.0,150.0,65,55.666666666666664,-1.59238144981552,476.14281069448725
IPL26-088,Cameron Green,ALL_ROUNDER,1.0,,75,66,26.0,0.0,100.0,75,85.0,-1.7548970818601706,983.7947736478584
IPL26-089,Matheesha Pathirana,BOWLER,1.5,,50,77,24.0,0.0,150.0,77,55.666666666666664,-0.3179208148138044,1247.8793670072675
IPL26-090,Mustafizur Rahman,BOWLER,1.5,,50,77,30.0,258.07,150.0,77,55.666666666666664,9.994403981170953,1045.9532792211028
IPL26-091,Tejasvi Singh,BATSMAN,0.25,,78,50,26.0,0.0,25.0,78,70.66666666666667,2.8937933003809087,1327.7724364104213
IPL26-092,Finn Allen,BATSMAN,1.0,,74,50,27.0,0.0,100.0,74,70.66666666666667,1.4207791810023314,947.3256328867782
IPL26-093,Rachin Ravindra,BATSMAN,1.0,,68,50,26.0,0.0,100.0,68,70.66666666666667,-1.9311199456350685,597.7763299854279
IPL26-094,Tim Seifert,WICKET_KEEPER,1.0,,58,50,24.0,0.0,100.0,58,88.66666666666667,-0.6973964466501741,564.5386506375052
IPL26-095,Akash Deep,BOWLER,1.0,,50,58,26.0,74.49,100.0,58,55.666666666666664,10.0,628.2117522203052
IPL26-096,Rahul Tripathi,BATSMAN,2.0,,73,50,26.0,0.0,200.0,73,70.66666666666667,0.029305102431086028,1199.2759742817545
IPL26-097,Prashant Solanki,BOWLER,0.25,,50,75,26.0,0.0,25.0,75,55.666666666666664,-1.3618387610683154,967.8462372710667
IPL26-098,Kartik Tyagi,BOWLER,1.0,,51,71,25.0,267.17,100.0,71,55.666666666666664,8.48212625331919,1094.796412723296
IPL26-099,Sarthak Ranjan,BATSMAN,0.25,,59,50,29.0,0.0,25.0,59,70.66666666666667,-2.8342379897897816,329.57042271357267
IPL26-100,Daksh Kamra,BATSMAN,0.25,,50,50,26.0,0.0,25.0,50,70.66666666666667,-1.0335437035482755,247.47545539780185
IPL26-101,Rishabh Pant,WICKET_KEEPER,2.0,,82,50,28.0,0.0,200.0,82,88.66666666666667,1.9035529378866631,1822.9120574440371
IPL26-102,Nicholas Pooran,WICKET_KEEPER,2.0,,77,50,30.0,0.0,200.0,77,88.66666666666667,4.029953033009222,1523.3973939258283
IPL26-103,Mayank Yadav,BOWLER,1.0,,50,63,26.0,0.0,100.0,63,55.666666666666664,-7.589716520998528,447.36641397483993
IPL26-104,Mohammed Shami,BOWLER,2.0,,51,77,36.0,366.12,200.0,77,55.666666666666664,10.0,679.9503470568496
IPL26-105,Mohsin Khan,BOWLER,1.5,,51,75,38.0,341.0,150.0,75,55.666666666666664,9.339678860526552,150.0
IPL26-106,Ayush Badoni,BATSMAN,0.5,,70,50,26.0,0.0,50.0,70,70.66666666666667,1.3426334289529824,862.2309592892024
IPL26-107,Avesh Khan,BOWLER,1.5,,51,73,29.0,614.92,150.0,73,55.666666666666664,10.0,1028.9249959992683
IPL26-108,Abdul Samad,BATSMAN,1.5,,66,55,26.0,652.13,150.0,66,70.66666666666667,10.0,1054.4802481172012
IPL26-109,Mitchell Marsh,ALL_ROUNDER,1.5,,75,76,34.0,0.0,150.0,76,85.0,-0.1519407061912379,1104.433489110107
IPL26-110,Aiden Markram,ALL_ROUNDER,1.5,,73,56,31.0,0.0,150.0,73,85.0,-3.151357620802979,960.7524639920398
IPL26-111,Shahbaz Ahmed,ALL_ROUNDER,1.5,,62,63,26.0,458.64,150.0,63,85.0,10.0,960.5803193820756
IPL26-112,Matthew Breetzke,BATSMAN,1.0,,61,50,27.0,0.0,100.0,61,70.66666666666667,-3.0953159029373993,531.9579400148311
IPL26-113,Digvesh Rathi,BOWLER,0.5,,50,65,26.0,0.0,50.0,65,55.666666666666664,-6.837913593244906,348.41579390895
IPL26-114,Himmat Singh,BATSMAN,0.5,,66,50,29.0,101.92,50.0,66,70.66666666666667,10.0,919.7529956891797
IPL26-115,Arshin Kulkarni,BATSMAN,0.25,,56,50,26.0,0.0,25.0,56,70.66666666666667,-4.631356415594153,295.47531090359803
IPL26-116,Manimaran Siddharth,BOWLER,0.5,,50,68,27.0,0.0,50.0,68,55.666666666666664,0.37416152707011474,691.8233026770453
IPL26-117,Akash Singh,BOWLER,0.25,,50,67,39.0,96.39,25.0,67,55.666666666666664,10.0,25.0
IPL26-118,Arjun Tendulkar,BOWLER,0.5,,59,64,26.0,32.51,50.0,64,55.666666666666664,10.0,791.5103372850006
IPL26-119,Prince Yadav,BATSMAN,0.25,,52,55,24.0,347.54,25.0,55,70.66666666666667,8.634044288799466,523.8195558708143
IPL26-120,Josh Inglis,WICKET_KEEPER,1.0,,74,50,31.0,0.0,100.0,74,88.66666666666667,3.9677320748694322,865.480916418516
IPL26-121,Akshat Raghuwanshi,BATSMAN,0.25,,59,50,22.0,22.82,25.0,59,70.66666666666667,10.0,732.4782055805791
IPL26-122,Mukul Choudhary,BATSMAN,0.25,,71,50,21.0,0.0,25.0,71,70.66666666666667,-2.205817575793498,654.1476965555256
IPL26-123,Wanindu Hasaranga,BOWLER,1.5,,57,76,28.0,0.0,150.0,76,55.666666666666664,-1.2735987384441243,975.9278809241841
IPL26-124,Anrich Nortje,BOWLER,1.5,,50,76,32.0,0.0,150.0,76,55.666666666666664,-2.579749320067393,1188.7833241482003
IPL26-125,Naman Tiwari,BOWLER,0.25,,50,76,26.0,0.0,25.0,76,55.666666666666664,2.439457046884819,1179.8477609339386
IPL26-126,Rohit Sharma,BATSMAN,2.0,,54,50,39.0,0.0,200.0,54,70.66666666666667,-4.571869288862703,200.0
IPL26-127,Jasprit Bumrah,BOWLER,2.0,,50,95,32.0,0.0,200.0,95,55.666666666666664,1.587809306622388,2332.6422450714786
IPL26-128,Suryakumar Yadav,BATSMAN,2.0,,84,50,35.0,0.0,200.0,84,70.66666666666667,1.3041756800088211,1386.5773259009438
IPL26-129,Hardik Pandya,ALL_ROUNDER,2.0,,77,76,32.0,0.0,200.0,77,85.0,1.706843473686006,1154.5895345607682
IPL26-130,Tilak Varma,BATSMAN,1.5,,76,50,23.0,1185.21,150.0,76,70.66666666666667,9.370736606307212,1247.4093713153525
IPL26-131,Trent Boult,BOWLER,2.0,,50,87,36.0,0.0,200.0,87,55.666666666666664,5.871017690982278,1375.9287075871503
IPL26-132,Deepak Chahar,BOWLER,2.0,,50,80,26.0,0.0,200.0,80,55.666666666666664,-0.9399076508070026,1490.0326793269107
IPL26-133,Naman Dhir,BATSMAN,0.5,,71,55,26.0,863.67,50.0,71,70.66666666666667,8.292642042407053,1108.3814830208084
IPL26-134,Will Jacks,ALL_ROUNDER,1.5,,70,67,27.0,0.0,150.0,70,85.0,-2.7718487331441954,989.726188972634
IPL26-135,Robin Minz,WICKET_KEEPER,0.5,,55,50,23.0,0.0,50.0,55,88.66666666666667,-3.5484046862573764,319.80555862563625
IPL26-136,Ryan Rickelton,WICKET_KEEPER,1.0,,73,50,29.0,0.0,100.0,73,88.66666666666667,-3.4829280742009048,940.0073726605061
IPL26-137,Shardul Thakur,ALL_ROUNDER,2.0,,62,82,34.0,0.0,200.0,82,85.0,1.4439532576385512,1161.4681865722912
IPL26-138,Sherfane Rutherford,BATSMAN,1.0,,67,50,27.0,0.0,100.0,67,70.66666666666667,-0.9178712297874337,692.5749667358922
IPL26-139,Mayank Markande,BOWLER,1.5,,50,72,28.0,0.0,150.0,72,55.666666666666664,-0.08799035054753324,848.8438028448043
IPL26-140,Allah Ghazanfar,BOWLER,1.0,,50,70,26.0,0.0,100.0,70,55.666666666666664,-0.351775450847833,832.3867792133249
IPL26-141,Corbin Bosch,ALL_ROUNDER,1.0,,69,73,31.0,0.0,100.0,73,85.0,-1.7822422542079022,846.8181626143539
IPL26-142,Mitchell Santner,ALL_ROUNDER,1.5,,62,73,34.0,0.0,150.0,73,85.0,-1.6010592913198036,663.6503617824134
IPL26-143,Ashwani Kumar,BOWLER,0.25,,50,73,26.0,180.0,25.0,73,55.666666666666664,8.673952313917962,853.995238449818
IPL26-144,Raj Angad Bawa,BATSMAN,0.5,,62,71,23.0,0.0,50.0,71,70.66666666666667,-1.898894194176815,872.0597565688187
IPL26-145,Raghu Sharma,BOWLER,0.25,,50,59,26.0,37.39,25.0,59,55.666666666666664,10.0,570.6692394958494
IPL26-146,Quinton de Kock,WICKET_KEEPER,2.0,,79,50,33.0,0.0,200.0,79,88.66666666666667,-1.7683134646538488,1069.5700416921684
IPL26-147,Atharva Ankolekar,ALL_ROUNDER,1.0,,63,68,25.0,0.0,100.0,68,85.0,-2.679722338227061,635.5574274090889
IPL26-148,Mohammad Izhar,BOWLER,0.25,,56,76,26.0,0.0,25.0,76,55.666666666666664,1.3518895951789622,1059.4070077006895
IPL26-149,Danish Malewar,BATSMAN,0.25,,52,50,26.0,0.0,25.0,52,70.66666666666667,-0.8762805491493904,263.2318104945684
IPL26-150,Mayank Rawat,BATSMAN,0.25,,56,50,26.0,0.0,25.0,56,70.66666666666667,-3.4180473789247356,349.4254341028894
IPL26-151,Shreyas Iyer,BATSMAN,2.0,,83,50,31.0,0.0,200.0,83,70.66666666666667,1.3566054467454594,1757.8898732451933
IPL26-152,Arshdeep Singh,BOWLER,2.0,,52,78,21.0,828.89,200.0,78,55.666666666666664,9.769599285794232,1214.1754039825273
IPL26-153,Yuzvendra Chahal,BOWLER,2.0,,50,100,35.0,0.0,200.0,100,55.666666666666664,3.926875024199361,2332.6422450714786
IPL26-154,Marco Jansen,ALL_ROUNDER,1.0,,61,70,26.0,0.0,100.0,70,85.0,-3.9473440194732956,932.9499422588814
IPL26-155,Prabhsimran Singh,WICKET_KEEPER,1.5,,74,50,25.0,0.0,150.0,74,88.66666666666667,0.7822215838253188,1052.7638806835519
IPL26-156,Harpreet Brar,ALL_ROUNDER,1.5,,62,72,30.0,492.23,150.0,72,85.0,8.153812137761907,1101.837335438485
IPL26-157,Shashank Singh,BATSMAN,1.5,,73,52,26.0,1092.28,150.0,73,70.66666666666667,9.07048913980759,1323.0044175660246
IPL26-158,Azmatullah Omarzai,ALL_ROUNDER,1.0,,64,67,26.0,458.76,100.0,67,85.0,8.50347074490992,1115.2727287407708
IPL26-159,Nehal Wadhera,BATSMAN,0.5,,68,50,25.0,0.0,50.0,68,70.66666666666667,-1.9295635145248453,792.8648931392764
IPL26-160,Xavier Bartlett,BOWLER,1.0,,50,55,27.0,0.0,100.0,55,55.666666666666664,0.8430462551802114,424.8873190575283
IPL26-161,Lockie Ferguson,BOWLER,1.5,,50,74,35.0,0.0,150.0,74,55.666666666666664,-2.034367149260775,596.7867904717575
IPL26-162,Marcus Stoinis,ALL_ROUNDER,1.5,,75,71,36.0,0.0,150.0,75,85.0,-0.31876512845808824,414.4664559244029
IPL26-163,Mitch Owen,ALL_ROUNDER,1.0,,50,50,22.0,0.0,100.0,50,85.0,-6.073380911491985,419.89584546000447
IPL26-164,Musheer Khan,BOWLER,0.5,,50,61,26.0,9.79,50.0,61,55.666666666666664,10.0,622.8222514127968
IPL26-165,Priyansh Arya,BATSMAN,0.5,,74,50,25.0,912.18,50.0,74,70.66666666666667,10.0,1096.6818901323259
IPL26-166,Vyshak Vijaykumar,BOWLER,1.5,,50,62,26.0,0.0,150.0,62,55.666666666666664,-5.659093628576318,518.6693748274233
IPL26-167,Yash Thakur,BOWLER,0.5,,50,67,26.0,223.54,50.0,67,55.666666666666664,10.0,655.4950424115668
IPL26-168,Pyla Avinash,BATSMAN,0.25,,63,50,25.0,0.0,25.0,63,70.66666666666667,-0.6610344555572242,505.9218098446615
IPL26-169,Harnoor Pannu,BATSMAN,0.25,,64,50,26.0,0.0,25.0,64,70.66666666666667,-0.9677890449525052,421.1326772658869
IPL26-170,Vishnu Vinod,WICKET_KEEPER,1.0,,62,50,32.0,15.19,100.0,62,88.66666666666667,10.0,751.2844642296092
IPL26-171,Suryansh Shedge,BATSMAN,0.25,,67,50,23.0,226.14,25.0,67,70.66666666666667,10.0,680.2777429096517
IPL26-172,Cooper Connolly,BATSMAN,1.0,,75,50,22.0,0.0,100.0,75,70.66666666666667,0.2824826571584962,926.8703022228982
IPL26-173,Ben Dwarshuis,BOWLER,1.0,,50,56,31.0,0.0,100.0,56,55.666666666666664,-4.789042491710303,198.3058633156899
IPL26-174,Praveen Dubey,BOWLER,0.25,,50,59,32.0,0.0,25.0,59,55.666666666666664,0.4169851763637903,312.5510360490388
IPL26-175,Vishal Nishad,BOWLER,0.25,,50,51,26.0,0.0,25.0,51,55.666666666666664,-8.75196541433718,133.0363665381969
IPL26-176,Yashasvi Jaiswal,BATSMAN,1.5,,78,50,24.0,0.0,150.0,78,70.66666666666667,2.5924918313554013,1330.565454598322
IPL26-177,Ravindra Jadeja,ALL_ROUNDER,2.0,,76,91,37.0,0.0,200.0,91,85.0,9.11884317003251,1766.3009049265231
IPL26-178,Riyan Parag,ALL_ROUNDER,2.0,,72,58,24.0,0.0,200.0,72,85.0,-3.7036174565057904,951.6849828353884
IPL26-179,Jofra Archer,BOWLER,1.5,,50,80,31.0,0.0,150.0,80,55.666666666666664,-1.0500982802198076,1160.9889055603778
IPL26-180,Dhruv Jurel,WICKET_KEEPER,1.0,,74,50,25.0,1059.22,100.0,74,88.66666666666667,10.0,1437.9635418692496
IPL26-181,Shimron Hetmyer,BATSMAN,2.0,,72,50,29.0,0.0,200.0,72,70.66666666666667,-0.12920195899906955,861.2774022192597
IPL26-182,Sam Curran,ALL_ROUNDER,2.0,,69,72,26.0,0.0,200.0,72,85.0,-1.055475032992875,1209.002466518441
IPL26-183,Sandeep Sharma,BOWLER,2.0,,51,77,26.0,459.67,200.0,77,55.666666666666664,10.0,1100.2845297663885
IPL26-184,Vaibhav Suryavanshi,BATSMAN,0.5,,80,50,26.0,0.0,50.0,80,70.66666666666667,-1.7106309412041212,1478.7113164178822
IPL26-185,Tushar Deshpande,BOWLER,1.5,,50,72,26.0,0.0,150.0,72,55.666666666666664,-1.7893461786990283,712.2781536972943
IPL26-186,Shubham Dubey,BATSMAN,0.5,,72,50,32.0,0.0,50.0,72,70.66666666666667,-1.6772897208307616,859.2773592970805
IPL26-187,Yudhvir Charak,BOWLER,0.5,,50,66,26.0,0.0,50.0,66,55.666666666666664,0.3167748536981366,546.672762033454
IPL26-188,Kwena Maphaka,BOWLER,0.5,,50,52,20.0,0.0,50.0,52,55.666666666666664,-6.668239212535634,260.87769659462566
IPL26-189,Lhuan-Dre Pretorius,BATSMAN,0.5,,57,50,20.0,0.0,50.0,57,70.66666666666667,-0.5436081397787836,370.6469131434451
IPL26-190,Nandre Burger,BOWLER,1.0,,50,70,30.0,0.0,100.0,70,55.666666666666664,-4.097614087228196,686.6405608907497
IPL26-191,Donovan Ferreira,WICKET_KEEPER,1.0,,69,50,27.0,0.0,100.0,69,88.66666666666667,-1.3298682763935163,965.3406767205809
IPL26-192,Ravi Bishnoi,BOWLER,2.0,,51,74,25.0,466.26,200.0,74,55.666666666666664,10.0,1219.1002405243314
IPL26-193,Adam Milne,BOWLER,1.0,,50,59,34.0,0.0,100.0,59,55.666666666666664,-1.6351565822599716,164.41323360947888
IPL26-194,Ravi Singh,BATSMAN,0.25,,59,50,26.0,4.35,25.0,59,70.66666666666667,9.824353359870502,629.3216493354453
IPL26-195,Sushant Mishra,BOWLER,0.25,,51,75,25.0,0.0,25.0,75,55.666666666666664,-2.795805863847851,847.1126599551344
IPL26-196,Kuldeep Sen,BOWLER,1.0,,50,70,29.0,0.0,100.0,70,55.666666666666664,0.019525795101859034,760.8136789146369
IPL26-197,Brijesh Sharma,BOWLER,0.25,,50,67,26.0,210.22,25.0,67,55.666666666666664,8.980335661307885,778.2775741247615
IPL26-198,Aman Rao Perala,BATSMAN,0.25,,71,50,26.0,0.0,25.0,71,70.66666666666667,1.790733357690618,947.553505305564
IPL26-199,Vignesh Puthur,BOWLER,0.25,,50,73,25.0,0.0,25.0,73,55.666666666666664,-3.7893207270252907,607.2475887783365
IPL26-200,Virat Kohli,BATSMAN,2.0,,100,50,37.0,0.0,200.0,100,70.66666666666667,5.59457563910555,2121.76406477222
IPL26-201,Rajat Patidar,BATSMAN,1.5,,75,50,33.0,0.0,150.0,75,70.66666666666667,0.15023865966348848,1119.697560929437
IPL26-202,Phil Salt,WICKET_KEEPER,1.0,,75,50,47.0,0.0,100.0,75,88.66666666666667,1.432173147882953,100.0
IPL26-203,Josh Hazlewood,BOWLER,1.5,,50,79,35.0,0.0,150.0,79,55.666666666666664,-0.8478542503146576,868.8812389770153
IPL26-204,Yash Dayal,BOWLER,1.5,,51,68,28.0,485.16,150.0,68,55.666666666666664,9.563235762761783,948.1020246600311
IPL26-205,Krunal Pandya,ALL_ROUNDER,2.0,,71,82,35.0,0.0,200.0,82,85.0,-2.847490326907232,1145.5966538610542
IPL26-206,Bhuvneshwar Kumar,BOWLER,2.0,,50,98,36.0,0.0,200.0,98,55.666666666666664,7.393467035439215,2071.724676204687
IPL26-207,Tim David,BATSMAN,1.5,,74,50,26.0,0.0,150.0,74,70.66666666666667,1.7754234251568586,1029.8347530783165
IPL26-208,Romario Shepherd,ALL_ROUNDER,1.0,,68,62,31.0,0.0,100.0,68,85.0,-2.1912769944138653,692.6073911683533
IPL26-209,Nuwan Thushara,BOWLER,1.0,,50,68,31.0,0.0,100.0,68,55.666666666666664,-0.01739577576085416,636.803621193937
IPL26-210,Swapnil Singh,BOWLER,1.0,,59,66,35.0,131.12,100.0,66,55.666666666666664,9.497025229448656,377.28337492255685
IPL26-211,Jacob Bethell,BATSMAN,1.0,,64,50,20.0,0.0,100.0,64,70.66666666666667,-3.296562227825922,695.7304837745443
IPL26-212,Devdutt Padikkal,BATSMAN,1.5,,73,50,25.0,0.0,150.0,73,70.66666666666667,0.3587315233355008,1183.1021553086787
IPL26-213,Suyash Sharma,BOWLER,0.5,,50,64,26.0,369.66,50.0,64,55.666666666666664,9.765592199683677,737.5602679666245
IPL26-214,Rasikh Dar,BOWLER,0.5,,50,71,26.0,0.0,50.0,71,55.666666666666664,-0.997620718989034,749.6985805548717
IPL26-215,Jitesh Sharma,WICKET_KEEPER,1.5,,56,50,32.0,0.0,150.0,56,88.66666666666667,-5.919243888368995,381.1825214249293
IPL26-216,Abhinandan Singh,BOWLER,0.25,,50,59,26.0,38.42,25.0,59,55.666666666666664,9.083808084518758,613.297374459146
IPL26-217,Venkatesh Iyer,ALL_ROUNDER,1.5,,73,60,35.0,0.0,150.0,73,85.0,2.4997268140590685,833.0393114529871
IPL26-218,Jordan Cox,WICKET_KEEPER,1.0,,80,50,34.0,0.0,100.0,80,88.66666666666667,1.88048755177422,1038.014393994235
IPL26-219,Mangesh Yadav,BOWLER,0.25,,72,65,26.0,0.0,25.0,72,55.666666666666664,-3.698366983516049,824.2426590555218
IPL26-220,Vicky Kanhaiya Ostwal,BOWLER,0.5,,60,74,26.0,0.0,50.0,74,55.666666666666664,1.7951592829802794,1018.5315884272136
IPL26-221,Kanishk Chouhan,BATSMAN,0.25,,50,50,26.0,0.0,25.0,50,70.66666666666667,-5.462117185118716,224.60424078635972
IPL26-222,Vihaan Malhotra,BATSMAN,0.25,,50,50,19.0,0.0,25.0,50,70.66666666666667,-4.005884033885138,340.27013258701817
IPL26-223,Satvik Deswal,BOWLER,0.25,,50,77,26.0,0.0,25.0,77,55.666666666666664,2.956595658550185,1116.3018299951043
IPL26-224,Yash Raj Punja,BOWLER,0.25,,50,68,26.0,128.95,25.0,68,55.666666666666664,10.0,762.229826747428
IPL26-225,Pat Cummins,ALL_ROUNDER,2.0,,67,78,33.0,0.0,200.0,78,85.0,-0.5693623657841465,1399.0753259984729
IPL26-226,Heinrich Klaasen,WICKET_KEEPER,1.5,,80,50,26.0,0.0,150.0,80,88.66666666666667,3.002707526404731,1728.2024271798284
IPL26-227,Travis Head,BATSMAN,1.5,,75,50,32.0,0.0,150.0,75,70.66666666666667,1.568244272232719,857.1724924477762
IPL26-228,Abhishek Sharma,ALL_ROUNDER,1.5,,79,59,26.0,1410.48,150.0,79,85.0,10.0,1265.6553738126343
IPL26-229,Nitish Kumar Reddy,ALL_ROUNDER,1.0,,70,62,23.0,0.0,100.0,70,85.0,-0.5935421023383178,850.2291159122559
IPL26-230,Ishan Kishan,WICKET_KEEPER,2.0,,78,50,27.0,1062.44,200.0,78,88.66666666666667,10.0,1757.5723707973807
IPL26-231,Harshal Patel,BOWLER,2.0,,50,88,35.0,0.0,200.0,88,55.666666666666664,7.280876802574637,2072.8768842513414
IPL26-232,Jaydev Unadkat,BOWLER,2.0,,50,81,33.0,0.0,200.0,81,55.666666666666664,-0.054062336184322546,1109.5500278001252
IPL26-233,Zeeshan Ansari,BOWLER,0.5,,50,59,26.0,99.75,50.0,59,55.666666666666664,10.0,589.6238543574779
IPL26-234,Brydon Carse,BOWLER,1.0,,50,72,30.0,0.0,100.0,72,55.666666666666664,-1.42414333590391,729.7004508073697
IPL26-235,Kamindu Mendis,BATSMAN,1.0,,65,68,27.0,0.0,100.0,68,70.66666666666667,-3.388342678830408,801.9060414670304
IPL26-236,Harsh Dubey,BOWLER,0.5,,57,70,23.0,174.77,50.0,70,55.666666666666664,10.0,1022.2555143101056
IPL26-237,Aniket Verma,BATSMAN,0.25,,66,50,24.0,403.65,25.0,66,70.66666666666667,10.0,888.8085181990601
IPL26-238,Eshan Malinga,BOWLER,0.25,,50,74,25.0,0.0,25.0,74,55.666666666666664,-2.617606602565859,813.5464317932875
IPL26-239,Smaran Ravichandaran,BATSMAN,0.25,,73,50,26.0,0.0,25.0,73,70.66666666666667,-1.9352480219819834,832.9128993607378
IPL26-240,Liam Livingstone,ALL_ROUNDER,1.5,,70,67,32.0,0.0,150.0,70,85.0,-0.013877454761836494,778.3700880055086
IPL26-241,Salil Arora,WICKET_KEEPER,0.25,,68,50,23.0,31.36,25.0,68,88.66666666666667,10.0,771.35075982277
IPL26-242,Jack Edwards,ALL_ROUNDER,1.0,,62,77,26.0,0.0,100.0,77,85.0,0.7225152248152692,1407.2495073318405
IPL26-243,Shivam Mavi,BOWLER,1.5,,50,64,27.0,0.0,150.0,64,55.666666666666664,0.9076271613930817,652.4845990083837
IPL26-244,Amit Kumar,BOWLER,0.25,,50,56,26.0,0.0,25.0,56,55.666666666666664,-5.112602015967434,288.64292344970943
IPL26-245,Onkar Tarmale,ALL_ROUNDER,0.25,,51,56,26.0,0.0,25.0,56,85.0,-0.20001322265375499,500.4214009695984
IPL26-246,Sakib Hussain,BOWLER,0.25,,50,71,21.0,221.1,25.0,71,55.666666666666664,9.394139179241106,960.7338414285423
IPL26-247,Praful Hinge,BOWLER,0.25,,50,70,26.0,0.0,25.0,70,55.666666666666664,0.19006423973138453,719.414717849902
IPL26-248,Shivang Kumar,BOWLER,0.25,,58,63,26.0,185.9,25.0,63,55.666666666666664,10.0,745.829880922137
IPL26-249,Krains Fuletra,BOWLER,0.25,,50,55,26.0,0.0,25.0,55,55.666666666666664,0.6736817453958898,370.9068228683181
IPL26-250,Jake Fraser-McGurk,BATSMAN,1.0,,71,50,23.0,0.0,100.0,71,70.66666666666667,-0.09822244037856775,784.119668757575
IPL26-251,Devon Conway,WICKET_KEEPER,1.5,,76,50,26.0,0.0,150.0,76,88.66666666666667,-0.6547272258527632,1165.1850593052138
IPL26-252,Gus Atkinson,BOWLER,1.0,,50,80,28.0,0.0,100.0,80,55.666666666666664,-1.5289156459117392,1061.4582982880859
IPL26-253,Jamie Smith,WICKET_KEEPER,1.0,,71,50,37.0,0.0,100.0,71,88.66666666666667,0.11953361255413232,100.0
IPL26-254,Deepak Hooda,ALL_ROUNDER,2.0,,66,60,31.0,0.0,200.0,66,85.0,-2.2215371501092918,767.0499083529488
IPL26-255,Wiaan Mulder,BOWLER,1.0,,57,50,28.0,0.0,100.0,57,55.666666666666664,-4.091672168013472,316.0282408294217
IPL26-256,Rahmanullah Gurbaz,WICKET_KEEPER,1.0,,67,50,24.0,183.09,100.0,67,88.66666666666667,9.986162253905762,1027.4550414661383
IPL26-257,Jonny Bairstow,WICKET_KEEPER,1.5,,75,50,36.0,0.0,150.0,75,88.66666666666667,0.25674747508291584,543.6523407617645
IPL26-258,K.S. Bharat,WICKET_KEEPER,1.5,,67,50,26.0,0.0,150.0,67,88.66666666666667,-2.2387806477135177,744.1320836515777
IPL26-259,Gerald Coetzee,BOWLER,1.0,,50,67,25.0,0.0,100.0,67,55.666666666666664,-1.8499554326679957,485.9421851800463
IPL26-260,Spencer Johnson,BOWLER,1.0,,50,57,38.0,0.0,100.0,57,55.666666666666664,-7.886201343650987,100.0
IPL26-261,Fazalhaq Farooqi,BOWLER,1.0,,50,63,25.0,34.22,100.0,63,55.666666666666664,10.0,708.8738039295881
IPL26-262,Maheesh Theekshana,BOWLER,1.0,,50,71,25.0,0.0,100.0,71,55.666666666666664,-1.9719928344658508,840.6532641976031
IPL26-263,Mujeeb Ur Rahman,BOWLER,2.0,,50,67,25.0,8.29,200.0,67,55.666666666666664,9.720239831504166,923.5601921946679
IPL26-264,Aarya Desai,BATSMAN,0.25,,55,50,23.0,0.0,25.0,55,70.66666666666667,-1.496830515301344,376.5050625048813
IPL26-265,Yash Dhull,BATSMAN,0.5,,55,50,23.0,0.0,50.0,55,70.66666666666667,-3.2317612171707015,336.20773268264634
IPL26-266,Abhinav Manohar,BATSMAN,0.5,,62,50,31.0,0.0,50.0,62,70.66666666666667,-4.520864560204446,380.0054853692096
IPL26-267,Anmolpreet Singh,BATSMAN,1.0,,63,50,28.0,4.93,100.0,63,70.66666666666667,10.0,878.5653863034916
IPL26-268,Atharva Taide,BATSMAN,0.5,,69,50,26.0,59.39,50.0,69,70.66666666666667,9.668691616816677,876.3690314710392
IPL26-269,Mahipal Lomror,BATSMAN,1.5,,65,50,26.0,0.0,150.0,65,70.66666666666667,-2.2658748828053863,555.7792947688293
IPL26-270,Vijay Shankar,ALL_ROUNDER,2.0,,68,66,35.0,0.0,200.0,68,85.0,-1.7145157671001243,438.3724970310972
IPL26-271,Tanush Kotian,BATSMAN,0.5,,61,55,27.0,18.32,50.0,61,70.66666666666667,9.174589470021045,740.1241618166142
IPL26-272,Kamlesh Nagarkoti,BOWLER,1.5,,50,57,26.0,0.0,150.0,57,55.666666666666664,-2.418620447093541,357.96012730135686
IPL26-273,Ruchit Ahir,BATSMAN,0.25,,74,50,26.0,0.0,25.0,74,70.66666666666667,1.3521297926278426,998.3787690155214
IPL26-274,Sanvir Singh,BATSMAN,0.5,,60,53,29.0,20.67,50.0,60,70.66666666666667,8.648925633791979,563.4060585852193
IPL26-275,Vansh Bedi,WICKET_KEEPER,0.25,,50,50,23.0,0.0,25.0,50,88.66666666666667,-6.20604051985157,269.76355679417946
IPL26-276,Raj Limbani,BOWLER,0.25,,50,75,26.0,0.0,25.0,75,55.666666666666664,-1.8040745339427546,697.9042519967666
IPL26-277,Simarjeet Singh,BOWLER,1.0,,50,65,28.0,87.74,100.0,65,55.666666666666664,10.0,713.5741738333588
IPL26-278,Akash Madhwal,BOWLER,1.0,,50,68,32.0,143.34,100.0,68,55.666666666666664,10.0,830.8408931280167
IPL26-279,Karn Sharma,BOWLER,2.0,,50,80,38.0,0.0,200.0,80,55.666666666666664,1.4606189271428687,200.0
IPL26-280,Sean Abbott,BOWLER,1.0,,50,54,34.0,0.0,100.0,54,55.666666666666664,-3.2038852072664317,100.0
IPL26-281,Michael Bracewell,ALL_ROUNDER,1.0,,67,74,35.0,0.0,100.0,74,85.0,2.2939820105099114,873.5425731930944
IPL26-282,Daryl Mitchell,BATSMAN,1.0,,67,53,26.0,0.0,100.0,67,70.66666666666667,0.5934971103631362,665.6906439299091
IPL26-283,Dasun Shanaka,BATSMAN,1.5,,62,55,34.0,0.0,150.0,62,70.66666666666667,-7.574639108661717,260.1855378419616
IPL26-284,Chetan Sakariya,BOWLER,1.5,,50,70,27.0,0.0,150.0,70,55.666666666666664,-3.1054497104054395,825.1155526116569
IPL26-285,Waqar Salamkheil,BOWLER,1.0,,50,72,29.0,0.0,100.0,72,55.666666666666664,-0.421335899842994,793.3079661434432
IPL26-286,Taskin Ahmed,BOWLER,1.0,,50,80,31.0,0.0,100.0,80,55.666666666666664,2.2027833207329297,1325.1933608566844
IPL26-287,Alzarri Joseph,BOWLER,1.5,,50,68,29.0,0.0,150.0,68,55.666666666666664,2.6153543752155057,798.1662809673529
IPL26-288,Riley Meredith,BOWLER,1.0,,50,69,29.0,0.0,100.0,69,55.666666666666664,6.872944646783747,962.7532253187367
IPL26-289,Jhye Richardson,BOWLER,1.5,,50,58,29.0,0.0,150.0,58,55.666666666666664,-2.571748664786064,344.6518994284049
IPL26-290,Daniel Lawrence,BATSMAN,1.0,,79,50,26.0,0.0,100.0,79,70.66666666666667,3.9929327823384497,1551.4986240163291
IPL26-291,Murugan Ashwin,BOWLER,1.5,,50,72,35.0,0.0,150.0,72,55.666666666666664,1.7906914141956172,566.8926654294913
IPL26-292,William Sutherland,ALL_ROUNDER,1.0,,66,71,26.0,0.0,100.0,71,85.0,0.9228769930634373,833.0371935370861
IPL26-293,Kartikeya Singh,BOWLER,0.5,,56,79,26.0,0.0,50.0,79,55.666666666666664,0.7763121039349798,1142.5785920358264
IPL26-294,Shivam Shukla,BOWLER,0.25,,50,63,26.0,0.0,25.0,63,55.666666666666664,1.1744820058160763,512.6979681267634
IPL26-295,Wahidullah Zadran,BOWLER,1.0,,50,62,26.0,0.0,100.0,62,55.666666666666664,-5.276538864401059,413.0492147718052
IPL26-296,KC Cariappa,BOWLER,0.5,,50,59,32.0,0.0,50.0,59,55.666666666666664,-3.2000051366685636,239.46990500478788
IPL26-297,Sediqullah Atal,BATSMAN,1.0,,65,50,24.0,14.99,100.0,65,70.66666666666667,9.073618870018462,865.770611452323
IPL26-298,Nathan Smith,BOWLER,1.0,,51,53,26.0,0.0,100.0,53,55.666666666666664,-4.815214449315959,222.0913019348198
IPL26-299,Manan Vohra,BATSMAN,1.5,,67,50,32.0,0.0,150.0,67,70.66666666666667,-2.354938232713449,550.6040796800357
IPL26-300,Jacob Duffy,BOWLER,1.0,,50,67,25.0,0.0,100.0,67,55.666666666666664,2.6119503197419327,589.9418153599192
IPL26-001,MS Dhoni,WICKET_KEEPER,2.0,,76,50,44.0,492.22,200.0,76,88.66666666666667,9.704910085762094,200.0
IPL26-002,Ruturaj Gaikwad,BATSMAN,2.0,,79,50,29.0,0.0,200.0,79,70.66666666666667,1.9055332528469824,1440.5337824213645
IPL26-003,Sanju Samson,WICKET_KEEPER,2.0,,85,50,31.0,0.0,200.0,85,88.66666666666667,3.4681105709163123,1504.1708227122688
IPL26-004,Shivam Dube,ALL_ROUNDER,2.0,,75,60,32.0,0.0,200.0,75,85.0,1.0143574289297994,954.4099706038359
IPL26-005,Ayush Mhatre,BATSMAN,0.25,,73,50,18.0,0.0,25.0,73,70.66666666666667,3.071025829063596,1124.2930128905177
IPL26-006,Dewald Brevis,BATSMAN,1.0,,68,50,23.0,0.0,100.0,68,70.66666666666667,-2.6479630299073813,675.4144936003065
IPL26-007,Urvil Patel,WICKET_KEEPER,0.25,,69,50,27.0,268.05,25.0,69,88.66666666666667,9.712106993558706,825.5078812413224
IPL26-008,Noor Ahmad,BOWLER,1.5,,51,76,21.0,701.28,150.0,76,55.666666666666664,10.0,1318.8993070657282
IPL26-009,Nathan Ellis,BOWLER,1.0,,50,71,26.0,0.0,100.0,71,55.666666666666664,-2.7954938363697353,854.3949424070626
IPL26-010,Shreyas Gopal,BOWLER,2.0,,50,76,32.0,0.0,200.0,76,55.666666666666664,1.940801696830011,1009.7891886045438
IPL26-011,Khaleel Ahmed,BOWLER,2.0,,50,80,26.0,0.0,200.0,80,55.666666666666664,3.134728758141463,1487.3356692968184
IPL26-012,Ramakrishna Ghosh,BOWLER,0.25,,61,55,28.0,0.0,25.0,61,55.666666666666664,-3.8850355934015837,276.1736740473959
IPL26-013,Mukesh Choudhary,BOWLER,1.5,,50,68,30.0,140.19,150.0,68,55.666666666666664,9.407073466951978,724.2358100000122
IPL26-014,Jamie Overton,ALL_ROUNDER,1.0,,69,71,32.0,0.0,100.0,71,85.0,-0.4518660932448264,878.8117625856967
IPL26-015,Gurjapneet Singh,BOWLER,0.5,,50,58,27.0,99.53,50.0,58,55.666666666666664,9.301511204276306,563.4338727702451
IPL26-016,Anshul Kamboj,ALL_ROUNDER,0.5,,66,72,31.0,0.0,50.0,72,85.0,-1.414284670616696,891.6183874618057
IPL26-017,Prashant Veer,BATSMAN,0.25,,73,50,20.0,0.0,25.0,73,70.66666666666667,-0.886423643024324,979.7922869262583
IPL26-018,Kartik Sharma,WICKET_KEEPER,0.25,,70,50,26.0,292.84,25.0,70,88.66666666666667,7.907892770374776,1202.1645743666747
IPL26-019,Rahul Chahar,BOWLER,2.0,,50,78,26.0,0.0,200.0,78,55.666666666666664,2.4967585999019604,1275.0838001762725
IPL26-020,Akeal Hosein,BOWLER,1.0,,58,71,33.0,0.0,100.0,71,55.666666666666664,-3.284859726373603,518.2453285856114
IPL26-021,Matt Henry,BOWLER,1.0,,50,54,47.0,0.0,100.0,54,55.666666666666664,-9.980490428572965,100.0
IPL26-022,Matthew Short,BATSMAN,1.0,,64,50,26.0,0.0,100.0,64,70.66666666666667,-2.2386483621591484,497.77269790965977
IPL26-023,Sarfaraz Khan,BATSMAN,1.0,,67,50,26.0,0.0,100.0,67,70.66666666666667,-2.570443389337805,620.2705750173334
IPL26-024,Zak Foulkes,BOWLER,1.0,,50,81,24.0,0.0,100.0,81,55.666666666666664,1.8289401593780927,1143.912718719368
IPL26-025,Aman Khan,BOWLER,0.25,,55,64,26.0,0.0,25.0,64,55.666666666666664,-5.313216772927298,325.0033052511945
IPL26-026,KL Rahul,WICKET_KEEPER,2.0,,87,50,34.0,1380.75,200.0,87,88.66666666666667,10.0,2327.7382922279135
IPL26-027,Axar Patel,ALL_ROUNDER,2.0,,71,86,32.0,0.0,200.0,86,85.0,-0.8658384689679341,2105.827810946564
IPL26-028,Kuldeep Yadav,BOWLER,2.0,,52,77,26.0,718.52,200.0,77,55.666666666666664,10.0,1484.048672409334
IPL26-029,T. Natarajan,BOWLER,2.0,,50,75,26.0,0.0,200.0,75,55.666666666666664,5.150498809804887,1092.9379763823054
IPL26-030,Mitchell Starc,BOWLER,1.5,,50,80,36.0,0.0,150.0,80,55.666666666666664,0.8002841496505475,579.3806370945086
IPL26-031,Tristan Stubbs,WICKET_KEEPER,1.5,,77,50,25.0,0.0,150.0,77,88.66666666666667,-0.38182828234271426,1113.4850193243483
IPL26-032,Mukesh Kumar,BOWLER,1.5,,51,67,26.0,521.18,150.0,67,55.666666666666664,9.664269005080278,787.8739166008453
IPL26-033,Nitish Rana,BATSMAN,2.0,,76,50,32.0,0.0,200.0,76,70.66666666666667,-3.4389417326679013,1111.2929415047163
IPL26-034,Abishek Porel,WICKET_KEEPER,1.0,,70,50,23.0,743.92,100.0,70,88.66666666666667,10.0,1185.356289017677
IPL26-035,Ashutosh Sharma,BATSMAN,0.5,,72,50,26.0,869.41,50.0,72,70.66666666666667,9.193932441250196,1110.2405518159246
IPL26-036,Sameer Rizvi,BATSMAN,0.5,,71,50,22.0,503.63,50.0,71,70.66666666666667,9.527148577650356,931.8352446025665
IPL26-037,Karun Nair,BATSMAN,1.5,,69,50,34.0,0.0,150.0,69,70.66666666666667,-3.573195823457965,634.122191238534
IPL26-038,Dushmantha Chameera,BOWLER,1.0,,50,61,34.0,0.0,100.0,61,55.666666666666664,-2.7102418260994114,196.17262193213784
IPL26-039,Vipraj Nigam,ALL_ROUNDER,0.5,,68,66,21.0,0.0,50.0,68,85.0,-3.525232361542556,732.7309312693293
IPL26-040,Ajay Mandal,ALL_ROUNDER,0.25,,60,69,26.0,0.0,25.0,69,85.0,-3.1333920104261486,792.3570663361212
IPL26-041,Madhav Tiwari,BOWLER,0.25,,50,70,22.0,0.0,25.0,70,55.666666666666664,-1.941703818357389,642.43573643927
IPL26-042,Tripurana Vijay,BOWLER,0.25,,50,50,24.0,0.0,25.0,50,55.666666666666664,-5.629087730683333,138.35682022229267
IPL26-043,Auqib Nabi Dar,ALL_ROUNDER,0.25,,60,76,26.0,0.0,25.0,76,85.0,-1.7684051732149213,1011.4872511543929
IPL26-044,Pathum Nissanka,BATSMAN,1.0,,69,50,28.0,0.0,100.0,69,70.66666666666667,4.533185293287749,908.7679397142224
IPL26-045,David Miller,BATSMAN,2.0,,80,50,26.0,0.0,200.0,80,70.66666666666667,1.9314820781288868,1169.7264014198493
IPL26-046,Ben Duckett,BATSMAN,1.0,,84,50,31.0,0.0,100.0,84,70.66666666666667,-1.4118243440632021,1327.3224730551499
IPL26-047,Lungi Ngidi,BOWLER,1.5,,50,77,30.0,0.0,150.0,77,55.666666666666664,2.8833267037775183,942.4624570835625
IPL26-048,Kyle Jamieson,ALL_ROUNDER,1.5,,62,68,26.0,0.0,150.0,68,85.0,-2.597189223920987,632.3230580770602
IPL26-049,Prithvi Shaw,BATSMAN,2.0,,72,50,26.0,0.0,200.0,72,70.66666666666667,-0.05025188737293196,1134.1814446117799
IPL26-050,Sahil Parakh,BATSMAN,0.25,,61,50,26.0,0.0,25.0,61,70.66666666666667,-6.357898210812225,366.0766870436307
IPL26-051,Shubman Gill,BATSMAN,2.0,,84,50,26.0,1502.36,200.0,84,70.66666666666667,10.0,1878.5136441106085
IPL26-052,Rashid Khan,ALL_ROUNDER,2.0,,63,83,26.0,1036.91,200.0,83,85.0,7.914184141076712,1582.3826512769033
IPL26-053,Jos Buttler,WICKET_KEEPER,2.0,,86,50,35.0,0.0,200.0,86,88.66666666666667,-0.6432416946472601,1587.8795684323643
IPL26-054,Kagiso Rabada,BOWLER,2.0,,50,89,31.0,0.0,200.0,89,55.666666666666664,2.954809629754218,2046.023713395258
IPL26-055,Mohammed Siraj,BOWLER,2.0,,52,79,32.0,835.35,200.0,79,55.666666666666664,10.0,1250.482950500456
IPL26-056,Sai Sudharsan,BATSMAN,1.5,,83,50,24.0,1572.25,150.0,83,70.66666666666667,10.0,1731.136104660845
IPL26-057,Prasidh Krishna,BOWLER,2.0,,51,77,30.0,571.61,200.0,77,55.666666666666664,9.702389037883306,1293.2666001949808
IPL26-058,Washington Sundar,ALL_ROUNDER,2.0,,69,64,26.0,670.48,200.0,69,85.0,9.909875259008988,1170.9815618477467
IPL26-059,Rahul Tewatia,ALL_ROUNDER,2.0,,70,71,33.0,0.0,200.0,71,85.0,1.700318741618222,922.5851093582611
IPL26-060,Shahrukh Khan,BATSMAN,1.5,,66,51,26.0,378.48,150.0,66,70.66666666666667,9.815415336754684,740.8071815784231
IPL26-061,R. Sai Kishore,BOWLER,1.5,,50,75,26.0,0.0,150.0,75,55.666666666666664,-0.3554589707116681,986.560178725961
IPL26-062,Glenn Phillips,BATSMAN,1.5,,61,50,26.0,0.0,150.0,61,70.66666666666667,-3.306998757697347,551.6345420189608
IPL26-063,Jayant Yadav,BOWLER,2.0,,63,61,36.0,0.0,200.0,63,55.666666666666664,-2.061511247355895,200.0
IPL26-064,Anuj Rawat,WICKET_KEEPER,0.5,,66,50,26.0,109.12,50.0,66,88.66666666666667,10.0,1014.2267078145911
IPL26-065,Kumar Kushagra,WICKET_KEEPER,0.5,,56,50,21.0,18.97,50.0,56,88.66666666666667,10.0,741.9856992473373
IPL26-066,Gurnoor Singh Brar,BOWLER,0.5,,56,65,26.0,0.0,50.0,65,55.666666666666664,-4.765504681290024,377.26266311766017
IPL26-067,Nishant Sindhu,BATSMAN,0.5,,61,50,22.0,0.0,50.0,61,70.66666666666667,-4.799430890384899,357.05562717629397
IPL26-068,Manav Suthar,BOWLER,0.25,,50,58,23.0,0.0,25.0,58,55.666666666666664,-4.515226942362229,288.73893462031214
IPL26-069,Ishant Sharma,BOWLER,1.5,,50,78,37.0,0.0,150.0,78,55.666666666666664,2.050940130663314,206.57893856018524
IPL26-070,Arshad Khan,BOWLER,0.5,,52,64,26.0,357.1,50.0,64,55.666666666666664,9.705220715700257,711.5560111589896
IPL26-071,Jason Holder,ALL_ROUNDER,1.5,,61,79,41.0,0.0,150.0,79,85.0,2.8334148427635477,150.0
IPL26-072,Tom Banton,WICKET_KEEPER,1.0,,58,50,27.0,0.0,100.0,58,88.66666666666667,-8.003952122102657,435.6695132414434
IPL26-073,Ashok Sharma,BOWLER,0.25,,50,64,26.0,94.13,25.0,64,55.666666666666664,9.311282333577084,634.7470179827229
IPL26-074,Luke Wood,BOWLER,1.0,,50,50,26.0,0.0,100.0,50,55.666666666666664,-5.606130924146162,261.6505112903229
IPL26-075,Prithvi Raj,BOWLER,0.25,,55,73,26.0,0.0,25.0,73,55.666666666666664,-2.641073318020231,779.8314706143449
IPL26-076,Sunil Narine,ALL_ROUNDER,2.0,,70,98,37.0,0.0,200.0,98,85.0,3.059384085192791,2171.9234518628036
IPL26-077,Varun Chakravarthy,BOWLER,2.0,,50,85,34.0,0.0,200.0,85,55.666666666666664,2.605743395880949,1810.433173454467
IPL26-078,Rinku Singh,BATSMAN,1.5,,74,50,37.0,0.0,150.0,74,70.66666666666667,3.6236879757840943,150.0
IPL26-079,Harshit Rana,BOWLER,1.0,,51,73,24.0,541.9,100.0,73,55.666666666666664,9.717153453822206,1271.369750570652
IPL26-080,Angkrish Raghuvanshi,BATSMAN,0.5,,73,50,22.0,0.0,50.0,73,70.66666666666667,2.7519571016624216,1106.3098646731898
IPL26-081,Ramandeep Singh,ALL_ROUNDER,1.5,,63,65,26.0,355.97,150.0,65,85.0,10.0,821.1786786951317
IPL26-082,Ajinkya Rahane,BATSMAN,2.0,,79,50,38.0,0.0,200.0,79,70.66666666666667,-1.0873892016692912,200.0
IPL26-083,Rovman Powell,BATSMAN,1.5,,67,50,32.0,0.0,150.0,67,70.66666666666667,-0.10828916961680646,548.5839050681511
IPL26-084,Vaibhav Arora,BOWLER,1.5,,50,73,28.0,0.0,150.0,73,55.666666666666664,0.5310608492719366,756.7520223101933
IPL26-085,Manish Pandey,BATSMAN,2.0,,73,50,26.0,0.0,200.0,73,70.66666666666667,3.0640995202487074,898.0735582777781
IPL26-086,Anukul Roy,BOWLER,0.5,,60,69,27.0,0.0,50.0,69,55.666666666666664,-0.7617515841093161,671.6538076072583
IPL26-087,Umran Malik,BOWLER,1.5,,50,65,26.0,0.0,150.0,65,55.666666666666664,-1.9566699682228514,479.3204466672042
IPL26-088,Cameron Green,ALL_ROUNDER,1.0,,75,66,26.0,0.0,100.0,75,85.0,-1.4615391002062057,990.3603283350218
IPL26-089,Matheesha Pathirana,BOWLER,1.5,,50,77,24.0,0.0,150.0,77,55.666666666666664,-1.368341833041866,1256.207343986338
IPL26-090,Mustafizur Rahman,BOWLER,1.5,,50,77,30.0,258.07,150.0,77,55.666666666666664,8.855738568608292,1052.933661348445
IPL26-091,Tejasvi Singh,BATSMAN,0.25,,78,50,26.0,0.0,25.0,78,70.66666666666667,2.2823419992414125,1336.6335960515084
IPL26-092,Finn Allen,BATSMAN,1.0,,74,50,27.0,0.0,100.0,74,70.66666666666667,3.586727291086306,953.6478033392674
IPL26-093,Rachin Ravindra,BATSMAN,1.0,,68,50,26.0,0.0,100.0,68,70.66666666666667,-0.01783392579900589,601.7657120093418
IPL26-094,Tim Seifert,WICKET_KEEPER,1.0,,58,50,24.0,0.0,100.0,58,88.66666666666667,-2.1135738760479015,568.3062142422948
IPL26-095,Akash Deep,BOWLER,1.0,,50,58,26.0,74.49,100.0,58,55.666666666666664,10.0,632.4042512300606
IPL26-096,Rahul Tripathi,BATSMAN,2.0,,73,50,26.0,0.0,200.0,73,70.66666666666667,0.47414226337280274,1207.2795866255688
IPL26-097,Prashant Solanki,BOWLER,0.25,,50,75,26.0,0.0,25.0,75,55.666666666666664,-1.4081135737918442,974.3053561541712
IPL26-098,Kartik Tyagi,BOWLER,1.0,,51,71,25.0,267.17,100.0,71,55.666666666666664,10.0,1102.1027594447698
IPL26-099,Sarthak Ranjan,BATSMAN,0.25,,59,50,29.0,0.0,25.0,59,70.66666666666667,-2.2592113783170347,331.76987801823367
IPL26-100,Daksh Kamra,BATSMAN,0.25,,50,50,26.0,0.0,25.0,50,70.66666666666667,-1.3825192981954735,249.127033226499
IPL26-101,Rishabh Pant,WICKET_KEEPER,2.0,,82,50,28.0,0.0,200.0,82,88.66666666666667,2.770064682730149,1835.0776321387063
IPL26-102,Nicholas Pooran,WICKET_KEEPER,2.0,,77,50,30.0,0.0,200.0,77,88.66666666666667,4.313414902492712,1533.5640965430982
IPL26-103,Mayank Yadav,BOWLER,1.0,,50,63,26.0,0.0,100.0,63,55.666666666666664,-7.328898949306786,450.35200480620915
IPL26-104,Mohammed Shami,BOWLER,2.0,,51,77,36.0,366.12,200.0,77,55.666666666666664,10.0,684.4881341113634
IPL26-105,Mohsin Khan,BOWLER,1.5,,51,75,38.0,341.0,150.0,75,55.666666666666664,10.0,150.0
IPL26-106,Ayush Badoni,BATSMAN,0.5,,70,50,26.0,0.0,50.0,70,70.66666666666667,0.5514065701470993,867.9852331152239
IPL26-107,Avesh Khan,BOWLER,1.5,,51,73,29.0,614.92,150.0,73,55.666666666666664,8.782879597647096,1035.7917364121836
IPL26-108,Abdul Samad,BATSMAN,1.5,,66,55,26.0,652.13,150.0,66,70.66666666666667,9.012169319079534,1061.5175367072554
IPL26-109,Mitchell Marsh,ALL_ROUNDER,1.5,,75,76,34.0,0.0,150.0,76,85.0,1.3073265847919766,1111.8041508226102
IPL26-110,Aiden Markram,ALL_ROUNDER,1.5,,73,56,31.0,0.0,150.0,73,85.0,-1.6283271801847161,967.1642411351297
IPL26-111,Shahbaz Ahmed,ALL_ROUNDER,1.5,,62,63,26.0,458.64,150.0,63,85.0,8.991944522888051,966.9909476830685
IPL26-112,Matthew Breetzke,BATSMAN,1.0,,61,50,27.0,0.0,100.0,61,70.66666666666667,-3.3745637736161944,535.5080696150198
IPL26-113,Digvesh Rathi,BOWLER,0.5,,50,65,26.0,0.0,50.0,65,55.666666666666664,-6.662522141292485,350.74101763452296
IPL26-114,Himmat Singh,BATSMAN,0.5,,66,50,29.0,101.92,50.0,66,70.66666666666667,10.0,925.8911545345337
IPL26-115,Arshin Kulkarni,BATSMAN,0.25,,56,50,26.0,0.0,25.0,56,70.66666666666667,-4.3960858514573,297.44722553905694
IPL26-116,Manimaran Siddharth,BOWLER,0.5,,50,68,27.0,0.0,50.0,68,55.666666666666664,-2.058149457275913,696.4403263177969
IPL26-117,Akash Singh,BOWLER,0.25,,50,67,39.0,96.39,25.0,67,55.666666666666664,10.0,25.0
IPL26-118,Arjun Tendulkar,BOWLER,0.5,,59,64,26.0,32.51,50.0,64,55.666666666666664,10.0,796.7926426439025
IPL26-119,Prince Yadav,BATSMAN,0.25,,52,55,24.0,347.54,25.0,55,70.66666666666667,9.520663138559149,527.3153723077355
IPL26-120,Josh Inglis,WICKET_KEEPER,1.0,,74,50,31.0,0.0,100.0,74,88.66666666666667,3.911673173675732,871.2568794950143
IPL26-121,Akshat Raghuwanshi,BATSMAN,0.25,,59,50,22.0,22.82,25.0,59,70.66666666666667,9.579061114307715,737.3665479917332
IPL26-122,Mukul Choudhary,BATSMAN,0.25,,71,50,21.0,0.0,25.0,71,70.66666666666667,-0.7282027499101444,658.5132843694273
IPL26-123,Wanindu Hasaranga,BOWLER,1.5,,57,76,28.0,0.0,150.0,76,55.666666666666664,-0.8202044261113989,982.4409343013397
IPL26-124,Anrich Nortje,BOWLER,1.5,,50,76,32.0,0.0,150.0,76,55.666666666666664,0.12309142087533398,1196.7169116554223
IPL26-125,Naman Tiwari,BOWLER,0.25,,50,76,26.0,0.0,25.0,76,55.666666666666664,0.9322533945977536,1187.721715141091
IPL26-126,Rohit Sharma,BATSMAN,2.0,,54,50,39.0,0.0,200.0,54,70.66666666666667,-3.444187588442529,200.0
IPL26-127,Jasprit Bumrah,BOWLER,2.0,,50,95,32.0,0.0,200.0,95,55.666666666666664,2.8876515878911535,2348.2096079360085
IPL26-128,Suryakumar Yadav,BATSMAN,2.0,,84,50,35.0,0.0,200.0,84,70.66666666666667,1.4045283413191791,1395.830931942606
IPL26-129,Hardik Pandya,ALL_ROUNDER,2.0,,77,76,32.0,0.0,200.0,77,85.0,1.6992158284989902,1162.294922852553
IPL26-130,Tilak Varma,BATSMAN,1.5,,76,50,23.0,1185.21,150.0,76,70.66666666666667,9.18259910309265,1255.7342116824987
IPL26-131,Trent Boult,BOWLER,2.0,,50,87,36.0,0.0,200.0,87,55.666666666666664,3.7277221522297954,1385.1112479068197
IPL26-132,Deepak Chahar,BOWLER,2.0,,50,80,26.0,0.0,200.0,80,55.666666666666664,-1.4174220233524306,1499.9767157294493
IPL26-133,Naman Dhir,BATSMAN,0.5,,71,55,26.0,863.67,50.0,71,70.66666666666667,10.0,1115.7784924743444
IPL26-134,Will Jacks,ALL_ROUNDER,1.5,,70,67,27.0,0.0,150.0,70,85.0,-3.1812540119681323,996.3313281673901
IPL26-135,Robin Minz,WICKET_KEEPER,0.5,,55,50,23.0,0.0,50.0,55,88.66666666666667,-4.166341505799747,321.9398461220313
IPL26-136,Ryan Rickelton,WICKET_KEEPER,1.0,,73,50,29.0,0.0,100.0,73,88.66666666666667,-2.282515910020776,946.2807032136409
IPL26-137,Shardul Thakur,ALL_ROUNDER,2.0,,62,82,34.0,0.0,200.0,82,85.0,2.5294189817549126,1169.2194809485209
IPL26-138,Sherfane Rutherford,BATSMAN,1.0,,67,50,27.0,0.0,100.0,67,70.66666666666667,-0.36526097179379247,697.1970067597524
IPL26-139,Mayank Markande,BOWLER,1.5,,50,72,28.0,0.0,150.0,72,55.666666666666664,0.1697733828629645,854.5087347571507
IPL26-140,Allah Ghazanfar,BOWLER,1.0,,50,70,26.0,0.0,100.0,70,55.666666666666664,-2.418598593476058,837.9418818284086
IPL26-141,Corbin Bosch,ALL_ROUNDER,1.0,,69,73,31.0,0.0,100.0,73,85.0,-1.7960065044364844,852.4695760042748
IPL26-142,Mitchell Santner,ALL_ROUNDER,1.5,,62,73,34.0,0.0,150.0,73,85.0,-1.7013668996642166,668.0793675671075
IPL26-143,Ashwani Kumar,BOWLER,0.25,,50,73,26.0,180.0,25.0,73,55.666666666666664,9.933612382410027,859.6945495163213
IPL26-144,Raj Angad Bawa,BATSMAN,0.5,,62,71,23.0,0.0,50.0,71,70.66666666666667,-1.818066351404498,877.8796248742752
IPL26-145,Raghu Sharma,BOWLER,0.25,,50,59,26.0,37.39,25.0,59,55.666666666666664,10.0,574.4777168333526
IPL26-146,Quinton de Kock,WICKET_KEEPER,2.0,,79,50,33.0,0.0,200.0,79,88.66666666666667,-1.34259178158066,1076.7080350913843
IPL26-147,Atharva Ankolekar,ALL_ROUNDER,1.0,,63,68,25.0,0.0,100.0,68,85.0,-1.6556556990946496,639.7989492775318
IPL26-148,Mohammad Izhar,BOWLER,0.25,,56,76,26.0,0.0,25.0,76,55.666666666666664,-0.22724210351692808,1066.4771760237352
IPL26-149,Danish Malewar,BATSMAN,0.25,,52,50,26.0,0.0,25.0,52,70.66666666666667,0.3370370109226324,264.9885415664309
IPL26-150,Mayank Rawat,BATSMAN,0.25,,56,50,26.0,0.0,25.0,56,70.66666666666667,-2.7801034283861186,351.75739586782305
IPL26-151,Shreyas Iyer,BATSMAN,2.0,,83,50,31.0,0.0,200.0,83,70.66666666666667,1.8228410195437592,1769.621509157434
IPL26-152,Arshdeep Singh,BOWLER,2.0,,52,78,21.0,828.89,200.0,78,55.666666666666664,9.530850969974189,1222.2784507034376
IPL26-153,Yuzvendra Chahal,BOWLER,2.0,,50,100,35.0,0.0,200.0,100,55.666666666666664,5.4957364147853625,2348.2096079360085
IPL26-154,Marco Jansen,ALL_ROUNDER,1.0,,61,70,26.0,0.0,100.0,70,85.0,-5.544835811234044,939.1761736135919
IPL26-155,Prabhsimran Singh,WICKET_KEEPER,1.5,,74,50,25.0,0.0,150.0,74,88.66666666666667,-0.12766243513326475,1059.789714746147
IPL26-156,Harpreet Brar,ALL_ROUNDER,1.5,,62,72,30.0,492.23,150.0,72,85.0,10.0,1109.1906711909774
IPL26-157,Shashank Singh,BATSMAN,1.5,,73,52,26.0,1092.28,150.0,73,70.66666666666667,9.188742880862808,1331.8337568627567
IPL26-158,Azmatullah Omarzai,ALL_ROUNDER,1.0,,64,67,26.0,458.76,100.0,67,85.0,10.0,1122.7157283254285
IPL26-159,Nehal Wadhera,BATSMAN,0.5,,68,50,25.0,0.0,50.0,68,70.66666666666667,-0.9638143131824548,798.1562384024107
IPL26-160,Xavier Bartlett,BOWLER,1.0,,50,55,27.0,0.0,100.0,55,55.666666666666664,0.8291474063078895,427.7228910730318
IPL26-161,Lockie Ferguson,BOWLER,1.5,,50,74,35.0,0.0,150.0,74,55.666666666666664,-1.0885115136661816,600.7695686022922
IPL26-162,Marcus Stoinis,ALL_ROUNDER,1.5,,75,71,36.0,0.0,150.0,75,85.0,1.81789174156161,417.23248218847465
IPL26-163,Mitch Owen,ALL_ROUNDER,1.0,,50,50,22.0,0.0,100.0,50,85.0,-5.666992175177453,422.69810586037045
IPL26-164,Musheer Khan,BOWLER,0.5,,50,61,26.0,9.79,50.0,61,55.666666666666664,8.18796109887038,626.9787824918048
IPL26-165,Priyansh Arya,BATSMAN,0.5,,74,50,25.0,912.18,50.0,74,70.66666666666667,10.0,1104.0008199711042
IPL26-166,Vyshak Vijaykumar,BOWLER,1.5,,50,62,26.0,0.0,150.0,62,55.666666666666664,-6.138659425006898,522.13082048276
IPL26-167,Yash Thakur,BOWLER,0.5,,50,67,26.0,223.54,50.0,67,55.666666666666664,10.0,659.86962201231
IPL26-168,Pyla Avinash,BATSMAN,0.25,,63,50,25.0,0.0,25.0,63,70.66666666666667,1.2205488768734853,509.2981820301401
IPL26-169,Harnoor Pannu,BATSMAN,0.25,,64,50,26.0,0.0,25.0,64,70.66666666666667,-0.06638405622777765,423.9431919150839
IPL26-170,Vishnu Vinod,WICKET_KEEPER,1.0,,62,50,32.0,15.19,100.0,62,88.66666666666667,10.0,756.2983140361354
IPL26-171,Suryansh Shedge,BATSMAN,0.25,,67,50,23.0,226.14,25.0,67,70.66666666666667,10.0,684.8177149070351
IPL26-172,Cooper Connolly,BATSMAN,1.0,,75,50,22.0,0.0,100.0,75,70.66666666666667,2.5488243566950404,933.0559598622325
IPL26-173,Ben Dwarshuis,BOWLER,1.0,,50,56,31.0,0.0,100.0,56,55.666666666666664,-5.288201516964042,199.62929786246698
IPL26-174,Praveen Dubey,BOWLER,0.25,,50,59,32.0,0.0,25.0,59,55.666666666666664,1.2395368053958462,314.6369090122592
IPL26-175,Vishal Nishad,BOWLER,0.25,,50,51,26.0,0.0,25.0,51,55.666666666666664,-5.848926580737977,133.92421181170786
IPL26-176,Yashasvi Jaiswal,BATSMAN,1.5,,78,50,24.0,0.0,150.0,78,70.66666666666667,3.542485970859961,1339.445254014844
IPL26-177,Ravindra Jadeja,ALL_ROUNDER,2.0,,76,91,37.0,0.0,200.0,91,85.0,7.0887677364239545,1778.088673570873
IPL26-178,Riyan Parag,ALL_ROUNDER,2.0,,72,58,24.0,0.0,200.0,72,85.0,-3.9350910087597804,958.0362462971665
IPL26-179,Jofra Archer,BOWLER,1.5,,50,80,31.0,0.0,150.0,80,55.666666666666664,-0.6857876426404306,1168.7370013572101
IPL26-180,Dhruv Jurel,WICKET_KEEPER,1.0,,74,50,25.0,1059.22,100.0,74,88.66666666666667,10.0,1447.5600842835613
IPL26-181,Shimron Hetmyer,BATSMAN,2.0,,72,50,29.0,0.0,200.0,72,70.66666666666667,-0.24153832449261187,867.025312288065
IPL26-182,Sam Curran,ALL_ROUNDER,2.0,,69,72,26.0,0.0,200.0,72,85.0,-1.8134322934092453,1217.0709905881608
IPL26-183,Sandeep Sharma,BOWLER,2.0,,51,77,26.0,459.67,200.0,77,55.666666666666664,10.0,1107.6275025541324
IPL26-184,Vaibhav Suryavanshi,BATSMAN,0.5,,80,50,26.0,0.0,50.0,80,70.66666666666667,-3.5721319438055326,1488.5797974004252
IPL26-185,Tushar Deshpande,BOWLER,1.5,,50,72,26.0,0.0,150.0,72,55.666666666666664,-0.321704751696404,717.0316869502014
IPL26-186,Shubham Dubey,BATSMAN,0.5,,72,50,32.0,0.0,50.0,72,70.66666666666667,-1.606149782604333,865.0119216723078
IPL26-187,Yudhvir Charak,BOWLER,0.5,,50,66,26.0,0.0,50.0,66,55.666666666666664,-0.3034994941714083,550.3210939937923
IPL26-188,Kwena Maphaka,BOWLER,0.5,,50,52,20.0,0.0,50.0,52,55.666666666666664,-5.747038646633878,262.61871700816397
IPL26-189,Lhuan-Dre Pretorius,BATSMAN,0.5,,57,50,20.0,0.0,50.0,57,70.66666666666667,1.0972415999875935,373.12050076868553
IPL26-190,Nandre Burger,BOWLER,1.0,,50,70,30.0,0.0,100.0,70,55.666666666666664,-2.6326498695461416,691.2229964491708
IPL26-191,Donovan Ferreira,WICKET_KEEPER,1.0,,69,50,27.0,0.0,100.0,69,88.66666666666667,-2.4972146937616877,971.7830742353098
IPL26-192,Ravi Bishnoi,BOWLER,2.0,,51,74,25.0,466.26,200.0,74,55.666666666666664,10.0,1227.236154144423
IPL26-193,Adam Milne,BOWLER,1.0,,50,59,34.0,0.0,100.0,59,55.666666666666664,-0.4018449342267336,165.5104787925914
IPL26-194,Ravi Singh,BATSMAN,0.25,,59,50,26.0,4.35,25.0,59,70.66666666666667,9.258291674755796,633.5215554695337
IPL26-195,Sushant Mishra,BOWLER,0.25,,51,75,25.0,0.0,25.0,75,55.666666666666664,-2.622099633450359,852.7660387330081
IPL26-196,Kuldeep Sen,BOWLER,1.0,,50,70,29.0,0.0,100.0,70,55.666666666666664,-0.5437004797837561,765.8911238751688
IPL26-197,Brijesh Sharma,BOWLER,0.25,,50,67,26.0,210.22,25.0,67,55.666666666666664,8.723227047868914,783.471567944999
IPL26-198,Aman Rao Perala,BATSMAN,0.25,,71,50,26.0,0.0,25.0,71,70.66666666666667,2.927232038772059,953.8771965110267
IPL26-199,Vignesh Puthur,BOWLER,0.25,,50,73,25.0,0.0,25.0,73,55.666666666666664,-2.5373151595933114,611.3001791758123
IPL26-200,Virat Kohli,BATSMAN,2.0,,100,50,37.0,0.0,200.0,100,70.66666666666667,4.057584966597824,2135.9240891733116
IPL26-201,Rajat Patidar,BATSMAN,1.5,,75,50,33.0,0.0,150.0,75,70.66666666666667,1.387397672402983,1127.1700905324426
IPL26-202,Phil Salt,WICKET_KEEPER,1.0,,75,50,47.0,0.0,100.0,75,88.66666666666667,1.9677473985636291,100.0
IPL26-203,Josh Hazlewood,BOWLER,1.5,,50,79,35.0,0.0,150.0,79,55.666666666666664,-2.6958755321469603,874.6798947982911
IPL26-204,Yash Dayal,BOWLER,1.5,,51,68,28.0,485.16,150.0,68,55.666666666666664,8.79399979892753,954.4293765210646
IPL26-205,Krunal Pandya,ALL_ROUNDER,2.0,,71,82,35.0,0.0,200.0,82,85.0,-0.8674199567668304,1153.2420263328625
IPL26-206,Bhuvneshwar Kumar,BOWLER,2.0,,50,98,36.0,0.0,200.0,98,55.666666666666664,5.246179017326877,2085.550752559954
IPL26-207,Tim David,BATSMAN,1.5,,74,50,26.0,0.0,150.0,74,70.66666666666667,2.2139181970160426,1036.7075649402925
IPL26-208,Romario Shepherd,ALL_ROUNDER,1.0,,68,62,31.0,0.0,100.0,68,85.0,0.05358409534065944,697.229647583264
IPL26-209,Nuwan Thushara,BOWLER,1.0,,50,68,31.0,0.0,100.0,68,55.666666666666664,-0.23341044427382107,641.0534597902833
IPL26-210,Swapnil Singh,BOWLER,1.0,,59,66,35.0,131.12,100.0,66,55.666666666666664,10.0,379.8012523264251
IPL26-211,Jacob Bethell,BATSMAN,1.0,,64,50,20.0,0.0,100.0,64,70.66666666666667,-2.229182262789814,700.3735827837116
IPL26-212,Devdutt Padikkal,BATSMAN,1.5,,73,50,25.0,0.0,150.0,73,70.66666666666667,0.9110254860493447,1190.9978283791684
IPL26-213,Suyash Sharma,BOWLER,0.5,,50,64,26.0,369.66,50.0,64,55.666666666666664,10.0,742.4825265556369
IPL26-214,Rasikh Dar,BOWLER,0.5,,50,71,26.0,0.0,50.0,71,55.666666666666664,-1.1941162297001475,754.7018466438657
IPL26-215,Jitesh Sharma,WICKET_KEEPER,1.5,,56,50,32.0,0.0,150.0,56,88.66666666666667,-2.166755870646517,383.7264205767071
IPL26-216,Abhinandan Singh,BOWLER,0.25,,50,59,26.0,38.42,25.0,59,55.666666666666664,8.896817242691768,617.3903393328815
IPL26-217,Venkatesh Iyer,ALL_ROUNDER,1.5,,73,60,35.0,0.0,150.0,73,85.0,3.0190062851893487,838.5987688748044
IPL26-218,Jordan Cox,WICKET_KEEPER,1.0,,80,50,34.0,0.0,100.0,80,88.66666666666667,0.2929375654135775,1044.941794354944
IPL26-219,Mangesh Yadav,BOWLER,0.25,,72,65,26.0,0.0,25.0,72,55.666666666666664,-2.4438088356360352,829.7434102268826
IPL26-220,Vicky Kanhaiya Ostwal,BOWLER,0.5,,60,74,26.0,0.0,50.0,74,55.666666666666664,1.2642176545524668,1025.3289663189728
IPL26-221,Kanishk Chouhan,BATSMAN,0.25,,50,50,26.0,0.0,25.0,50,70.66666666666667,-6.184086902089883,226.1031829085909
IPL26-222,Vihaan Malhotra,BATSMAN,0.25,,50,50,19.0,0.0,25.0,50,70.66666666666667,-5.164896423619529,342.5409945835956
IPL26-223,Satvik Deswal,BOWLER,0.25,,50,77,26.0,0.0,25.0,77,55.666666666666664,3.8300968253957395,1123.7516974964708
IPL26-224,Yash Raj Punja,BOWLER,0.25,,50,68,26.0,128.95,25.0,68,55.666666666666664,9.192564598530385,767.3167226587988
IPL26-225,Pat Cummins,ALL_ROUNDER,2.0,,67,78,33.0,0.0,200.0,78,85.0,-1.190369836067286,1408.412339987929
IPL26-226,Heinrich Klaasen,WICKET_KEEPER,1.5,,80,50,26.0,0.0,150.0,80,88.66666666666667,3.858323527169708,1739.735937877456
IPL26-227,Travis Head,BATSMAN,1.5,,75,50,32.0,0.0,150.0,75,70.66666666666667,1.086828538004896,862.8930075656097
IPL26-228,Abhishek Sharma,ALL_ROUNDER,1.5,,79,59,26.0,1410.48,150.0,79,85.0,10.0,1274.1019825916758
IPL26-229,Nitish Kumar Reddy,ALL_ROUNDER,1.0,,70,62,23.0,0.0,100.0,70,85.0,1.4432991398943793,855.9032929933578
IPL26-230,Ishan Kishan,WICKET_KEEPER,2.0,,78,50,27.0,1062.44,200.0,78,88.66666666666667,10.0,1769.301887792404
IPL26-231,Harshal Patel,BOWLER,2.0,,50,88,35.0,0.0,200.0,88,55.666666666666664,6.052478062759177,2086.710650101556
IPL26-232,Jaydev Unadkat,BOWLER,2.0,,50,81,33.0,0.0,200.0,81,55.666666666666664,0.5427546397590302,1116.9548357751194
IPL26-233,Zeeshan Ansari,BOWLER,0.5,,50,59,26.0,99.75,50.0,59,55.666666666666664,10.0,593.5588291757379
IPL26-234,Brydon Carse,BOWLER,1.0,,50,72,30.0,0.0,100.0,72,55.666666666666664,-3.003028422261314,734.5702553065939
IPL26-235,Kamindu Mendis,BATSMAN,1.0,,65,68,27.0,0.0,100.0,68,70.66666666666667,-2.183020199862377,807.2577246739825
IPL26-236,Harsh Dubey,BOWLER,0.5,,57,70,23.0,174.77,50.0,70,55.666666666666664,10.0,1029.0777445793017
IPL26-237,Aniket Verma,BATSMAN,0.25,,66,50,24.0,403.65,25.0,66,70.66666666666667,10.0,894.7401627747015
IPL26-238,Eshan Malinga,BOWLER,0.25,,50,74,25.0,0.0,25.0,74,55.666666666666664,-0.6391240108994056,818.9757995146466
IPL26-239,Smaran Ravichandaran,BATSMAN,0.25,,73,50,26.0,0.0,25.0,73,70.66666666666667,-0.6743170620395782,838.4715131457244
IPL26-240,Liam Livingstone,ALL_ROUNDER,1.5,,70,67,32.0,0.0,150.0,70,85.0,-0.5001170475191292,783.5646992359618
IPL26-241,Salil Arora,WICKET_KEEPER,0.25,,68,50,23.0,31.36,25.0,68,88.66666666666667,9.515371235996035,776.498526137713
IPL26-242,Jack Edwards,ALL_ROUNDER,1.0,,62,77,26.0,0.0,100.0,77,85.0,1.2964486075859734,1416.641073384394
IPL26-243,Shivam Mavi,BOWLER,1.5,,50,64,27.0,0.0,150.0,64,55.666666666666664,-0.2371833935964378,656.8390878022578
IPL26-244,Amit Kumar,BOWLER,0.25,,50,56,26.0,0.0,25.0,56,55.666666666666664,-4.440280416754092,290.56924075666655
IPL26-245,Onkar Tarmale,ALL_ROUNDER,0.25,,51,56,26.0,0.0,25.0,56,85.0,-1.0706258227987662,503.76106505676387
IPL26-246,Sakib Hussain,BOWLER,0.25,,50,71,21.0,221.1,25.0,71,55.666666666666664,9.340397731480767,967.1454942901639
IPL26-247,Praful Hinge,BOWLER,0.25,,50,70,26.0,0.0,25.0,70,55.666666666666664,-2.2341821202914027,724.2158784164293
IPL26-248,Shivang Kumar,BOWLER,0.25,,58,63,26.0,185.9,25.0,63,55.666666666666664,8.270102168273153,750.8073284566038
IPL26-249,Krains Fuletra,BOWLER,0.25,,50,55,26.0,0.0,25.0,55,55.666666666666664,1.2094280794976822,373.3821450540158
IPL26-250,Jake Fraser-McGurk,BATSMAN,1.0,,71,50,23.0,0.0,100.0,71,70.66666666666667,-1.250878570549999,789.3526509855849
IPL26-251,Devon Conway,WICKET_KEEPER,1.5,,76,50,26.0,0.0,150.0,76,88.66666666666667,-1.9771307991720763,1172.9611589882484
IPL26-252,Gus Atkinson,BOWLER,1.0,,50,80,28.0,0.0,100.0,80,55.666666666666664,-1.7544796419998332,1068.5421563164355
IPL26-253,Jamie Smith,WICKET_KEEPER,1.0,,71,50,37.0,0.0,100.0,71,88.66666666666667,1.2168398877519748,100.0
IPL26-254,Deepak Hooda,ALL_ROUNDER,2.0,,66,60,31.0,0.0,200.0,66,85.0,-3.2618603769613435,772.1689720601094
IPL26-255,Wiaan Mulder,BOWLER,1.0,,57,50,28.0,0.0,100.0,57,55.666666666666664,-2.933185396630292,318.1373196265777
IPL26-256,Rahmanullah Gurbaz,WICKET_KEEPER,1.0,,67,50,24.0,183.09,100.0,67,88.66666666666667,9.618475860808427,1034.3119718382468
IPL26-257,Jonny Bairstow,WICKET_KEEPER,1.5,,75,50,36.0,0.0,150.0,75,88.66666666666667,0.36633159764431367,547.2805153258971
IPL26-258,K.S. Bharat,WICKET_KEEPER,1.5,,67,50,26.0,0.0,150.0,67,88.66666666666667,-0.3764030278918695,749.0982005903489
IPL26-259,Gerald Coetzee,BOWLER,1.0,,50,67,25.0,0.0,100.0,67,55.666666666666664,-4.43215480918643,489.18521927319273
IPL26-260,Spencer Johnson,BOWLER,1.0,,50,57,38.0,0.0,100.0,57,55.666666666666664,-7.009098948357572,100.0
IPL26-261,Fazalhaq Farooqi,BOWLER,1.0,,50,63,25.0,34.22,100.0,63,55.666666666666664,10.0,713.6046175613174
IPL26-262,Maheesh Theekshana,BOWLER,1.0,,50,71,25.0,0.0,100.0,71,55.666666666666664,-0.8118465610920356,846.2635348829883
IPL26-263,Mujeeb Ur Rahman,BOWLER,2.0,,50,67,25.0,8.29,200.0,67,55.666666666666664,9.619758444069797,929.7237591409096
IPL26-264,Aarya Desai,BATSMAN,0.25,,55,50,23.0,0.0,25.0,55,70.66666666666667,-4.205302011856848,379.0177456823938
IPL26-265,Yash Dhull,BATSMAN,0.5,,55,50,23.0,0.0,50.0,55,70.66666666666667,-3.721916733325097,338.45148342650344
IPL26-266,Abhinav Manohar,BATSMAN,0.5,,62,50,31.0,0.0,50.0,62,70.66666666666667,-3.7394490812432615,382.5415293312673
IPL26-267,Anmolpreet Singh,BATSMAN,1.0,,63,50,28.0,4.93,100.0,63,70.66666666666667,10.0,884.4286712532946
IPL26-268,Atharva Taide,BATSMAN,0.5,,69,50,26.0,59.39,50.0,69,70.66666666666667,10.0,882.217658599769
IPL26-269,Mahipal Lomror,BATSMAN,1.5,,65,50,26.0,0.0,150.0,65,70.66666666666667,-2.7166561398746323,559.4884010291397
IPL26-270,Vijay Shankar,ALL_ROUNDER,2.0,,68,66,35.0,0.0,200.0,68,85.0,-1.7950368308309912,441.2980651269044
IPL26-271,Tanush Kotian,BATSMAN,0.5,,61,55,27.0,18.32,50.0,61,70.66666666666667,10.0,745.0635310731512
IPL26-272,Kamlesh Nagarkoti,BOWLER,1.5,,50,57,26.0,0.0,150.0,57,55.666666666666664,-6.794093794683674,360.349047078707
IPL26-273,Ruchit Ahir,BATSMAN,0.25,,74,50,26.0,0.0,25.0,74,70.66666666666667,0.8888124342535662,1005.0416529645477
IPL26-274,Sanvir Singh,BATSMAN,0.5,,60,53,29.0,20.67,50.0,60,70.66666666666667,9.153353751133638,567.1660636063931
IPL26-275,Vansh Bedi,WICKET_KEEPER,0.25,,50,50,23.0,0.0,25.0,50,88.66666666666667,-4.908239843839493,271.56387880460096
IPL26-276,Raj Limbani,BOWLER,0.25,,50,75,26.0,0.0,25.0,75,55.666666666666664,-4.1717075144154885,702.561858090666
IPL26-277,Simarjeet Singh,BOWLER,1.0,,50,65,28.0,87.74,100.0,65,55.666666666666664,9.606198131556493,718.3363563404671
IPL26-278,Akash Madhwal,BOWLER,1.0,,50,68,32.0,143.34,100.0,68,55.666666666666664,8.814139452869798,836.3856789576233
IPL26-279,Karn Sharma,BOWLER,2.0,,50,80,38.0,0.0,200.0,80,55.666666666666664,-0.606381696645244,200.0
IPL26-280,Sean Abbott,BOWLER,1.0,,50,54,34.0,0.0,100.0,54,55.666666666666664,-2.5365888579272142,100.0
IPL26-281,Michael Bracewell,ALL_ROUNDER,1.0,,67,74,35.0,0.0,100.0,74,85.0,3.6072620254421275,879.3723373771412
IPL26-282,Daryl Mitchell,BATSMAN,1.0,,67,53,26.0,0.0,100.0,67,70.66666666666667,1.637077693413752,670.1332659528426
IPL26-283,Dasun Shanaka,BATSMAN,1.5,,62,55,34.0,0.0,150.0,62,70.66666666666667,-4.673648046010378,261.9219389931654
IPL26-284,Chetan Sakariya,BOWLER,1.5,,50,70,27.0,0.0,150.0,70,55.666666666666664,-3.2897712477757914,830.6221292158541
IPL26-285,Waqar Salamkheil,BOWLER,1.0,,50,72,29.0,0.0,100.0,72,55.666666666666664,1.2359607629651457,798.6022683444646
IPL26-286,Taskin Ahmed,BOWLER,1.0,,50,80,31.0,0.0,100.0,80,55.666666666666664,3.251425100398146,1334.0373085120566
IPL26-287,Alzarri Joseph,BOWLER,1.5,,50,68,29.0,0.0,150.0,68,55.666666666666664,-0.23308279771661075,803.4930061213298
IPL26-288,Riley Meredith,BOWLER,1.0,,50,69,29.0,0.0,100.0,69,55.666666666666664,5.32110280899742,969.1783549498234
IPL26-289,Jhye Richardson,BOWLER,1.5,,50,58,29.0,0.0,150.0,58,55.666666666666664,-2.757603277205037,346.95200403796844
IPL26-290,Daniel Lawrence,BATSMAN,1.0,,79,50,26.0,0.0,100.0,79,70.66666666666667,4.773827768709134,1561.8528659130077
IPL26-291,Murugan Ashwin,BOWLER,1.5,,50,72,35.0,0.0,150.0,72,55.666666666666664,1.2332593588362382,570.675939031188
IPL26-292,William Sutherland,ALL_ROUNDER,1.0,,66,71,26.0,0.0,100.0,71,85.0,-2.8219732172995,838.5966368245603
IPL26-293,Kartikeya Singh,BOWLER,0.5,,56,79,26.0,0.0,50.0,79,55.666666666666664,-1.2994619529508848,1150.2038228576753
IPL26-294,Shivam Shukla,BOWLER,0.25,,50,63,26.0,0.0,25.0,63,55.666666666666664,-1.3065102621559466,516.1195623839196
IPL26-295,Wahidullah Zadran,BOWLER,1.0,,50,62,26.0,0.0,100.0,62,55.666666666666664,-3.109825190657575,415.80578278854574
IPL26-296,KC Cariappa,BOWLER,0.5,,50,59,32.0,0.0,50.0,59,55.666666666666664,-3.94675956588693,241.06805616329518
IPL26-297,Sediqullah Atal,BATSMAN,1.0,,65,50,24.0,14.99,100.0,65,70.66666666666667,10.0,871.548507867601
IPL26-298,Nathan Smith,BOWLER,1.0,,51,53,26.0,0.0,100.0,53,55.666666666666664,-5.8968894492056965,223.57347344808127
IPL26-299,Manan Vohra,BATSMAN,1.5,,67,50,32.0,0.0,150.0,67,70.66666666666667,-3.400544243462968,554.2786480889633
IPL26-300,Jacob Duffy,BOWLER,1.0,,50,67,25.0,0.0,100.0,67,55.666666666666664,2.537755974748933,593.8789121556545
IPL26-001,MS Dhoni,WICKET_KEEPER,2.0,,76,50,44.0,492.22,200.0,76,88.66666666666667,10.0,200.0
IPL26-002,Ruturaj Gaikwad,BATSMAN,2.0,,79,50,29.0,0.0,200.0,79,70.66666666666667,3.6975648955954723,1464.710249071896
IPL26-003,Sanju Samson,WICKET_KEEPER,2.0,,85,50,31.0,0.0,200.0,85,88.66666666666667,3.349430313019694,1529.4153092878487
IPL26-004,Shivam Dube,ALL_ROUNDER,2.0,,75,60,32.0,0.0,200.0,75,85.0,3.514157309649519,970.4278253093696
IPL26-005,Ayush Mhatre,BATSMAN,0.25,,73,50,18.0,0.0,25.0,73,70.66666666666667,2.4870145024159993,1143.162013300827
IPL26-006,Dewald Brevis,BATSMAN,1.0,,68,50,23.0,0.0,100.0,68,70.66666666666667,-1.5726822606995767,686.7499695044996
IPL26-007,Urvil Patel,WICKET_KEEPER,0.25,,69,50,27.0,268.05,25.0,69,88.66666666666667,8.48335745057921,839.3623732387506
IPL26-008,Noor Ahmad,BOWLER,1.5,,51,76,21.0,701.28,150.0,76,55.666666666666664,10.0,1341.0343833143995
IPL26-009,Nathan Ellis,BOWLER,1.0,,50,71,26.0,0.0,100.0,71,55.666666666666664,-2.436053465166296,868.7342457150118
IPL26-010,Shreyas Gopal,BOWLER,2.0,,50,76,32.0,0.0,200.0,76,55.666666666666664,3.5752011947774123,1026.7364722713867
IPL26-011,Khaleel Ahmed,BOWLER,2.0,,50,80,26.0,0.0,200.0,80,55.666666666666664,1.4375669306729737,1512.2976116307625
IPL26-012,Ramakrishna Ghosh,BOWLER,0.25,,61,55,28.0,0.0,25.0,61,55.666666666666664,-4.3278155986086,280.8086945528772
IPL26-013,Mukesh Choudhary,BOWLER,1.5,,50,68,30.0,140.19,150.0,68,55.666666666666664,9.1627375689503,736.3906536567536
IPL26-014,Jamie Overton,ALL_ROUNDER,1.0,,69,71,32.0,0.0,100.0,71,85.0,-0.3227551735038886,893.5608531863593
IPL26-015,Gurjapneet Singh,BOWLER,0.5,,50,58,27.0,99.53,50.0,58,55.666666666666664,9.460877296851022,572.8899788338689
IPL26-016,Anshul Kamboj,ALL_ROUNDER,0.5,,66,72,31.0,0.0,50.0,72,85.0,-2.0751041805500017,906.5824115426833
IPL26-017,Prashant Veer,BATSMAN,0.25,,73,50,20.0,0.0,25.0,73,70.66666666666667,-0.4981255953602066,996.2361328383646
IPL26-018,Kartik Sharma,WICKET_KEEPER,0.25,,70,50,26.0,292.84,25.0,70,88.66666666666667,8.89513720693748,1222.340492554288
IPL26-019,Rahul Chahar,BOWLER,2.0,,50,78,26.0,0.0,200.0,78,55.666666666666664,1.3044659701459351,1296.4835211323323
IPL26-020,Akeal Hosein,BOWLER,1.0,,58,71,33.0,0.0,100.0,71,55.666666666666664,-3.408601337010037,526.9430356829649
IPL26-021,Matt Henry,BOWLER,1.0,,50,54,47.0,0.0,100.0,54,55.666666666666664,-8.163032029539462,100.0
IPL26-022,Matthew Short,BATSMAN,1.0,,64,50,26.0,0.0,100.0,64,70.66666666666667,-4.042493949229548,506.12681301436044
IPL26-023,Sarfaraz Khan,BATSMAN,1.0,,67,50,26.0,0.0,100.0,67,70.66666666666667,-3.8561868658490983,630.6805709884144
IPL26-024,Zak Foulkes,BOWLER,1.0,,50,81,24.0,0.0,100.0,81,55.666666666666664,3.0082198735512575,1163.1109964916195
IPL26-025,Aman Khan,BOWLER,0.25,,55,64,26.0,0.0,25.0,64,55.666666666666664,-3.821940520089064,330.457833056513
IPL26-026,KL Rahul,WICKET_KEEPER,2.0,,87,50,34.0,1380.75,200.0,87,88.66666666666667,9.468785705392401,2366.804704886851
IPL26-027,Axar Patel,ALL_ROUNDER,2.0,,71,86,32.0,0.0,200.0,86,85.0,-0.14073075148254305,2141.1699018189734
IPL26-028,Kuldeep Yadav,BOWLER,2.0,,52,77,26.0,718.52,200.0,77,55.666666666666664,8.897707850163577,1508.9554491014858
IPL26-029,T. Natarajan,BOWLER,2.0,,50,75,26.0,0.0,200.0,75,55.666666666666664,3.612657048286056,1111.2807454721712
IPL26-030,Mitchell Starc,BOWLER,1.5,,50,80,36.0,0.0,150.0,80,55.666666666666664,0.9570547067286963,589.1043775729404
IPL26-031,Tristan Stubbs,WICKET_KEEPER,1.5,,77,50,25.0,0.0,150.0,77,88.66666666666667,0.22724793823696354,1132.1726292673181
IPL26-032,Mukesh Kumar,BOWLER,1.5,,51,67,26.0,521.18,150.0,67,55.666666666666664,9.16141420155277,801.096798078506
IPL26-033,Nitish Rana,BATSMAN,2.0,,76,50,32.0,0.0,200.0,76,70.66666666666667,-3.5361772947103707,1129.9437618236257
IPL26-034,Abishek Porel,WICKET_KEEPER,1.0,,70,50,23.0,743.92,100.0,70,88.66666666666667,10.0,1205.2501138901928
IPL26-035,Ashutosh Sharma,BATSMAN,0.5,,72,50,26.0,869.41,50.0,72,70.66666666666667,10.0,1128.873709887322
IPL26-036,Sameer Rizvi,BATSMAN,0.5,,71,50,22.0,503.63,50.0,71,70.66666666666667,9.362692252971206,947.4742278668508
IPL26-037,Karun Nair,BATSMAN,1.5,,69,50,34.0,0.0,150.0,69,70.66666666666667,-1.8303787454988814,644.7646587710004
IPL26-038,Dushmantha Chameera,BOWLER,1.0,,50,61,34.0,0.0,100.0,61,55.666666666666664,-4.6651818391823365,199.46498543639225
IPL26-039,Vipraj Nigam,ALL_ROUNDER,0.5,,68,66,21.0,0.0,50.0,68,85.0,-4.286604885501805,745.0283484766295
IPL26-040,Ajay Mandal,ALL_ROUNDER,0.25,,60,69,26.0,0.0,25.0,69,85.0,-0.479662896179558,805.6551884790039
IPL26-041,Madhav Tiwari,BOWLER,0.25,,50,70,22.0,0.0,25.0,70,55.666666666666664,-3.1109607968194437,653.2177301326262
IPL26-042,Tripurana Vijay,BOWLER,0.25,,50,50,24.0,0.0,25.0,50,55.666666666666664,-6.51989387437615,140.6788616008401
IPL26-043,Auqib Nabi Dar,ALL_ROUNDER,0.25,,60,76,26.0,0.0,25.0,76,85.0,-1.67119278092768,1028.463033391077
IPL26-044,Pathum Nissanka,BATSMAN,1.0,,69,50,28.0,0.0,100.0,69,70.66666666666667,2.796749097344249,924.0197845898371
IPL26-045,David Miller,BATSMAN,2.0,,80,50,26.0,0.0,200.0,80,70.66666666666667,0.7856765321177575,1189.357910017057
IPL26-046,Ben Duckett,BATSMAN,1.0,,84,50,31.0,0.0,100.0,84,70.66666666666667,-2.5536530912367725,1349.5989152295078
IPL26-047,Lungi Ngidi,BOWLER,1.5,,50,77,30.0,0.0,150.0,77,55.666666666666664,-0.07561032842868798,958.279796767717
IPL26-048,Kyle Jamieson,ALL_ROUNDER,1.5,,62,68,26.0,0.0,150.0,68,85.0,-4.44855247779922,642.9353307724398
IPL26-049,Prithvi Shaw,BATSMAN,2.0,,72,50,26.0,0.0,200.0,72,70.66666666666667,0.2754137760630629,1153.2164024905305
IPL26-050,Sahil Parakh,BATSMAN,0.25,,61,50,26.0,0.0,25.0,61,70.66666666666667,-9.466845090484785,372.220549078557
IPL26-051,Shubman Gill,BATSMAN,2.0,,84,50,26.0,1502.36,200.0,84,70.66666666666667,9.50026982384837,1910.0407231861648
IPL26-052,Rashid Khan,ALL_ROUNDER,2.0,,63,83,26.0,1036.91,200.0,83,85.0,9.473752143482578,1608.9397663295413
IPL26-053,Jos Buttler,WICKET_KEEPER,2.0,,86,50,35.0,0.0,200.0,86,88.66666666666667,0.931965680411587,1614.528938200519
IPL26-054,Kagiso Rabada,BOWLER,2.0,,50,89,31.0,0.0,200.0,89,55.666666666666664,2.808700660025383,2080.3621125891673
IPL26-055,Mohammed Siraj,BOWLER,2.0,,52,79,32.0,835.35,200.0,79,55.666666666666664,10.0,1271.469795598261
IPL26-056,Sai Sudharsan,BATSMAN,1.5,,83,50,24.0,1572.25,150.0,83,70.66666666666667,10.0,1760.1897477010757
IPL26-057,Prasidh Krishna,BOWLER,2.0,,51,77,30.0,571.61,200.0,77,55.666666666666664,7.8694335201928,1314.9714829345612
IPL26-058,Washington Sundar,ALL_ROUNDER,2.0,,69,64,26.0,670.48,200.0,69,85.0,10.0,1190.634135792117
IPL26-059,Rahul Tewatia,ALL_ROUNDER,2.0,,70,71,33.0,0.0,200.0,71,85.0,0.8923296654471088,938.0688476786391
IPL26-060,Shahrukh Khan,BATSMAN,1.5,,66,51,26.0,378.48,150.0,66,70.66666666666667,10.0,753.2401424283937
IPL26-061,R. Sai Kishore,BOWLER,1.5,,50,75,26.0,0.0,150.0,75,55.666666666666664,4.268974268816268,1003.1176101106099
IPL26-062,Glenn Phillips,BATSMAN,1.5,,61,50,26.0,0.0,150.0,61,70.66666666666667,-5.115409504275069,560.8926200114015
IPL26-063,Jayant Yadav,BOWLER,2.0,,63,61,36.0,0.0,200.0,63,55.666666666666664,-1.277510741417469,200.0
IPL26-064,Anuj Rawat,WICKET_KEEPER,0.5,,66,50,26.0,109.12,50.0,66,88.66666666666667,9.712552480599644,1031.2484663299256
IPL26-065,Kumar Kushagra,WICKET_KEEPER,0.5,,56,50,21.0,18.97,50.0,56,88.66666666666667,10.0,754.4384391496753
IPL26-066,Gurnoor Singh Brar,BOWLER,0.5,,56,65,26.0,0.0,50.0,65,55.666666666666664,-5.002556226036097,383.59425929725387
IPL26-067,Nishant Sindhu,BATSMAN,0.5,,61,50,22.0,0.0,50.0,61,70.66666666666667,-4.663924750187461,363.0480888374862
IPL26-068,Manav Suthar,BOWLER,0.25,,50,58,23.0,0.0,25.0,58,55.666666666666664,-4.891110470158334,293.58483779088846
IPL26-069,Ishant Sharma,BOWLER,1.5,,50,78,37.0,0.0,150.0,78,55.666666666666664,3.043753188010841,210.0459511910224
IPL26-070,Arshad Khan,BOWLER,0.5,,52,64,26.0,357.1,50.0,64,55.666666666666664,8.48282630332832,723.498049855822
IPL26-071,Jason Holder,ALL_ROUNDER,1.5,,61,79,41.0,0.0,150.0,79,85.0,2.2378157466586885,150.0
IPL26-072,Tom Banton,WICKET_KEEPER,1.0,,58,50,27.0,0.0,100.0,58,88.66666666666667,-7.3422747156107215,442.98135110742555
IPL26-073,Ashok Sharma,BOWLER,0.25,,50,64,26.0,94.13,25.0,64,55.666666666666664,8.869930660959643,645.3999719773103
IPL26-074,Luke Wood,BOWLER,1.0,,50,50,26.0,0.0,100.0,50,55.666666666666664,-4.801844919206224,266.04178967441754
IPL26-075,Prithvi Raj,BOWLER,0.25,,55,73,26.0,0.0,25.0,73,55.666666666666664,0.08698465602993988,792.9193757870039
IPL26-076,Sunil Narine,ALL_ROUNDER,2.0,,70,98,37.0,0.0,200.0,98,85.0,2.7108209123718594,2208.374825334383
IPL26-077,Varun Chakravarthy,BOWLER,2.0,,50,85,34.0,0.0,200.0,85,55.666666666666664,3.581806195891356,1840.817658549614
IPL26-078,Rinku Singh,BATSMAN,1.5,,74,50,37.0,0.0,150.0,74,70.66666666666667,1.1310427692764287,150.0
IPL26-079,Harshit Rana,BOWLER,1.0,,51,73,24.0,541.9,100.0,73,55.666666666666664,10.0,1292.707138662655
IPL26-080,Angkrish Raghuvanshi,BATSMAN,0.5,,73,50,22.0,0.0,50.0,73,70.66666666666667,2.148067977022601,1124.877054054523
IPL26-081,Ramandeep Singh,ALL_ROUNDER,1.5,,63,65,26.0,355.97,150.0,65,85.0,10.0,834.9605137217491
IPL26-082,Ajinkya Rahane,BATSMAN,2.0,,79,50,38.0,0.0,200.0,79,70.66666666666667,-1.0539989919444925,200.0
IPL26-083,Rovman Powell,BATSMAN,1.5,,67,50,32.0,0.0,150.0,67,70.66666666666667,-1.5497699469445227,557.7907842456774
IPL26-084,Vaibhav Arora,BOWLER,1.5,,50,73,28.0,0.0,150.0,73,55.666666666666664,0.36059440234607243,769.4525852913349
IPL26-085,Manish Pandey,BATSMAN,2.0,,73,50,26.0,0.0,200.0,73,70.66666666666667,2.846962036107733,913.1459194374943
IPL26-086,Anukul Roy,BOWLER,0.5,,60,69,27.0,0.0,50.0,69,55.666666666666664,-2.8771808632993103,682.9261679492871
IPL26-087,Umran Malik,BOWLER,1.5,,50,65,26.0,0.0,150.0,65,55.666666666666664,-1.626312640450353,487.3648777907069
IPL26-088,Cameron Green,ALL_ROUNDER,1.0,,75,66,26.0,0.0,100.0,75,85.0,-2.407367244128738,1006.9815375993787
IPL26-089,Matheesha Pathirana,BOWLER,1.5,,50,77,24.0,0.0,150.0,77,55.666666666666664,-2.0566014252698395,1277.290261533047
IPL26-090,Mustafizur Rahman,BOWLER,1.5,,50,77,30.0,258.07,150.0,77,55.666666666666664,10.0,1070.6050383473403
IPL26-091,Tejasvi Singh,BATSMAN,0.25,,78,50,26.0,0.0,25.0,78,70.66666666666667,2.4772920412150734,1359.0663067267149
IPL26-092,Finn Allen,BATSMAN,1.0,,74,50,27.0,0.0,100.0,74,70.66666666666667,2.3962510140196875,969.6528665978535
IPL26-093,Rachin Ravindra,BATSMAN,1.0,,68,50,26.0,0.0,100.0,68,70.66666666666667,-1.3293070599901413,611.8651410163955
IPL26-094,Tim Seifert,WICKET_KEEPER,1.0,,58,50,24.0,0.0,100.0,58,88.66666666666667,0.18518385334623289,577.8440927728656
IPL26-095,Akash Deep,BOWLER,1.0,,50,58,26.0,74.49,100.0,58,55.666666666666664,10.0,643.0178865894608
IPL26-096,Rahul Tripathi,BATSMAN,2.0,,73,50,26.0,0.0,200.0,73,70.66666666666667,1.1924266425921648,1227.5413500219533
IPL26-097,Prashant Solanki,BOWLER,0.25,,50,75,26.0,0.0,25.0,75,55.666666666666664,-1.7457790352341194,990.657114952151
IPL26-098,Kartik Tyagi,BOWLER,1.0,,51,71,25.0,267.17,100.0,71,55.666666666666664,9.110759171771676,1120.5993410135743
IPL26-099,Sarthak Ranjan,BATSMAN,0.25,,59,50,29.0,0.0,25.0,59,70.66666666666667,-1.5219082307454195,337.3379691587804
IPL26-100,Daksh Kamra,BATSMAN,0.25,,50,50,26.0,0.0,25.0,50,70.66666666666667,-1.0478800745382673,253.30813018100594
IPL26-101,Rishabh Pant,WICKET_KEEPER,2.0,,82,50,28.0,0.0,200.0,82,88.66666666666667,2.801018597531079,1865.8757249817388
IPL26-102,Nicholas Pooran,WICKET_KEEPER,2.0,,77,50,30.0,0.0,200.0,77,88.66666666666667,2.925306685658783,1559.301890192204
IPL26-103,Mayank Yadav,BOWLER,1.0,,50,63,26.0,0.0,100.0,63,55.666666666666664,-7.869038863539835,457.91025880765017
IPL26-104,Mohammed Shami,BOWLER,2.0,,51,77,36.0,366.12,200.0,77,55.666666666666664,8.360515837474566,695.9758928498026
IPL26-105,Mohsin Khan,BOWLER,1.5,,51,75,38.0,341.0,150.0,75,55.666666666666664,9.607528893939127,150.0
IPL26-106,Ayush Badoni,BATSMAN,0.5,,70,50,26.0,0.0,50.0,70,70.66666666666667,1.6403755193298948,882.5526221606171
IPL26-107,Avesh Khan,BOWLER,1.5,,51,73,29.0,614.92,150.0,73,55.666666666666664,9.533504620771803,1053.1754206255264
IPL26-108,Abdul Samad,BATSMAN,1.5,,66,55,26.0,652.13,150.0,66,70.66666666666667,10.0,1079.3329768158655
IPL26-109,Mitchell Marsh,ALL_ROUNDER,1.5,,75,76,34.0,0.0,150.0,76,85.0,0.18359103047853115,1130.4635507633072
IPL26-110,Aiden Markram,ALL_ROUNDER,1.5,,73,56,31.0,0.0,150.0,73,85.0,-0.6739576727101744,983.396150658339
IPL26-111,Shahbaz Ahmed,ALL_ROUNDER,1.5,,62,63,26.0,458.64,150.0,63,85.0,8.852308610184332,983.2199488236938
IPL26-112,Matthew Breetzke,BATSMAN,1.0,,61,50,27.0,0.0,100.0,61,70.66666666666667,-2.531268997295094,544.4954971534258
IPL26-113,Digvesh Rathi,BOWLER,0.5,,50,65,26.0,0.0,50.0,65,55.666666666666664,-8.96627380010251,356.6275012555882
IPL26-114,Himmat Singh,BATSMAN,0.5,,66,50,29.0,101.92,50.0,66,70.66666666666667,9.813103841838014,941.4303781839785
IPL26-115,Arshin Kulkarni,BATSMAN,0.25,,56,50,26.0,0.0,25.0,56,70.66666666666667,-5.8698170193901635,302.43927988466936
IPL26-116,Manimaran Siddharth,BOWLER,0.5,,50,68,27.0,0.0,50.0,68,55.666666666666664,0.5202196595703089,708.1286785999667
IPL26-117,Akash Singh,BOWLER,0.25,,50,67,39.0,96.39,25.0,67,55.666666666666664,10.0,25.0
IPL26-118,Arjun Tendulkar,BOWLER,0.5,,59,64,26.0,32.51,50.0,64,55.666666666666664,10.0,810.1652070275641
IPL26-119,Prince Yadav,BATSMAN,0.25,,52,55,24.0,347.54,25.0,55,70.66666666666667,10.0,536.1653018744561
IPL26-120,Josh Inglis,WICKET_KEEPER,1.0,,74,50,31.0,0.0,100.0,74,88.66666666666667,1.8068715686581949,885.8791765547552
IPL26-121,Akshat Raghuwanshi,BATSMAN,0.25,,59,50,22.0,22.82,25.0,59,70.66666666666667,10.0,749.7417647164496
IPL26-122,Mukul Choudhary,BATSMAN,0.25,,71,50,21.0,0.0,25.0,71,70.66666666666667,-0.9043488722869101,669.565107417776
IPL26-123,Wanindu Hasaranga,BOWLER,1.5,,57,76,28.0,0.0,150.0,76,55.666666666666664,-1.6535424930053213,998.9292324406094
IPL26-124,Anrich Nortje,BOWLER,1.5,,50,76,32.0,0.0,150.0,76,55.666666666666664,0.332106060013871,1216.8014017644516
IPL26-125,Naman Tiwari,BOWLER,0.25,,50,76,26.0,0.0,25.0,76,55.666666666666664,0.9245107229925142,1207.6552389408273
IPL26-126,Rohit Sharma,BATSMAN,2.0,,54,50,39.0,0.0,200.0,54,70.66666666666667,-4.367011942208305,200.0
IPL26-127,Jasprit Bumrah,BOWLER,2.0,,50,95,32.0,0.0,200.0,95,55.666666666666664,2.331889869226222,2387.6195905185045
IPL26-128,Suryakumar Yadav,BATSMAN,2.0,,84,50,35.0,0.0,200.0,84,70.66666666666667,2.297557158162697,1419.2571510203475
IPL26-129,Hardik Pandya,ALL_ROUNDER,2.0,,77,76,32.0,0.0,200.0,77,85.0,-0.4624025440641719,1181.8017090059425
IPL26-130,Tilak Varma,BATSMAN,1.5,,76,50,23.0,1185.21,150.0,76,70.66666666666667,10.0,1276.8091886536342
IPL26-131,Trent Boult,BOWLER,2.0,,50,87,36.0,0.0,200.0,87,55.666666666666664,4.078435580695946,1408.3575586153456
IPL26-132,Deepak Chahar,BOWLER,2.0,,50,80,26.0,0.0,200.0,80,55.666666666666664,-0.05160121939782519,1525.15081264195
IPL26-133,Naman Dhir,BATSMAN,0.5,,71,55,26.0,863.67,50.0,71,70.66666666666667,9.42964863358632,1134.5045937583723
IPL26-134,Will Jacks,ALL_ROUNDER,1.5,,70,67,27.0,0.0,150.0,70,85.0,-3.4759275937440535,1013.0527486729404
IPL26-135,Robin Minz,WICKET_KEEPER,0.5,,55,50,23.0,0.0,50.0,55,88.66666666666667,-4.514158947872893,327.3429599179214
IPL26-136,Ryan Rickelton,WICKET_KEEPER,1.0,,73,50,29.0,0.0,100.0,73,88.66666666666667,-5.2392848716840135,962.162124491267
IPL26-137,Shardul Thakur,ALL_ROUNDER,2.0,,62,82,34.0,0.0,200.0,82,85.0,1.9236065080436835,1188.8424819036177
IPL26-138,Sherfane Rutherford,BATSMAN,1.0,,67,50,27.0,0.0,100.0,67,70.66666666666667,-2.446204494473032,708.8980584035709
IPL26-139,Mayank Markande,BOWLER,1.5,,50,72,28.0,0.0,150.0,72,55.666666666666664,1.39750291251573,868.8499478411776
IPL26-140,Allah Ghazanfar,BOWLER,1.0,,50,70,26.0,0.0,100.0,70,55.666666666666664,-0.5578115445755721,852.0050535556666
IPL26-141,Corbin Bosch,ALL_ROUNDER,1.0,,69,73,31.0,0.0,100.0,73,85.0,-3.124987692829348,866.776565903684
IPL26-142,Mitchell Santner,ALL_ROUNDER,1.5,,62,73,34.0,0.0,150.0,73,85.0,0.022416032123950602,679.2917381112713
IPL26-143,Ashwani Kumar,BOWLER,0.25,,50,73,26.0,180.0,25.0,73,55.666666666666664,9.153684022534264,874.1227960869008
IPL26-144,Raj Angad Bawa,BATSMAN,0.5,,62,71,23.0,0.0,50.0,71,70.66666666666667,-0.9419496543834459,892.6130714153754
IPL26-145,Raghu Sharma,BOWLER,0.25,,50,59,26.0,37.39,25.0,59,55.666666666666664,10.0,584.1191716412708
IPL26-146,Quinton de Kock,WICKET_KEEPER,2.0,,79,50,33.0,0.0,200.0,79,88.66666666666667,-0.5405344571095678,1094.7784172097342
IPL26-147,Atharva Ankolekar,ALL_ROUNDER,1.0,,63,68,25.0,0.0,100.0,68,85.0,-0.45021792322525034,650.5366897935878
IPL26-148,Mohammad Izhar,BOWLER,0.25,,56,76,26.0,0.0,25.0,76,55.666666666666664,1.7405938164088792,1084.375853718299
IPL26-149,Danish Malewar,BATSMAN,0.25,,52,50,26.0,0.0,25.0,52,70.66666666666667,-0.538904534753916,269.4358420852603
IPL26-150,Mayank Rawat,BATSMAN,0.25,,56,50,26.0,0.0,25.0,56,70.66666666666667,-5.1057318105646186,357.66093735643824
IPL26-151,Shreyas Iyer,BATSMAN,2.0,,83,50,31.0,0.0,200.0,83,70.66666666666667,1.155054486166065,1799.3210524255514
IPL26-152,Arshdeep Singh,BOWLER,2.0,,52,78,21.0,828.89,200.0,78,55.666666666666664,9.877291066404275,1242.7919399125724
IPL26-153,Yuzvendra Chahal,BOWLER,2.0,,50,100,35.0,0.0,200.0,100,55.666666666666664,4.944480542744317,2387.6195905185045
IPL26-154,Marco Jansen,ALL_ROUNDER,1.0,,61,70,26.0,0.0,100.0,70,85.0,-5.967746155272007,954.9383596292345
IPL26-155,Prabhsimran Singh,WICKET_KEEPER,1.5,,74,50,25.0,0.0,150.0,74,88.66666666666667,2.158648924679987,1077.5761568329608
IPL26-156,Harpreet Brar,ALL_ROUNDER,1.5,,62,72,30.0,492.23,150.0,72,85.0,10.0,1127.8062091244608
IPL26-157,Shashank Singh,BATSMAN,1.5,,73,52,26.0,1092.28,150.0,73,70.66666666666667,10.0,1354.1859118762418
IPL26-158,Azmatullah Omarzai,ALL_ROUNDER,1.0,,64,67,26.0,458.76,100.0,67,85.0,10.0,1141.5582571818238
IPL26-159,Nehal Wadhera,BATSMAN,0.5,,68,50,25.0,0.0,50.0,68,70.66666666666667,-1.4917485500190986,811.5516880024987
IPL26-160,Xavier Bartlett,BOWLER,1.0,,50,55,27.0,0.0,100.0,55,55.666666666666664,-0.025434235051663312,434.901360844365
IPL26-161,Lockie Ferguson,BOWLER,1.5,,50,74,35.0,0.0,150.0,74,55.666666666666664,-0.5072414110433825,610.852279342719
IPL26-162,Marcus Stoinis,ALL_ROUNDER,1.5,,75,71,36.0,0.0,150.0,75,85.0,0.8608472248099757,424.23489151357404
IPL26-163,Mitch Owen,ALL_ROUNDER,1.0,,50,50,22.0,0.0,100.0,50,85.0,-6.311184114892111,429.79224470270884
IPL26-164,Musheer Khan,BOWLER,0.5,,50,61,26.0,9.79,50.0,61,55.666666666666664,10.0,637.5013622538879
IPL26-165,Priyansh Arya,BATSMAN,0.5,,74,50,25.0,912.18,50.0,74,70.66666666666667,9.84474095117525,1122.5292566741482
IPL26-166,Vyshak Vijaykumar,BOWLER,1.5,,50,62,26.0,0.0,150.0,62,55.666666666666664,-6.845163633116455,530.8937377587421
IPL26-167,Yash Thakur,BOWLER,0.5,,50,67,26.0,223.54,50.0,67,55.666666666666664,9.139614989220497,670.9442084641902
IPL26-168,Pyla Avinash,BATSMAN,0.25,,63,50,25.0,0.0,25.0,63,70.66666666666667,-0.527959904391603,517.8457292402661
IPL26-169,Harnoor Pannu,BATSMAN,0.25,,64,50,26.0,0.0,25.0,64,70.66666666666667,1.1915537227137385,431.0582270264624
IPL26-170,Vishnu Vinod,WICKET_KEEPER,1.0,,62,50,32.0,15.19,100.0,62,88.66666666666667,10.0,768.9912624350362
IPL26-171,Suryansh Shedge,BATSMAN,0.25,,67,50,23.0,226.14,25.0,67,70.66666666666667,8.66451843090011,696.3110049972637
IPL26-172,Cooper Connolly,BATSMAN,1.0,,75,50,22.0,0.0,100.0,75,70.66666666666667,2.0681001835037307,948.7154303807035
IPL26-173,Ben Dwarshuis,BOWLER,1.0,,50,56,31.0,0.0,100.0,56,55.666666666666664,-7.166078898527843,202.97967473049744
IPL26-174,Praveen Dubey,BOWLER,0.25,,50,59,32.0,0.0,25.0,59,55.666666666666664,0.6882796757592715,319.91745767455785
IPL26-175,Vishal Nishad,BOWLER,0.25,,50,51,26.0,0.0,25.0,51,55.666666666666664,-8.074826777402441,136.1718607596708
IPL26-176,Yashasvi Jaiswal,BATSMAN,1.5,,78,50,24.0,0.0,150.0,78,70.66666666666667,1.6800779988613697,1361.925152722579
IPL26-177,Ravindra Jadeja,ALL_ROUNDER,2.0,,76,91,37.0,0.0,200.0,91,85.0,8.906707899162146,1807.9303211898662
IPL26-178,Riyan Parag,ALL_ROUNDER,2.0,,72,58,24.0,0.0,200.0,72,85.0,-3.8682362188456265,974.114960757907
IPL26-179,Jofra Archer,BOWLER,1.5,,50,80,31.0,0.0,150.0,80,55.666666666666664,-1.529713644318535,1188.351904861285
IPL26-180,Dhruv Jurel,WICKET_KEEPER,1.0,,74,50,25.0,1059.22,100.0,74,88.66666666666667,9.416400673653996,1471.854473300594
IPL26-181,Shimron Hetmyer,BATSMAN,2.0,,72,50,29.0,0.0,200.0,72,70.66666666666667,0.6376815811945991,881.5765909900924
IPL26-182,Sam Curran,ALL_ROUNDER,2.0,,69,72,26.0,0.0,200.0,72,85.0,-3.1262973837092405,1237.497083036909
IPL26-183,Sandeep Sharma,BOWLER,2.0,,51,77,26.0,459.67,200.0,77,55.666666666666664,7.167844401889431,1126.2168058412099
IPL26-184,Vaibhav Suryavanshi,BATSMAN,0.5,,80,50,26.0,0.0,50.0,80,70.66666666666667,-2.5524857205412643,1513.5626199261237
IPL26-185,Tushar Deshpande,BOWLER,1.5,,50,72,26.0,0.0,150.0,72,55.666666666666664,0.08886674952297507,729.065623868909
IPL26-186,Shubham Dubey,BATSMAN,0.5,,72,50,32.0,0.0,50.0,72,70.66666666666667,-1.5243456777133806,879.5294096561513
IPL26-187,Yudhvir Charak,BOWLER,0.5,,50,66,26.0,0.0,50.0,66,55.666666666666664,-1.315976500815036,559.5571283988037
IPL26-188,Kwena Maphaka,BOWLER,0.5,,50,52,20.0,0.0,50.0,52,55.666666666666664,-6.850275075583609,267.0262447808768
IPL26-189,Lhuan-Dre Pretorius,BATSMAN,0.5,,57,50,20.0,0.0,50.0,57,70.66666666666667,0.653769544290826,379.3825790715636
IPL26-190,Nandre Burger,BOWLER,1.0,,50,70,30.0,0.0,100.0,70,55.666666666666664,-4.436248284367895,702.8237863269645
IPL26-191,Donovan Ferreira,WICKET_KEEPER,1.0,,69,50,27.0,0.0,100.0,69,88.66666666666667,-2.23264380759436,988.0925015965411
IPL26-192,Ravi Bishnoi,BOWLER,2.0,,51,74,25.0,466.26,200.0,74,55.666666666666664,10.0,1247.832848449729
IPL26-193,Adam Milne,BOWLER,1.0,,50,59,34.0,0.0,100.0,59,55.666666666666664,-1.1237468439756264,168.28823980012336
IPL26-194,Ravi Singh,BATSMAN,0.25,,59,50,26.0,4.35,25.0,59,70.66666666666667,8.190193306809118,644.1539425368172
IPL26-195,Sushant Mishra,BOWLER,0.25,,51,75,25.0,0.0,25.0,75,55.666666666666664,-2.427287621162069,867.078004163961
IPL26-196,Kuldeep Sen,BOWLER,1.0,,50,70,29.0,0.0,100.0,70,55.666666666666664,-3.033407484204731,778.7450683228874
IPL26-197,Brijesh Sharma,BOWLER,0.25,,50,67,26.0,210.22,25.0,67,55.666666666666664,9.341751587666153,796.6205648412908
IPL26-198,Aman Rao Perala,BATSMAN,0.25,,71,50,26.0,0.0,25.0,71,70.66666666666667,2.2677942211193236,969.8861096733323
IPL26-199,Vignesh Puthur,BOWLER,0.25,,50,73,25.0,0.0,25.0,73,55.666666666666664,-4.597260503377134,621.559625067089
IPL26-200,Virat Kohli,BATSMAN,2.0,,100,50,37.0,0.0,200.0,100,70.66666666666667,5.428251938654205,2171.771285636255
IPL26-201,Rajat Patidar,BATSMAN,1.5,,75,50,33.0,0.0,150.0,75,70.66666666666667,0.9666380892995451,1146.0873769132093
IPL26-202,Phil Salt,WICKET_KEEPER,1.0,,75,50,47.0,0.0,100.0,75,88.66666666666667,1.2210965426968556,100.0
IPL26-203,Josh Hazlewood,BOWLER,1.5,,50,79,35.0,0.0,150.0,79,55.666666666666664,-1.503437650759593,889.3596402957804
IPL26-204,Yash Dayal,BOWLER,1.5,,51,68,28.0,485.16,150.0,68,55.666666666666664,9.037267434715387,970.4475569159479
IPL26-205,Krunal Pandya,ALL_ROUNDER,2.0,,71,82,35.0,0.0,200.0,82,85.0,-1.4475245058645994,1172.5968777982428
IPL26-206,Bhuvneshwar Kumar,BOWLER,2.0,,50,98,36.0,0.0,200.0,98,55.666666666666664,6.254099300823018,2120.5525337278377
IPL26-207,Tim David,BATSMAN,1.5,,74,50,26.0,0.0,150.0,74,70.66666666666667,0.5509423074348063,1054.106619496308
IPL26-208,Romario Shepherd,ALL_ROUNDER,1.0,,68,62,31.0,0.0,100.0,68,85.0,-1.4855455688721824,708.9312470377556
IPL26-209,Nuwan Thushara,BOWLER,1.0,,50,68,31.0,0.0,100.0,68,55.666666666666664,-0.4828871767152555,651.8122547459815
IPL26-210,Swapnil Singh,BOWLER,1.0,,59,66,35.0,131.12,100.0,66,55.666666666666664,10.0,386.1754536278799
IPL26-211,Jacob Bethell,BATSMAN,1.0,,64,50,20.0,0.0,100.0,64,70.66666666666667,-5.60999072173446,712.1279468768759
IPL26-212,Devdutt Padikkal,BATSMAN,1.5,,73,50,25.0,0.0,150.0,73,70.66666666666667,1.2235814592779048,1210.9863351604984
IPL26-213,Suyash Sharma,BOWLER,0.5,,50,64,26.0,369.66,50.0,64,55.666666666666664,9.663745261318928,754.9436047066137
IPL26-214,Rasikh Dar,BOWLER,0.5,,50,71,26.0,0.0,50.0,71,55.666666666666664,0.21163487983759272,767.3680015436213
IPL26-215,Jitesh Sharma,WICKET_KEEPER,1.5,,56,50,32.0,0.0,150.0,56,88.66666666666667,-4.031455912407508,390.16649794469964
IPL26-216,Abhinandan Singh,BOWLER,0.25,,50,59,26.0,38.42,25.0,59,55.666666666666664,8.628326302769533,627.7519963321033
IPL26-217,Venkatesh Iyer,ALL_ROUNDER,1.5,,73,60,35.0,0.0,150.0,73,85.0,2.6221080198619666,852.6729651319721
IPL26-218,Jordan Cox,WICKET_KEEPER,1.0,,80,50,34.0,0.0,100.0,80,88.66666666666667,1.6591171459478702,1062.4790439156623
IPL26-219,Mangesh Yadav,BOWLER,0.25,,72,65,26.0,0.0,25.0,72,55.666666666666664,-3.7663605155297257,843.6689870725221
IPL26-220,Vicky Kanhaiya Ostwal,BOWLER,0.5,,60,74,26.0,0.0,50.0,74,55.666666666666664,2.848043793104468,1042.5370539476903
IPL26-221,Kanishk Chouhan,BATSMAN,0.25,,50,50,26.0,0.0,25.0,50,70.66666666666667,-7.806135434281436,229.89787077212733
IPL26-222,Vihaan Malhotra,BATSMAN,0.25,,50,50,19.0,0.0,25.0,50,70.66666666666667,-3.9813775720019624,348.28985728507985
IPL26-223,Satvik Deswal,BOWLER,0.25,,50,77,26.0,0.0,25.0,77,55.666666666666664,2.9215801896177847,1142.6116130149635
IPL26-224,Yash Raj Punja,BOWLER,0.25,,50,68,26.0,128.95,25.0,68,55.666666666666664,8.797850473923912,780.1945929192057
IPL26-225,Pat Cummins,ALL_ROUNDER,2.0,,67,78,33.0,0.0,200.0,78,85.0,-1.4370453484596846,1432.0497127336625
IPL26-226,Heinrich Klaasen,WICKET_KEEPER,1.5,,80,50,26.0,0.0,150.0,80,88.66666666666667,3.2442055197388187,1768.9339118479982
IPL26-227,Travis Head,BATSMAN,1.5,,75,50,32.0,0.0,150.0,75,70.66666666666667,0.4927014494904854,877.3749338313864
IPL26-228,Abhishek Sharma,ALL_ROUNDER,1.5,,79,59,26.0,1410.48,150.0,79,85.0,9.90661314110005,1295.4852257112693
IPL26-229,Nitish Kumar Reddy,ALL_ROUNDER,1.0,,70,62,23.0,0.0,100.0,70,85.0,0.11478820754060914,870.2679109368204
IPL26-230,Ishan Kishan,WICKET_KEEPER,2.0,,78,50,27.0,1062.44,200.0,78,88.66666666666667,8.485529690819233,1798.9960668577744
IPL26-231,Harshal Patel,BOWLER,2.0,,50,88,35.0,0.0,200.0,88,55.666666666666664,6.715179176647133,2121.731897820363
IPL26-232,Jaydev Unadkat,BOWLER,2.0,,50,81,33.0,0.0,200.0,81,55.666666666666664,2.4641568396415003,1135.7006796191122
IPL26-233,Zeeshan Ansari,BOWLER,0.5,,50,59,26.0,99.75,50.0,59,55.666666666666664,10.0,603.5205221355342
IPL26-234,Brydon Carse,BOWLER,1.0,,50,72,30.0,0.0,100.0,72,55.666666666666664,-1.8822082114674297,746.8985418741196
IPL26-235,Kamindu Mendis,BATSMAN,1.0,,65,68,27.0,0.0,100.0,68,70.66666666666667,-2.486306104134187,820.8059244434869
IPL26-236,Harsh Dubey,BOWLER,0.5,,57,70,23.0,174.77,50.0,70,55.666666666666664,8.730669503453301,1046.3487479228027
IPL26-237,Aniket Verma,BATSMAN,0.25,,66,50,24.0,403.65,25.0,66,70.66666666666667,10.0,909.7565795850406
IPL26-238,Eshan Malinga,BOWLER,0.25,,50,74,25.0,0.0,25.0,74,55.666666666666664,-1.6292917735080745,832.720663638053
IPL26-239,Smaran Ravichandaran,BATSMAN,0.25,,73,50,26.0,0.0,25.0,73,70.66666666666667,1.0776534802609006,852.5435736710352
IPL26-240,Liam Livingstone,ALL_ROUNDER,1.5,,70,67,32.0,0.0,150.0,70,85.0,-1.0507290458907015,796.7152591539456
IPL26-241,Salil Arora,WICKET_KEEPER,0.25,,68,50,23.0,31.36,25.0,68,88.66666666666667,10.0,789.5304945305681
IPL26-242,Jack Edwards,ALL_ROUNDER,1.0,,62,77,26.0,0.0,100.0,77,85.0,1.7285370926948214,1440.4165488952021
IPL26-243,Shivam Mavi,BOWLER,1.5,,50,64,27.0,0.0,150.0,64,55.666666666666664,0.007406583924405852,667.8628128233568
IPL26-244,Amit Kumar,BOWLER,0.25,,50,56,26.0,0.0,25.0,56,55.666666666666664,-3.539971761891038,295.4458619401113
IPL26-245,Onkar Tarmale,ALL_ROUNDER,0.25,,51,56,26.0,0.0,25.0,56,85.0,-1.1414604637598154,512.2156828781588
IPL26-246,Sakib Hussain,BOWLER,0.25,,50,71,21.0,221.1,25.0,71,55.666666666666664,10.0,983.377089185228
IPL26-247,Praful Hinge,BOWLER,0.25,,50,70,26.0,0.0,25.0,70,55.666666666666664,-1.3889537966278651,736.3703875615669
IPL26-248,Shivang Kumar,BOWLER,0.25,,58,63,26.0,185.9,25.0,63,55.666666666666664,8.032930296412848,763.408121689578
IPL26-249,Krains Fuletra,BOWLER,0.25,,50,55,26.0,0.0,25.0,55,55.666666666666664,0.32315187147223523,379.6486145307877
IPL26-250,Jake Fraser-McGurk,BATSMAN,1.0,,71,50,23.0,0.0,100.0,71,70.66666666666667,0.2654889433372651,802.6003500502915
IPL26-251,Devon Conway,WICKET_KEEPER,1.5,,76,50,26.0,0.0,150.0,76,88.66666666666667,-1.20431612966701,1192.6469564951847
IPL26-252,Gus Atkinson,BOWLER,1.0,,50,80,28.0,0.0,100.0,80,55.666666666666664,-1.1983734850221204,1086.4754905583081
IPL26-253,Jamie Smith,WICKET_KEEPER,1.0,,71,50,37.0,0.0,100.0,71,88.66666666666667,1.3839156202800338,100.0
IPL26-254,Deepak Hooda,ALL_ROUNDER,2.0,,66,60,31.0,0.0,200.0,66,85.0,-4.198027434690327,785.1282775824048
IPL26-255,Wiaan Mulder,BOWLER,1.0,,57,50,28.0,0.0,100.0,57,55.666666666666664,-2.028411075310656,323.47661565149497
IPL26-256,Rahmanullah Gurbaz,WICKET_KEEPER,1.0,,67,50,24.0,183.09,100.0,67,88.66666666666667,8.182020774612845,1051.670821174887
IPL26-257,Jonny Bairstow,WICKET_KEEPER,1.5,,75,50,36.0,0.0,150.0,75,88.66666666666667,1.7061875446312582,556.4655197240738
IPL26-258,K.S. Bharat,WICKET_KEEPER,1.5,,67,50,26.0,0.0,150.0,67,88.66666666666667,-1.8401165397557484,761.6703095443673
IPL26-259,Gerald Coetzee,BOWLER,1.0,,50,67,25.0,0.0,100.0,67,55.666666666666664,-2.873977464112692,497.3952107943995
IPL26-260,Spencer Johnson,BOWLER,1.0,,50,57,38.0,0.0,100.0,57,55.666666666666664,-7.493577409961496,100.0
IPL26-261,Fazalhaq Farooqi,BOWLER,1.0,,50,63,25.0,34.22,100.0,63,55.666666666666664,10.0,725.581038002591
IPL26-262,Maheesh Theekshana,BOWLER,1.0,,50,71,25.0,0.0,100.0,71,55.666666666666664,-0.6513052400751909,860.4663688451806
IPL26-263,Mujeeb Ur Rahman,BOWLER,2.0,,50,67,25.0,8.29,200.0,67,55.666666666666664,10.0,945.327305362016
IPL26-264,Aarya Desai,BATSMAN,0.25,,55,50,23.0,0.0,25.0,55,70.66666666666667,-2.416719658216496,385.3787973982707
IPL26-265,Yash Dhull,BATSMAN,0.5,,55,50,23.0,0.0,50.0,55,70.66666666666667,-2.99195522644446,344.13171189579344
IPL26-266,Abhinav Manohar,BATSMAN,0.5,,62,50,31.0,0.0,50.0,62,70.66666666666667,-5.798370125411325,388.96172067921
IPL26-267,Anmolpreet Singh,BATSMAN,1.0,,63,50,28.0,4.93,100.0,63,70.66666666666667,10.0,899.2720303860377
IPL26-268,Atharva Taide,BATSMAN,0.5,,69,50,26.0,59.39,50.0,69,70.66666666666667,10.0,897.0239103252898
IPL26-269,Mahipal Lomror,BATSMAN,1.5,,65,50,26.0,0.0,150.0,65,70.66666666666667,-0.5830275883184497,568.8782902729059
IPL26-270,Vijay Shankar,ALL_ROUNDER,2.0,,68,66,35.0,0.0,200.0,68,85.0,-1.3589677103497357,448.70436693299695
IPL26-271,Tanush Kotian,BATSMAN,0.5,,61,55,27.0,18.32,50.0,61,70.66666666666667,10.0,757.5679262017677
IPL26-272,Kamlesh Nagarkoti,BOWLER,1.5,,50,57,26.0,0.0,150.0,57,55.666666666666664,-6.6608564161609145,366.3967821790983
IPL26-273,Ruchit Ahir,BATSMAN,0.25,,74,50,26.0,0.0,25.0,74,70.66666666666667,0.6798405230667315,1021.9092587796989
IPL26-274,Sanvir Singh,BATSMAN,0.5,,60,53,29.0,20.67,50.0,60,70.66666666666667,10.0,576.6848069981967
IPL26-275,Vansh Bedi,WICKET_KEEPER,0.25,,50,50,23.0,0.0,25.0,50,88.66666666666667,-6.753398902640164,276.1215331543467
IPL26-276,Raj Limbani,BOWLER,0.25,,50,75,26.0,0.0,25.0,75,55.666666666666664,-3.44772443957361,714.3529479903516
IPL26-277,Simarjeet Singh,BOWLER,1.0,,50,65,28.0,87.74,100.0,65,55.666666666666664,9.716861103256234,730.3921895148465
IPL26-278,Akash Madhwal,BOWLER,1.0,,50,68,32.0,143.34,100.0,68,55.666666666666664,9.699140252859173,850.4227329448698
IPL26-279,Karn Sharma,BOWLER,2.0,,50,80,38.0,0.0,200.0,80,55.666666666666664,0.5060977852777613,200.0
IPL26-280,Sean Abbott,BOWLER,1.0,,50,54,34.0,0.0,100.0,54,55.666666666666664,-2.689452217911348,100.0
IPL26-281,Michael Bracewell,ALL_ROUNDER,1.0,,67,74,35.0,0.0,100.0,74,85.0,2.217576095291066,894.130836099929
IPL26-282,Daryl Mitchell,BATSMAN,1.0,,67,53,26.0,0.0,100.0,67,70.66666666666667,0.3133349720912865,681.3801070567617
IPL26-283,Dasun Shanaka,BATSMAN,1.5,,62,55,34.0,0.0,150.0,62,70.66666666666667,-6.111130236072546,266.3177727461697
IPL26-284,Chetan Sakariya,BOWLER,1.5,,50,70,27.0,0.0,150.0,70,55.666666666666664,-1.8269429534136823,844.5624535950756
IPL26-285,Waqar Salamkheil,BOWLER,1.0,,50,72,29.0,0.0,100.0,72,55.666666666666664,2.085477647505615,812.0052036614103
IPL26-286,Taskin Ahmed,BOWLER,1.0,,50,80,31.0,0.0,100.0,80,55.666666666666664,1.5440104179778809,1356.4264457147915
IPL26-287,Alzarri Joseph,BOWLER,1.5,,50,68,29.0,0.0,150.0,68,55.666666666666664,-0.9820715445427248,816.9780226502552
IPL26-288,Riley Meredith,BOWLER,1.0,,50,69,29.0,0.0,100.0,69,55.666666666666664,6.996670646721438,985.4440673286585
IPL26-289,Jhye Richardson,BOWLER,1.5,,50,58,29.0,0.0,150.0,58,55.666666666666664,-2.616248358360652,352.7748966749322
IPL26-290,Daniel Lawrence,BATSMAN,1.0,,79,50,26.0,0.0,100.0,79,70.66666666666667,2.9317340796979634,1588.0654297463338
IPL26-291,Murugan Ashwin,BOWLER,1.5,,50,72,35.0,0.0,150.0,72,55.666666666666664,2.0476566787110757,580.2535886334468
IPL26-292,William Sutherland,ALL_ROUNDER,1.0,,66,71,26.0,0.0,100.0,71,85.0,-1.4065735848956968,852.6707972995463
IPL26-293,Kartikeya Singh,BOWLER,0.5,,56,79,26.0,0.0,50.0,79,55.666666666666664,1.487763835571978,1169.5076841790603
IPL26-294,Shivam Shukla,BOWLER,0.25,,50,63,26.0,0.0,25.0,63,55.666666666666664,-0.8093810346841237,524.7815927645524
IPL26-295,Wahidullah Zadran,BOWLER,1.0,,50,62,26.0,0.0,100.0,62,55.666666666666664,-4.557143573637323,422.7842478293225
IPL26-296,KC Cariappa,BOWLER,0.5,,50,59,32.0,0.0,50.0,59,55.666666666666664,-3.7628713677014667,245.11389937187573
IPL26-297,Sediqullah Atal,BATSMAN,1.0,,65,50,24.0,14.99,100.0,65,70.66666666666667,9.962429355020518,886.1756993239261
IPL26-298,Nathan Smith,BOWLER,1.0,,51,53,26.0,0.0,100.0,53,55.666666666666664,-7.101928399103133,227.3257052184987
IPL26-299,Manan Vohra,BATSMAN,1.5,,67,50,32.0,0.0,150.0,67,70.66666666666667,0.05868650622588101,563.5811020918816
IPL26-300,Jacob Duffy,BOWLER,1.0,,50,67,25.0,0.0,100.0,67,55.666666666666664,3.070642765617636,603.8459770654764
IPL26-003,Sanju Samson,WICKET_KEEPER,2.0,,85,50,31.0,0.0,200.0,85,88.66666666666667,2.166473528105006,1562.9406197557885
IPL26-011,Khaleel Ahmed,BOWLER,2.0,,50,80,26.0,0.0,200.0,80,55.666666666666664,1.5153632559216306,1545.4476962689587
IPL26-024,Zak Foulkes,BOWLER,1.0,,50,81,24.0,0.0,100.0,81,55.666666666666664,2.762922448421855,1188.6067902300863
IPL26-026,KL Rahul,WICKET_KEEPER,2.0,,87,50,34.0,1380.75,200.0,87,88.66666666666667,9.758250361106553,2418.6858793895826
IPL26-027,Axar Patel,ALL_ROUNDER,2.0,,71,86,32.0,0.0,200.0,86,85.0,0.15546289472048103,2188.105083706563
IPL26-030,Mitchell Starc,BOWLER,1.5,,50,80,36.0,0.0,150.0,80,55.666666666666664,-0.08177115417067837,602.017748477637
IPL26-045,David Miller,BATSMAN,2.0,,80,50,26.0,0.0,200.0,80,70.66666666666667,1.042934817664772,1215.429045142145
IPL26-046,Ben Duckett,BATSMAN,1.0,,84,50,31.0,0.0,100.0,84,70.66666666666667,0.8948216425950757,1379.1825883923796
IPL26-051,Shubman Gill,BATSMAN,2.0,,84,50,26.0,1502.36,200.0,84,70.66666666666667,9.730983453585177,1951.9094738533993
IPL26-052,Rashid Khan,ALL_ROUNDER,2.0,,63,83,26.0,1036.91,200.0,83,85.0,9.409182901264195,1644.2082802922585
IPL26-053,Jos Buttler,WICKET_KEEPER,2.0,,86,50,35.0,0.0,200.0,86,88.66666666666667,0.19866851598492852,1649.9199687361354
IPL26-054,Kagiso Rabada,BOWLER,2.0,,50,89,31.0,0.0,200.0,89,55.666666666666664,3.8293840684892073,2125.964366788366
IPL26-056,Sai Sudharsan,BATSMAN,1.5,,83,50,24.0,1572.25,150.0,83,70.66666666666667,9.45125086658518,1798.773713361548
IPL26-076,Sunil Narine,ALL_ROUNDER,2.0,,70,98,37.0,0.0,200.0,98,85.0,1.2606949789703201,2256.783162297736
IPL26-077,Varun Chakravarthy,BOWLER,2.0,,50,85,34.0,0.0,200.0,85,55.666666666666664,2.6133296001833797,1881.1690157924534
IPL26-101,Rishabh Pant,WICKET_KEEPER,2.0,,82,50,28.0,0.0,200.0,82,88.66666666666667,2.0057074434665187,1906.7763636733525
IPL26-127,Jasprit Bumrah,BOWLER,2.0,,50,95,32.0,0.0,200.0,95,55.666666666666664,2.1654454030421983,2439.957034485075
IPL26-128,Suryakumar Yadav,BATSMAN,2.0,,84,50,35.0,0.0,200.0,84,70.66666666666667,2.8155970292105166,1450.367756709234
IPL26-131,Trent Boult,BOWLER,2.0,,50,87,36.0,0.0,200.0,87,55.666666666666664,3.6798050430994342,1439.229241483771
IPL26-132,Deepak Chahar,BOWLER,2.0,,50,80,26.0,0.0,200.0,80,55.666666666666664,-2.3362733502807544,1558.5826438742793
IPL26-137,Shardul Thakur,ALL_ROUNDER,2.0,,62,82,34.0,0.0,200.0,82,85.0,1.3167593770892243,1214.9023186668924
IPL26-151,Shreyas Iyer,BATSMAN,2.0,,83,50,31.0,0.0,200.0,83,70.66666666666667,2.788232802135241,1838.7627897664408
IPL26-153,Yuzvendra Chahal,BOWLER,2.0,,50,100,35.0,0.0,200.0,100,55.666666666666664,2.4808556884018533,2439.957034485075
IPL26-177,Ravindra Jadeja,ALL_ROUNDER,2.0,,76,91,37.0,0.0,200.0,91,85.0,7.833078602095533,1847.5607766679896
IPL26-179,Jofra Archer,BOWLER,1.5,,50,80,31.0,0.0,150.0,80,55.666666666666664,-1.318664690604957,1214.4009880067865
IPL26-184,Vaibhav Suryavanshi,BATSMAN,0.5,,80,50,26.0,0.0,50.0,80,70.66666666666667,-1.4928847926580733,1546.7404339819536
IPL26-200,Virat Kohli,BATSMAN,2.0,,100,50,37.0,0.0,200.0,100,70.66666666666667,6.083586652938261,2219.377260399391
IPL26-205,Krunal Pandya,ALL_ROUNDER,2.0,,71,82,35.0,0.0,200.0,82,85.0,-1.4128611610798287,1198.3006053228662
IPL26-206,Bhuvneshwar Kumar,BOWLER,2.0,,50,98,36.0,0.0,200.0,98,55.666666666666664,5.4742149724525735,2167.035775804122
IPL26-218,Jordan Cox,WICKET_KEEPER,1.0,,80,50,34.0,0.0,100.0,80,88.66666666666667,1.1413031446872737,1085.7689505856422
IPL26-226,Heinrich Klaasen,WICKET_KEEPER,1.5,,80,50,26.0,0.0,150.0,80,88.66666666666667,1.5811688583836774,1807.7095525989628
IPL26-231,Harshal Patel,BOWLER,2.0,,50,88,35.0,0.0,200.0,88,55.666666666666664,8.091678871641628,2168.24099196385
IPL26-232,Jaydev Unadkat,BOWLER,2.0,,50,81,33.0,0.0,200.0,81,55.666666666666664,-0.15584765917686882,1160.5956297687937
IPL26-252,Gus Atkinson,BOWLER,1.0,,50,80,28.0,0.0,100.0,80,55.666666666666664,0.4260111350742477,1110.2914076055456
IPL26-279,Karn Sharma,BOWLER,2.0,,50,80,38.0,0.0,200.0,80,55.666666666666664,0.8560746808963897,200.0
IPL26-286,Taskin Ahmed,BOWLER,1.0,,50,80,31.0,0.0,100.0,80,55.666666666666664,2.552762292162146,1386.159780698006
IPL26-003,Sanju Samson,WICKET_KEEPER,2.0,,85,50,31.0,0.0,200.0,85,88.66666666666667,0.585664238003996,1573.2698597460392
IPL26-011,Khaleel Ahmed,BOWLER,2.0,,50,80,26.0,0.0,200.0,80,55.666666666666664,1.532652439379093,1555.6613281532182
IPL26-024,Zak Foulkes,BOWLER,1.0,,50,81,24.0,0.0,100.0,81,55.666666666666664,1.0760594278375126,1196.4621141209238
IPL26-026,KL Rahul,WICKET_KEEPER,2.0,,87,50,34.0,1380.75,200.0,87,88.66666666666667,8.533214809384322,2434.6706113707305
IPL26-027,Axar Patel,ALL_ROUNDER,2.0,,71,86,32.0,0.0,200.0,86,85.0,-1.1260095495562195,2202.565941814547
IPL26-030,Mitchell Starc,BOWLER,1.5,,50,80,36.0,0.0,150.0,80,55.666666666666664,1.5237598575049076,605.996393426661
IPL26-045,David Miller,BATSMAN,2.0,,80,50,26.0,0.0,200.0,80,70.66666666666667,1.4886336389680888,1223.4616332902194
IPL26-046,Ben Duckett,BATSMAN,1.0,,84,50,31.0,0.0,100.0,84,70.66666666666667,0.6630002541162344,1388.2973991317062
IPL26-051,Shubman Gill,BATSMAN,2.0,,84,50,26.0,1502.36,200.0,84,70.66666666666667,10.0,1964.8093506240382
IPL26-052,Rashid Khan,ALL_ROUNDER,2.0,,63,83,26.0,1036.91,200.0,83,85.0,8.89633017146963,1655.0746060543656
IPL26-053,Jos Buttler,WICKET_KEEPER,2.0,,86,50,35.0,0.0,200.0,86,88.66666666666667,-0.7871613221244183,1660.8240421899595
IPL26-054,Kagiso Rabada,BOWLER,2.0,,50,89,31.0,0.0,200.0,89,55.666666666666664,2.4135233426207843,2140.0145462243
IPL26-056,Sai Sudharsan,BATSMAN,1.5,,83,50,24.0,1572.25,150.0,83,70.66666666666667,10.0,1810.661538873671
IPL26-076,Sunil Narine,ALL_ROUNDER,2.0,,70,98,37.0,0.0,200.0,98,85.0,2.049367352961771,2271.697903519941
IPL26-077,Varun Chakravarthy,BOWLER,2.0,,50,85,34.0,0.0,200.0,85,55.666666666666664,4.117050267070846,1893.6013794924768
IPL26-101,Rishabh Pant,WICKET_KEEPER,2.0,,82,50,28.0,0.0,200.0,82,88.66666666666667,2.221301791888866,1919.3779624923766
IPL26-127,Jasprit Bumrah,BOWLER,2.0,,50,95,32.0,0.0,200.0,95,55.666666666666664,4.770099794182009,2456.0823443378795
IPL26-128,Suryakumar Yadav,BATSMAN,2.0,,84,50,35.0,0.0,200.0,84,70.66666666666667,2.416848273597215,1459.9530195425157
IPL26-131,Trent Boult,BOWLER,2.0,,50,87,36.0,0.0,200.0,87,55.666666666666664,5.04961214064594,1448.7408915415929
IPL26-132,Deepak Chahar,BOWLER,2.0,,50,80,26.0,0.0,200.0,80,55.666666666666664,1.877545648784138,1568.8830826559729
IPL26-137,Shardul Thakur,ALL_ROUNDER,2.0,,62,82,34.0,0.0,200.0,82,85.0,1.3745988771954556,1222.931425758743
IPL26-151,Shreyas Iyer,BATSMAN,2.0,,83,50,31.0,0.0,200.0,83,70.66666666666667,0.580060533913169,1850.9148970829735
IPL26-153,Yuzvendra Chahal,BOWLER,2.0,,50,100,35.0,0.0,200.0,100,55.666666666666664,2.971098134559902,2456.0823443378795
IPL26-177,Ravindra Jadeja,ALL_ROUNDER,2.0,,76,91,37.0,0.0,200.0,91,85.0,8.293623280481288,1859.771028559555
IPL26-179,Jofra Archer,BOWLER,1.5,,50,80,31.0,0.0,150.0,80,55.666666666666664,-2.0157456672641274,1222.4267818795438
IPL26-184,Vaibhav Suryavanshi,BATSMAN,0.5,,80,50,26.0,0.0,50.0,80,70.66666666666667,-2.4736459150701884,1556.9626093757445
IPL26-200,Virat Kohli,BATSMAN,2.0,,100,50,37.0,0.0,200.0,100,70.66666666666667,5.806580904103569,2234.044791629818
IPL26-205,Krunal Pandya,ALL_ROUNDER,2.0,,71,82,35.0,0.0,200.0,82,85.0,-1.0557376893386388,1206.2199941828069
IPL26-206,Bhuvneshwar Kumar,BOWLER,2.0,,50,98,36.0,0.0,200.0,98,55.666666666666664,6.069327995417967,2181.3573900182546
IPL26-218,Jordan Cox,WICKET_KEEPER,1.0,,80,50,34.0,0.0,100.0,80,88.66666666666667,2.169955697624429,1092.9446346281454
IPL26-226,Heinrich Klaasen,WICKET_KEEPER,1.5,,80,50,26.0,0.0,150.0,80,88.66666666666667,4.205618071802037,1819.6564337315172
IPL26-231,Harshal Patel,BOWLER,2.0,,50,88,35.0,0.0,200.0,88,55.666666666666664,5.441269584569098,2182.5705712707036
IPL26-232,Jaydev Unadkat,BOWLER,2.0,,50,81,33.0,0.0,200.0,81,55.666666666666664,0.03222862953572769,1168.26583210405
IPL26-252,Gus Atkinson,BOWLER,1.0,,50,80,28.0,0.0,100.0,80,55.666666666666664,-1.9144444413930486,1117.6291568861695
IPL26-279,Karn Sharma,BOWLER,2.0,,50,80,38.0,0.0,200.0,80,55.666666666666664,2.5457665325591767,200.0
IPL26-286,Taskin Ahmed,BOWLER,1.0,,50,80,31.0,0.0,100.0,80,55.666666666666664,2.927970490219481,1395.3207026541454
IPL26-003,Sanju Samson,WICKET_KEEPER,2.0,,85,50,31.0,0.0,200.0,85,88.66666666666667,2.174696716976139,1535.7245904534273
IPL26-011,Khaleel Ahmed,BOWLER,2.0,,50,80,26.0,0.0,200.0,80,55.666666666666664,3.4364928343651817,1518.5362773351449
IPL26-024,Zak Foulkes,BOWLER,1.0,,50,81,24.0,0.0,100.0,81,55.666666666666664,3.516936820936679,1167.90916626217
IPL26-026,KL Rahul,WICKET_KEEPER,2.0,,87,50,34.0,1380.75,200.0,87,88.66666666666667,10.0,2376.5684598698576
IPL26-027,Axar Patel,ALL_ROUNDER,2.0,,71,86,32.0,0.0,200.0,86,85.0,0.29270775868819265,2150.002847881309
IPL26-030,Mitchell Starc,BOWLER,1.5,,50,80,36.0,0.0,150.0,80,55.666666666666664,-1.1719982112097838,591.5346037720698
IPL26-045,David Miller,BATSMAN,2.0,,80,50,26.0,0.0,200.0,80,70.66666666666667,2.8006865334738285,1194.264355908655
IPL26-046,Ben Duckett,BATSMAN,1.0,,84,50,31.0,0.0,100.0,84,70.66666666666667,0.6025458127545615,1355.1664016834704
IPL26-051,Shubman Gill,BATSMAN,2.0,,84,50,26.0,1502.36,200.0,84,70.66666666666667,9.234139909913697,1917.9201944371084
IPL26-052,Rashid Khan,ALL_ROUNDER,2.0,,63,83,26.0,1036.91,200.0,83,85.0,10.0,1615.577108915696
IPL26-053,Jos Buttler,WICKET_KEEPER,2.0,,86,50,35.0,0.0,200.0,86,88.66666666666667,-1.4936378387595892,1621.189337739617
IPL26-054,Kagiso Rabada,BOWLER,2.0,,50,89,31.0,0.0,200.0,89,55.666666666666664,3.8123525918479886,2088.944208907174
IPL26-056,Sai Sudharsan,BATSMAN,1.5,,83,50,24.0,1572.25,150.0,83,70.66666666666667,8.6837299589259,1767.4510402718859
IPL26-076,Sunil Narine,ALL_ROUNDER,2.0,,70,98,37.0,0.0,200.0,98,85.0,2.4379375906014458,2217.4850111729884
IPL26-077,Varun Chakravarthy,BOWLER,2.0,,50,85,34.0,0.0,200.0,85,55.666666666666664,3.933281706882262,1848.411564607583
IPL26-101,Rishabh Pant,WICKET_KEEPER,2.0,,82,50,28.0,0.0,200.0,82,88.66666666666667,2.4012346647729905,1873.5730028221308
IPL26-127,Jasprit Bumrah,BOWLER,2.0,,50,95,32.0,0.0,200.0,95,55.666666666666664,3.2659164518997326,2397.46921293404
IPL26-128,Suryakumar Yadav,BATSMAN,2.0,,84,50,35.0,0.0,200.0,84,70.66666666666667,2.5403662295387415,1425.1119978743488
IPL26-131,Trent Boult,BOWLER,2.0,,50,87,36.0,0.0,200.0,87,55.666666666666664,2.2224236860487876,1414.1674414934696
IPL26-132,Deepak Chahar,BOWLER,2.0,,50,80,26.0,0.0,200.0,80,55.666666666666664,-0.6131272874060645,1531.4425015235981
IPL26-137,Shardul Thakur,ALL_ROUNDER,2.0,,62,82,34.0,0.0,200.0,82,85.0,2.52572563095368,1193.7468015049474
IPL26-151,Shreyas Iyer,BATSMAN,2.0,,83,50,31.0,0.0,200.0,83,70.66666666666667,1.7983356755098816,1806.7437729632343
IPL26-153,Yuzvendra Chahal,BOWLER,2.0,,50,100,35.0,0.0,200.0,100,55.666666666666664,4.828530227373247,2397.46921293404
IPL26-177,Ravindra Jadeja,ALL_ROUNDER,2.0,,76,91,37.0,0.0,200.0,91,85.0,7.395293783702036,1815.388557454987
IPL26-179,Jofra Archer,BOWLER,1.5,,50,80,31.0,0.0,150.0,80,55.666666666666664,-0.45430167702697755,1193.254200690213
IPL26-184,Vaibhav Suryavanshi,BATSMAN,0.5,,80,50,26.0,0.0,50.0,80,70.66666666666667,-2.0254494721724527,1519.8065041561504
IPL26-200,Virat Kohli,BATSMAN,2.0,,100,50,37.0,0.0,200.0,100,70.66666666666667,5.0965731349121475,2180.7304712709206
IPL26-205,Krunal Pandya,ALL_ROUNDER,2.0,,71,82,35.0,0.0,200.0,82,85.0,0.20237632746338963,1177.43417957689
IPL26-206,Bhuvneshwar Kumar,BOWLER,2.0,,50,98,36.0,0.0,200.0,98,55.666666666666664,3.4374642828500623,2129.3004271747127
IPL26-218,Jordan Cox,WICKET_KEEPER,1.0,,80,50,34.0,0.0,100.0,80,88.66666666666667,1.4018232558524975,1066.8620777325007
IPL26-226,Heinrich Klaasen,WICKET_KEEPER,1.5,,80,50,26.0,0.0,150.0,80,88.66666666666667,2.056496034971418,1776.2312766287735
IPL26-231,Harshal Patel,BOWLER,2.0,,50,88,35.0,0.0,200.0,88,55.666666666666664,6.612696565342305,2130.4846564857376
IPL26-232,Jaydev Unadkat,BOWLER,2.0,,50,81,33.0,0.0,200.0,81,55.666666666666664,0.7863685538773854,1140.3857738928134
IPL26-252,Gus Atkinson,BOWLER,1.0,,50,80,28.0,0.0,100.0,80,55.666666666666664,0.48040810542720425,1090.957516668426
IPL26-279,Karn Sharma,BOWLER,2.0,,50,80,38.0,0.0,200.0,80,55.666666666666664,3.666716768994361,200.0
IPL26-286,Taskin Ahmed,BOWLER,1.0,,50,80,31.0,0.0,100.0,80,55.666666666666664,1.2544884462539367,1362.0220977096874
IPL26-003,Sanju Samson,WICKET_KEEPER,2.0,,85,50,31.0,0.0,200.0,85,88.66666666666667,1.7239714626912603,1674.686998110643
IPL26-011,Khaleel Ahmed,BOWLER,2.0,,50,80,26.0,0.0,200.0,80,55.666666666666664,0.8662701994276225,1655.9433739754436
IPL26-024,Zak Foulkes,BOWLER,1.0,,50,81,24.0,0.0,100.0,81,55.666666666666664,2.8872231950744265,1273.5892280894045
IPL26-026,KL Rahul,WICKET_KEEPER,2.0,,87,50,34.0,1380.75,200.0,87,88.66666666666667,9.827198262603536,2500.0
IPL26-027,Axar Patel,ALL_ROUNDER,2.0,,71,86,32.0,0.0,200.0,86,85.0,0.1473127521660923,2344.5491708800473
IPL26-030,Mitchell Starc,BOWLER,1.5,,50,80,36.0,0.0,150.0,80,55.666666666666664,0.9897545507261746,645.0605245417918
IPL26-045,David Miller,BATSMAN,2.0,,80,50,26.0,0.0,200.0,80,70.66666666666667,0.2398493534141356,1302.3292077108008
IPL26-046,Ben Duckett,BATSMAN,1.0,,84,50,31.0,0.0,100.0,84,70.66666666666667,-0.08642546545246041,1477.7907232087898
IPL26-051,Shubman Gill,BATSMAN,2.0,,84,50,26.0,1502.36,200.0,84,70.66666666666667,8.142098548601712,2091.4661606670857
IPL26-052,Rashid Khan,ALL_ROUNDER,2.0,,63,83,26.0,1036.91,200.0,83,85.0,10.0,1761.765094838695
IPL26-053,Jos Buttler,WICKET_KEEPER,2.0,,86,50,35.0,0.0,200.0,86,88.66666666666667,-0.1582136318063352,1767.8851548418152
IPL26-054,Kagiso Rabada,BOWLER,2.0,,50,89,31.0,0.0,200.0,89,55.666666666666664,3.8323826403813492,2277.965546805808
IPL26-056,Sai Sudharsan,BATSMAN,1.5,,83,50,24.0,1572.25,150.0,83,70.66666666666667,10.0,1927.3815730635206
IPL26-076,Sunil Narine,ALL_ROUNDER,2.0,,70,98,37.0,0.0,200.0,98,85.0,3.6137758395977935,2418.137561774789
IPL26-077,Varun Chakravarthy,BOWLER,2.0,,50,85,34.0,0.0,200.0,85,55.666666666666664,3.371441997480012,2015.6679352850051
IPL26-101,Rishabh Pant,WICKET_KEEPER,2.0,,82,50,28.0,0.0,200.0,82,88.66666666666667,0.4472795851188046,2043.1061450353786
IPL26-127,Jasprit Bumrah,BOWLER,2.0,,50,95,32.0,0.0,200.0,95,55.666666666666664,2.2282588288168714,2500.0
IPL26-128,Suryakumar Yadav,BATSMAN,2.0,,84,50,35.0,0.0,200.0,84,70.66666666666667,4.0132694864040435,1554.065454527233
IPL26-131,Trent Boult,BOWLER,2.0,,50,87,36.0,0.0,200.0,87,55.666666666666664,5.773625386771757,1542.1305630857046
IPL26-132,Deepak Chahar,BOWLER,2.0,,50,80,26.0,0.0,200.0,80,55.666666666666664,-0.6422166240667588,1670.0174377610094
IPL26-137,Shardul Thakur,ALL_ROUNDER,2.0,,62,82,34.0,0.0,200.0,82,85.0,2.038243301382426,1301.764821598804
IPL26-151,Shreyas Iyer,BATSMAN,2.0,,83,50,31.0,0.0,200.0,83,70.66666666666667,1.2104864064517626,1970.229769261909
IPL26-153,Yuzvendra Chahal,BOWLER,2.0,,50,100,35.0,0.0,200.0,100,55.666666666666664,6.023865013735111,2500.0
IPL26-177,Ravindra Jadeja,ALL_ROUNDER,2.0,,76,91,37.0,0.0,200.0,91,85.0,8.246328075311736,1979.656790408671
IPL26-179,Jofra Archer,BOWLER,1.5,,50,80,31.0,0.0,150.0,80,55.666666666666664,1.8086219772582053,1301.2276470397571
IPL26-184,Vaibhav Suryavanshi,BATSMAN,0.5,,80,50,26.0,0.0,50.0,80,70.66666666666667,-2.9796499393120044,1657.3285392290397
IPL26-200,Virat Kohli,BATSMAN,2.0,,100,50,37.0,0.0,200.0,100,70.66666666666667,4.991259818046391,2378.057230654117
IPL26-205,Krunal Pandya,ALL_ROUNDER,2.0,,71,82,35.0,0.0,200.0,82,85.0,-1.0094673036429804,1283.9761269214944
IPL26-206,Bhuvneshwar Kumar,BOWLER,2.0,,50,98,36.0,0.0,200.0,98,55.666666666666664,6.290372668959566,2321.973459712645
IPL26-218,Jordan Cox,WICKET_KEEPER,1.0,,80,50,34.0,0.0,100.0,80,88.66666666666667,1.7319982042759428,1163.3987379393386
IPL26-226,Heinrich Klaasen,WICKET_KEEPER,1.5,,80,50,26.0,0.0,150.0,80,88.66666666666667,2.0537911680349428,1936.9563026463013
IPL26-231,Harshal Patel,BOWLER,2.0,,50,88,35.0,0.0,200.0,88,55.666666666666664,7.274993494231466,2323.2648458389617
IPL26-232,Jaydev Unadkat,BOWLER,2.0,,50,81,33.0,0.0,200.0,81,55.666666666666664,1.4303591305398407,1243.575339120387
IPL26-252,Gus Atkinson,BOWLER,1.0,,50,80,28.0,0.0,100.0,80,55.666666666666664,-2.0580590966859496,1189.6744898225909
IPL26-279,Karn Sharma,BOWLER,2.0,,50,80,38.0,0.0,200.0,80,55.666666666666664,3.0710175218020623,209.1526329254518
IPL26-286,Taskin Ahmed,BOWLER,1.0,,50,80,31.0,0.0,100.0,80,55.666666666666664,3.1977706110210216,1485.2667674614345
IPL26-003,Sanju Samson,WICKET_KEEPER,2.0,,85,50,31.0,0.0,200.0,85,88.66666666666667,1.8577678949054237,1552.758519472389
IPL26-011,Khaleel Ahmed,BOWLER,2.0,,50,80,26.0,0.0,200.0,80,55.666666666666664,3.143277212105044,1535.3795572576264
IPL26-024,Zak Foulkes,BOWLER,1.0,,50,81,24.0,0.0,100.0,81,55.666666666666664,4.594474279629814,1180.8633651871419
IPL26-026,KL Rahul,WICKET_KEEPER,2.0,,87,50,34.0,1380.75,200.0,87,88.66666666666667,10.0,2402.928849425236
IPL26-027,Axar Patel,ALL_ROUNDER,2.0,,71,86,32.0,0.0,200.0,86,85.0,-1.466319348708592,2173.850220078796
IPL26-030,Mitchell Starc,BOWLER,1.5,,50,80,36.0,0.0,150.0,80,55.666666666666664,1.9666877537844931,598.0957792038821
IPL26-045,David Miller,BATSMAN,2.0,,80,50,26.0,0.0,200.0,80,70.66666666666667,-0.6158129247960891,1207.5108809658711
IPL26-046,Ben Duckett,BATSMAN,1.0,,84,50,31.0,0.0,100.0,84,70.66666666666667,-1.704330028940908,1370.1976178524726
IPL26-051,Shubman Gill,BATSMAN,2.0,,84,50,26.0,1502.36,200.0,84,70.66666666666667,9.404896561352276,1939.193355431704
IPL26-052,Rashid Khan,ALL_ROUNDER,2.0,,63,83,26.0,1036.91,200.0,83,85.0,9.717113279480374,1633.4967450073498
IPL26-053,Jos Buttler,WICKET_KEEPER,2.0,,86,50,35.0,0.0,200.0,86,88.66666666666667,-1.0754448343140695,1639.1712234742204
IPL26-054,Kagiso Rabada,BOWLER,2.0,,50,89,31.0,0.0,200.0,89,55.666666666666664,3.162210147315224,2112.114331727562
IPL26-056,Sai Sudharsan,BATSMAN,1.5,,83,50,24.0,1572.25,150.0,83,70.66666666666667,10.0,1787.055229559232
IPL26-076,Sunil Narine,ALL_ROUNDER,2.0,,70,98,37.0,0.0,200.0,98,85.0,4.315115534663221,2242.080881106789
IPL26-077,Varun Chakravarthy,BOWLER,2.0,,50,85,34.0,0.0,200.0,85,55.666666666666664,3.3145408515255177,1868.9137507320218
IPL26-101,Rishabh Pant,WICKET_KEEPER,2.0,,82,50,28.0,0.0,200.0,82,88.66666666666667,0.7664016740849954,1894.3542742429995
IPL26-127,Jasprit Bumrah,BOWLER,2.0,,50,95,32.0,0.0,200.0,95,55.666666666666664,3.955124978905334,2424.0614291765414
IPL26-128,Suryakumar Yadav,BATSMAN,2.0,,84,50,35.0,0.0,200.0,84,70.66666666666667,2.0088193904965816,1440.9190356510214
IPL26-131,Trent Boult,BOWLER,2.0,,50,87,36.0,0.0,200.0,87,55.666666666666664,2.7046872353784552,1429.8530845892894
IPL26-132,Deepak Chahar,BOWLER,2.0,,50,80,26.0,0.0,200.0,80,55.666666666666664,0.8018498301498374,1548.4289345271043
IPL26-137,Shardul Thakur,ALL_ROUNDER,2.0,,62,82,34.0,0.0,200.0,82,85.0,3.134093798940124,1206.9875859593033
IPL26-151,Shreyas Iyer,BATSMAN,2.0,,83,50,31.0,0.0,200.0,83,70.66666666666667,1.3228023892414225,1826.783788845913
IPL26-153,Yuzvendra Chahal,BOWLER,2.0,,50,100,35.0,0.0,200.0,100,55.666666666666664,4.45200931464674,2424.0614291765414
IPL26-177,Ravindra Jadeja,ALL_ROUNDER,2.0,,76,91,37.0,0.0,200.0,91,85.0,6.663983706290027,1835.5244594401167
IPL26-179,Jofra Archer,BOWLER,1.5,,50,80,31.0,0.0,150.0,80,55.666666666666664,0.19402875835959016,1206.4895213215862
IPL26-184,Vaibhav Suryavanshi,BATSMAN,0.5,,80,50,26.0,0.0,50.0,80,70.66666666666667,-0.36927757076418355,1536.663873163121
IPL26-200,Virat Kohli,BATSMAN,2.0,,100,50,37.0,0.0,200.0,100,70.66666666666667,6.0721495156597305,2204.918667701472
IPL26-205,Krunal Pandya,ALL_ROUNDER,2.0,,71,82,35.0,0.0,200.0,82,85.0,-0.20518858358552006,1190.4940279143386
IPL26-206,Bhuvneshwar Kumar,BOWLER,2.0,,50,98,36.0,0.0,200.0,98,55.666666666666664,6.463611462924807,2152.918172545209
IPL26-218,Jordan Cox,WICKET_KEEPER,1.0,,80,50,34.0,0.0,100.0,80,88.66666666666667,1.9475466932644816,1078.6954839422376
IPL26-226,Heinrich Klaasen,WICKET_KEEPER,1.5,,80,50,26.0,0.0,150.0,80,88.66666666666667,4.010092696399959,1795.932854421717
IPL26-231,Harshal Patel,BOWLER,2.0,,50,88,35.0,0.0,200.0,88,55.666666666666664,7.138616528220695,2154.1155370747174
IPL26-232,Jaydev Unadkat,BOWLER,2.0,,50,81,33.0,0.0,200.0,81,55.666666666666664,2.148669483147395,1153.034689230549
IPL26-252,Gus Atkinson,BOWLER,1.0,,50,80,28.0,0.0,100.0,80,55.666666666666664,-1.601333937283981,1103.0581843383668
IPL26-279,Karn Sharma,BOWLER,2.0,,50,80,38.0,0.0,200.0,80,55.666666666666664,-0.02253691884882003,200.0
IPL26-286,Taskin Ahmed,BOWLER,1.0,,50,80,31.0,0.0,100.0,80,55.666666666666664,3.072822916697495,1377.1293557941556
IPL26-003,Sanju Samson,WICKET_KEEPER,2.0,,85,50,31.0,0.0,200.0,85,88.66666666666667,2.073240918263689,1614.9405338522693
IPL26-011,Khaleel Ahmed,BOWLER,2.0,,50,80,26.0,0.0,200.0,80,55.666666666666664,2.4809646093000786,1596.8656109554083
IPL26-024,Zak Foulkes,BOWLER,1.0,,50,81,24.0,0.0,100.0,81,55.666666666666664,0.846191084813233,1228.1524071301806
IPL26-026,KL Rahul,WICKET_KEEPER,2.0,,87,50,34.0,1380.75,200.0,87,88.66666666666667,10.0,2499.1569199172013
IPL26-027,Axar Patel,ALL_ROUNDER,2.0,,71,86,32.0,0.0,200.0,86,85.0,1.6954333193466766,2260.904571382936
IPL26-030,Mitchell Starc,BOWLER,1.5,,50,80,36.0,0.0,150.0,80,55.666666666666664,0.7445788580508361,622.0472178059633
IPL26-045,David Miller,BATSMAN,2.0,,80,50,26.0,0.0,200.0,80,70.66666666666667,0.0689372607881319,1255.867053559659
IPL26-046,Ben Duckett,BATSMAN,1.0,,84,50,31.0,0.0,100.0,84,70.66666666666667,-1.8643823829652757,1425.0687693600044
IPL26-051,Shubman Gill,BATSMAN,2.0,,84,50,26.0,1502.36,200.0,84,70.66666666666667,10.0,2016.8506006508737
IPL26-052,Rashid Khan,ALL_ROUNDER,2.0,,63,83,26.0,1036.91,200.0,83,85.0,10.0,1698.9120151950467
IPL26-053,Jos Buttler,WICKET_KEEPER,2.0,,86,50,35.0,0.0,200.0,86,88.66666666666667,0.018795648698520795,1704.8137347281877
IPL26-054,Kagiso Rabada,BOWLER,2.0,,50,89,31.0,0.0,200.0,89,55.666666666666664,3.191318630819393,2196.6963978379194
IPL26-056,Sai Sudharsan,BATSMAN,1.5,,83,50,24.0,1572.25,150.0,83,70.66666666666667,9.410728348210693,1858.6199272173396
IPL26-076,Sunil Narine,ALL_ROUNDER,2.0,,70,98,37.0,0.0,200.0,98,85.0,2.1539923666699927,2331.867608303243
IPL26-077,Varun Chakravarthy,BOWLER,2.0,,50,85,34.0,0.0,200.0,85,55.666666666666664,4.058103904006618,1943.756567735056
IPL26-101,Rishabh Pant,WICKET_KEEPER,2.0,,82,50,28.0,0.0,200.0,82,88.66666666666667,2.2421195431656824,1970.2158864926564
IPL26-127,Jasprit Bumrah,BOWLER,2.0,,50,95,32.0,0.0,200.0,95,55.666666666666664,1.3947498057751893,2500.0
IPL26-128,Suryakumar Yadav,BATSMAN,2.0,,84,50,35.0,0.0,200.0,84,70.66666666666667,4.416373844407396,1498.6223082922431
IPL26-131,Trent Boult,BOWLER,2.0,,50,87,36.0,0.0,200.0,87,55.666666666666664,4.91136120195978,1487.113208396086
IPL26-132,Deepak Chahar,BOWLER,2.0,,50,80,26.0,0.0,200.0,80,55.666666666666664,0.9954884573910887,1610.4375656603622
IPL26-137,Shardul Thakur,ALL_ROUNDER,2.0,,62,82,34.0,0.0,200.0,82,85.0,0.6501128056440371,1255.322802598115
IPL26-151,Shreyas Iyer,BATSMAN,2.0,,83,50,31.0,0.0,200.0,83,70.66666666666667,0.7492766260300898,1899.9394627014628
IPL26-153,Yuzvendra Chahal,BOWLER,2.0,,50,100,35.0,0.0,200.0,100,55.666666666666664,4.702138858700368,2500.0
IPL26-177,Ravindra Jadeja,ALL_ROUNDER,2.0,,76,91,37.0,0.0,200.0,91,85.0,8.083695678515152,1909.0301635790381
IPL26-179,Jofra Archer,BOWLER,1.5,,50,80,31.0,0.0,150.0,80,55.666666666666664,1.6637653637214198,1254.804792384781
IPL26-184,Vaibhav Suryavanshi,BATSMAN,0.5,,80,50,26.0,0.0,50.0,80,70.66666666666667,-1.3952479483171338,1598.2013587797123
IPL26-200,Virat Kohli,BATSMAN,2.0,,100,50,37.0,0.0,200.0,100,70.66666666666667,5.126586440252575,2293.217190995401
IPL26-205,Krunal Pandya,ALL_ROUNDER,2.0,,71,82,35.0,0.0,200.0,82,85.0,-2.2672824338344446,1238.1687409071128
IPL26-206,Bhuvneshwar Kumar,BOWLER,2.0,,50,98,36.0,0.0,200.0,98,55.666666666666664,6.873883703952945,2239.1342757480434
IPL26-218,Jordan Cox,WICKET_KEEPER,1.0,,80,50,34.0,0.0,100.0,80,88.66666666666667,0.9829604160728602,1121.8930946800617
IPL26-226,Heinrich Klaasen,WICKET_KEEPER,1.5,,80,50,26.0,0.0,150.0,80,88.66666666666667,4.555220813260965,1867.8530668555836
IPL26-231,Harshal Patel,BOWLER,2.0,,50,88,35.0,0.0,200.0,88,55.666666666666664,6.109201315701386,2240.379590127743
IPL26-232,Jaydev Unadkat,BOWLER,2.0,,50,81,33.0,0.0,200.0,81,55.666666666666664,2.2998058406121094,1199.2092995946878
IPL26-252,Gus Atkinson,BOWLER,1.0,,50,80,28.0,0.0,100.0,80,55.666666666666664,-0.4628537060629463,1147.231427647107
IPL26-279,Karn Sharma,BOWLER,2.0,,50,80,38.0,0.0,200.0,80,55.666666666666664,1.5785792312541083,201.69086226518917
IPL26-286,Taskin Ahmed,BOWLER,1.0,,50,80,31.0,0.0,100.0,80,55.666666666666664,1.508175529998291,1432.278096780645
IPL26-003,Sanju Samson,WICKET_KEEPER,2.0,,85,50,31.0,0.0,200.0,85,88.66666666666667,1.382563520311551,1534.0276543061666
IPL26-011,Khaleel Ahmed,BOWLER,2.0,,50,80,26.0,0.0,200.0,80,55.666666666666664,2.446824989129774,1516.8583338315016
IPL26-024,Zak Foulkes,BOWLER,1.0,,50,81,24.0,0.0,100.0,81,55.666666666666664,2.1667471527197257,1166.618656692116
IPL26-026,KL Rahul,WICKET_KEEPER,2.0,,87,50,34.0,1380.75,200.0,87,88.66666666666667,9.818614596890715,2373.942412887825
IPL26-027,Axar Patel,ALL_ROUNDER,2.0,,71,86,32.0,0.0,200.0,86,85.0,-1.1189617405272996,2147.627150069369
IPL26-030,Mitchell Starc,BOWLER,1.5,,50,80,36.0,0.0,150.0,80,55.666666666666664,-0.7022486639612975,590.8809732593227
IPL26-045,David Miller,BATSMAN,2.0,,80,50,26.0,0.0,200.0,80,70.66666666666667,0.9949493587394644,1192.9447245323495
IPL26-046,Ben Duckett,BATSMAN,1.0,,84,50,31.0,0.0,100.0,84,70.66666666666667,-2.3803792454965356,1353.6689776877452
IPL26-051,Shubman Gill,BATSMAN,2.0,,84,50,26.0,1502.36,200.0,84,70.66666666666667,9.314001958280578,1915.8009419840753
IPL26-052,Rashid Khan,ALL_ROUNDER,2.0,,63,83,26.0,1036.91,200.0,83,85.0,9.072215890939239,1613.7919377907115
IPL26-053,Jos Buttler,WICKET_KEEPER,2.0,,86,50,35.0,0.0,200.0,86,88.66666666666667,-0.6957489493057757,1619.3979652462249
IPL26-054,Kagiso Rabada,BOWLER,2.0,,50,89,31.0,0.0,200.0,89,55.666666666666664,2.9803926724289775,2086.635979319824
IPL26-056,Sai Sudharsan,BATSMAN,1.5,,83,50,24.0,1572.25,150.0,83,70.66666666666667,10.0,1765.4980523615563
IPL26-076,Sunil Narine,ALL_ROUNDER,2.0,,70,98,37.0,0.0,200.0,98,85.0,4.829633276637682,2215.03474730741
IPL26-077,Varun Chakravarthy,BOWLER,2.0,,50,85,34.0,0.0,200.0,85,55.666666666666664,2.1055737374447654,1846.3691174015567
IPL26-101,Rishabh Pant,WICKET_KEEPER,2.0,,82,50,28.0,0.0,200.0,82,88.66666666666667,3.3211805470501266,1871.5027528744613
IPL26-127,Jasprit Bumrah,BOWLER,2.0,,50,95,32.0,0.0,200.0,95,55.666666666666664,2.1611839929444905,2394.820071157798
IPL26-128,Suryakumar Yadav,BATSMAN,2.0,,84,50,35.0,0.0,200.0,84,70.66666666666667,2.999061649149802,1423.5372857950338
IPL26-131,Trent Boult,BOWLER,2.0,,50,87,36.0,0.0,200.0,87,55.666666666666664,4.8481529702140955,1412.6048228672737
IPL26-132,Deepak Chahar,BOWLER,2.0,,50,80,26.0,0.0,200.0,80,55.666666666666664,2.0404765648278014,1529.750296974396
IPL26-137,Shardul Thakur,ALL_ROUNDER,2.0,,62,82,34.0,0.0,200.0,82,85.0,1.449958216366488,1192.4277420129374
IPL26-151,Shreyas Iyer,BATSMAN,2.0,,83,50,31.0,0.0,200.0,83,70.66666666666667,0.31836276846747547,1804.7473675945644
IPL26-153,Yuzvendra Chahal,BOWLER,2.0,,50,100,35.0,0.0,200.0,100,55.666666666666664,6.341487638660647,2394.820071157798
IPL26-177,Ravindra Jadeja,ALL_ROUNDER,2.0,,76,91,37.0,0.0,200.0,91,85.0,6.7475376928245225,1813.3825998219459
IPL26-179,Jofra Archer,BOWLER,1.5,,50,80,31.0,0.0,150.0,80,55.666666666666664,-0.4941840397811367,1191.9356855094252
IPL26-184,Vaibhav Suryavanshi,BATSMAN,0.5,,80,50,26.0,0.0,50.0,80,70.66666666666667,-3.2190765160584407,1518.1271570845618
IPL26-200,Virat Kohli,BATSMAN,2.0,,100,50,37.0,0.0,200.0,100,70.66666666666667,5.010563944015689,2178.320820225976
IPL26-205,Krunal Pandya,ALL_ROUNDER,2.0,,71,82,35.0,0.0,200.0,82,85.0,-2.0813047623739935,1176.13314511227
IPL26-206,Bhuvneshwar Kumar,BOWLER,2.0,,50,98,36.0,0.0,200.0,98,55.666666666666664,6.320324947728566,2126.9476050048315
IPL26-218,Jordan Cox,WICKET_KEEPER,1.0,,80,50,34.0,0.0,100.0,80,88.66666666666667,2.0284574715455546,1065.6832225946068
IPL26-226,Heinrich Klaasen,WICKET_KEEPER,1.5,,80,50,26.0,0.0,150.0,80,88.66666666666667,2.2456970978739648,1774.268586783248
IPL26-231,Harshal Patel,BOWLER,2.0,,50,88,35.0,0.0,200.0,88,55.666666666666664,7.389457941966822,2128.1305257729464
IPL26-232,Jaydev Unadkat,BOWLER,2.0,,50,81,33.0,0.0,200.0,81,55.666666666666664,0.9642205186688577,1139.1256769629535
IPL26-252,Gus Atkinson,BOWLER,1.0,,50,80,28.0,0.0,100.0,80,55.666666666666664,-2.98783324656628,1089.7520366906563
IPL26-279,Karn Sharma,BOWLER,2.0,,50,80,38.0,0.0,200.0,80,55.666666666666664,2.6352780347808684,200.0
IPL26-286,Taskin Ahmed,BOWLER,1.0,,50,80,31.0,0.0,100.0,80,55.666666666666664,2.2124397856770526,1360.5170983462995
IPL26-003,Sanju Samson,WICKET_KEEPER,2.0,,85,50,31.0,0.0,200.0,85,88.66666666666667,3.1142038852491734,1615.4941945255216
IPL26-011,Khaleel Ahmed,BOWLER,2.0,,50,80,26.0,0.0,200.0,80,55.666666666666664,3.396505582803762,1597.4130748840932
IPL26-024,Zak Foulkes,BOWLER,1.0,,50,81,24.0,0.0,100.0,81,55.666666666666664,1.9675550638439652,1228.5734626887813
IPL26-026,KL Rahul,WICKET_KEEPER,2.0,,87,50,34.0,1380.75,200.0,87,88.66666666666667,8.423003517809002,2500.0
IPL26-027,Axar Patel,ALL_ROUNDER,2.0,,71,86,32.0,0.0,200.0,86,85.0,-1.427431846621425,2261.6796921511077
IPL26-030,Mitchell Starc,BOWLER,1.5,,50,80,36.0,0.0,150.0,80,55.666666666666664,0.4744745354325507,622.2604783404448
IPL26-045,David Miller,BATSMAN,2.0,,80,50,26.0,0.0,200.0,80,70.66666666666667,0.8973399461983019,1256.2976107125783
IPL26-046,Ben Duckett,BATSMAN,1.0,,84,50,31.0,0.0,100.0,84,70.66666666666667,1.6571203188780075,1425.5573350487932
IPL26-051,Shubman Gill,BATSMAN,2.0,,84,50,26.0,1502.36,200.0,84,70.66666666666667,8.614012057601002,2017.542050792844
IPL26-052,Rashid Khan,ALL_ROUNDER,2.0,,63,83,26.0,1036.91,200.0,83,85.0,10.0,1699.4944643629337
IPL26-053,Jos Buttler,WICKET_KEEPER,2.0,,86,50,35.0,0.0,200.0,86,88.66666666666667,1.0327410105314287,1705.3982072213562
IPL26-054,Kagiso Rabada,BOWLER,2.0,,50,89,31.0,0.0,200.0,89,55.666666666666664,5.465172217161043,2197.449505696112
IPL26-056,Sai Sudharsan,BATSMAN,1.5,,83,50,24.0,1572.25,150.0,83,70.66666666666667,9.595602576816038,1859.2571300979737
IPL26-076,Sunil Narine,ALL_ROUNDER,2.0,,70,98,37.0,0.0,200.0,98,85.0,3.737585452108282,2332.667057795584
IPL26-077,Varun Chakravarthy,BOWLER,2.0,,50,85,34.0,0.0,200.0,85,55.666666666666664,3.7931129348803827,1944.4229585694998
IPL26-101,Rishabh Pant,WICKET_KEEPER,2.0,,82,50,28.0,0.0,200.0,82,88.66666666666667,1.5238296533333877,1970.8913485491855
IPL26-127,Jasprit Bumrah,BOWLER,2.0,,50,95,32.0,0.0,200.0,95,55.666666666666664,2.8416343912266164,2500.0
IPL26-128,Suryakumar Yadav,BATSMAN,2.0,,84,50,35.0,0.0,200.0,84,70.66666666666667,3.2625102557267582,1499.1360908240251
IPL26-131,Trent Boult,BOWLER,2.0,,50,87,36.0,0.0,200.0,87,55.666666666666664,1.8050438958460928,1487.623045187537
IPL26-132,Deepak Chahar,BOWLER,2.0,,50,80,26.0,0.0,200.0,80,55.666666666666664,0.27796330230792654,1610.9896825514452
IPL26-137,Shardul Thakur,ALL_ROUNDER,2.0,,62,82,34.0,0.0,200.0,82,85.0,2.1184184577911194,1255.7531731619015
IPL26-151,Shreyas Iyer,BATSMAN,2.0,,83,50,31.0,0.0,200.0,83,70.66666666666667,1.8926258846672632,1900.590831429913
IPL26-153,Yuzvendra Chahal,BOWLER,2.0,,50,100,35.0,0.0,200.0,100,55.666666666666664,6.897970364187223,2500.0
IPL26-177,Ravindra Jadeja,ALL_ROUNDER,2.0,,76,91,37.0,0.0,200.0,91,85.0,6.905977232829405,1909.6846489321954
IPL26-179,Jofra Archer,BOWLER,1.5,,50,80,31.0,0.0,150.0,80,55.666666666666664,-0.5356714482705747,1255.2349853557225
IPL26-184,Vaibhav Suryavanshi,BATSMAN,0.5,,80,50,26.0,0.0,50.0,80,70.66666666666667,-0.10977355992753135,1598.7492806515995
IPL26-200,Virat Kohli,BATSMAN,2.0,,100,50,37.0,0.0,200.0,100,70.66666666666667,4.5372064122147515,2294.0033897112457
IPL26-205,Krunal Pandya,ALL_ROUNDER,2.0,,71,82,35.0,0.0,200.0,82,85.0,-1.7910285091050917,1238.593230431229
IPL26-206,Bhuvneshwar Kumar,BOWLER,2.0,,50,98,36.0,0.0,200.0,98,55.666666666666664,5.4968577078029455,2239.9019328627332
IPL26-218,Jordan Cox,WICKET_KEEPER,1.0,,80,50,34.0,0.0,100.0,80,88.66666666666667,2.788400323953124,1122.2777206604599
IPL26-226,Heinrich Klaasen,WICKET_KEEPER,1.5,,80,50,26.0,0.0,150.0,80,88.66666666666667,3.1345547658419566,1868.4934351941408
IPL26-231,Harshal Patel,BOWLER,2.0,,50,88,35.0,0.0,200.0,88,55.666666666666664,5.100960618155632,2241.1476741817432
IPL26-232,Jaydev Unadkat,BOWLER,2.0,,50,81,33.0,0.0,200.0,81,55.666666666666664,0.1770552048670695,1199.6204323975783
IPL26-252,Gus Atkinson,BOWLER,1.0,,50,80,28.0,0.0,100.0,80,55.666666666666664,-1.749139429334436,1147.6247405346671
IPL26-279,Karn Sharma,BOWLER,2.0,,50,80,38.0,0.0,200.0,80,55.666666666666664,1.638353675473521,201.7600092685926
IPL26-286,Taskin Ahmed,BOWLER,1.0,,50,80,31.0,0.0,100.0,80,55.666666666666664,2.453415560454247,1432.7691340905183
IPL26-003,Sanju Samson,WICKET_KEEPER,2.0,,85,50,31.0,0.0,200.0,85,88.66666666666667,2.141677153545603,1611.9739869505058
IPL26-011,Khaleel Ahmed,BOWLER,2.0,,50,80,26.0,0.0,200.0,80,55.666666666666664,3.6763337762780686,1593.9322665805464
IPL26-024,Zak Foulkes,BOWLER,1.0,,50,81,24.0,0.0,100.0,81,55.666666666666664,1.2691647270533024,1225.8963663398895
IPL26-026,KL Rahul,WICKET_KEEPER,2.0,,87,50,34.0,1380.75,200.0,87,88.66666666666667,10.0,2494.566121641728
IPL26-027,Axar Patel,ALL_ROUNDER,2.0,,71,86,32.0,0.0,200.0,86,85.0,-0.4116574289989599,2256.751428087053
IPL26-030,Mitchell Starc,BOWLER,1.5,,50,80,36.0,0.0,150.0,80,55.666666666666664,1.7895947429056556,620.9045551456046
IPL26-045,David Miller,BATSMAN,2.0,,80,50,26.0,0.0,200.0,80,70.66666666666667,1.546692580526686,1253.560102660435
IPL26-046,Ben Duckett,BATSMAN,1.0,,84,50,31.0,0.0,100.0,84,70.66666666666667,-1.8370187005444703,1422.4510052665735
IPL26-051,Shubman Gill,BATSMAN,2.0,,84,50,26.0,1502.36,200.0,84,70.66666666666667,10.0,2013.1457695594104
IPL26-052,Rashid Khan,ALL_ROUNDER,2.0,,63,83,26.0,1036.91,200.0,83,85.0,10.0,1695.7912178223885
IPL26-053,Jos Buttler,WICKET_KEEPER,2.0,,86,50,35.0,0.0,200.0,86,88.66666666666667,0.12042172611695623,1701.682096258022
IPL26-054,Kagiso Rabada,BOWLER,2.0,,50,89,31.0,0.0,200.0,89,55.666666666666664,1.8496778432664027,2192.6612010263216
IPL26-056,Sai Sudharsan,BATSMAN,1.5,,83,50,24.0,1572.25,150.0,83,70.66666666666667,10.0,1855.2057561868498
IPL26-076,Sunil Narine,ALL_ROUNDER,2.0,,70,98,37.0,0.0,200.0,98,85.0,4.349083732130742,2327.584110252554
IPL26-077,Varun Chakravarthy,BOWLER,2.0,,50,85,34.0,0.0,200.0,85,55.666666666666664,5.15867291428014,1940.1860059075923
IPL26-101,Rishabh Pant,WICKET_KEEPER,2.0,,82,50,28.0,0.0,200.0,82,88.66666666666667,2.7287477165753793,1966.596720516348
IPL26-127,Jasprit Bumrah,BOWLER,2.0,,50,95,32.0,0.0,200.0,95,55.666666666666664,3.494704296411962,2500.0
IPL26-128,Suryakumar Yadav,BATSMAN,2.0,,84,50,35.0,0.0,200.0,84,70.66666666666667,1.282157512878326,1495.8694308503889
IPL26-131,Trent Boult,BOWLER,2.0,,50,87,36.0,0.0,200.0,87,55.666666666666664,4.4695627715632,1484.3814724662093
IPL26-132,Deepak Chahar,BOWLER,2.0,,50,80,26.0,0.0,200.0,80,55.666666666666664,-0.996615752967635,1607.4792904355172
IPL26-137,Shardul Thakur,ALL_ROUNDER,2.0,,62,82,34.0,0.0,200.0,82,85.0,2.227218428945399,1253.0168514545908
IPL26-151,Shreyas Iyer,BATSMAN,2.0,,83,50,31.0,0.0,200.0,83,70.66666666666667,0.8987749486504297,1896.4493902136726
IPL26-153,Yuzvendra Chahal,BOWLER,2.0,,50,100,35.0,0.0,200.0,100,55.666666666666664,4.640941260675764,2500.0
IPL26-177,Ravindra Jadeja,ALL_ROUNDER,2.0,,76,91,37.0,0.0,200.0,91,85.0,7.063728167813888,1905.523392030225
IPL26-179,Jofra Archer,BOWLER,1.5,,50,80,31.0,0.0,150.0,80,55.666666666666664,-0.6807618151747902,1252.4997927943084
IPL26-184,Vaibhav Suryavanshi,BATSMAN,0.5,,80,50,26.0,0.0,50.0,80,70.66666666666667,-2.63956304812342,1595.2655607178651
IPL26-200,Virat Kohli,BATSMAN,2.0,,100,50,37.0,0.0,200.0,100,70.66666666666667,5.2334130006763635,2289.0046913953133
IPL26-205,Krunal Pandya,ALL_ROUNDER,2.0,,71,82,35.0,0.0,200.0,82,85.0,-0.9547184671205307,1235.8943007248254
IPL26-206,Bhuvneshwar Kumar,BOWLER,2.0,,50,98,36.0,0.0,200.0,98,55.666666666666664,3.145389543362344,2235.021123152568
IPL26-218,Jordan Cox,WICKET_KEEPER,1.0,,80,50,34.0,0.0,100.0,80,88.66666666666667,-0.42876701451428856,1119.8322457420554
IPL26-226,Heinrich Klaasen,WICKET_KEEPER,1.5,,80,50,26.0,0.0,150.0,80,88.66666666666667,2.588060918566768,1864.4219351127867
IPL26-231,Harshal Patel,BOWLER,2.0,,50,88,35.0,0.0,200.0,88,55.666666666666664,6.19581692060228,2236.2641499659844
IPL26-232,Jaydev Unadkat,BOWLER,2.0,,50,81,33.0,0.0,200.0,81,55.666666666666664,0.8983349845981996,1197.006425521181
IPL26-252,Gus Atkinson,BOWLER,1.0,,50,80,28.0,0.0,100.0,80,55.666666666666664,-1.8694573509784487,1145.1240337425315
IPL26-279,Karn Sharma,BOWLER,2.0,,50,80,38.0,0.0,200.0,80,55.666666666666664,1.7250399147192483,201.32036849775642
IPL26-286,Taskin Ahmed,BOWLER,1.0,,50,80,31.0,0.0,100.0,80,55.666666666666664,2.154095106842473,1429.647089594063
IPL26-003,Sanju Samson,WICKET_KEEPER,2.0,,85,50,31.0,0.0,200.0,85,88.66666666666667,0.9889133007921593,1532.979482894518
IPL26-011,Khaleel Ahmed,BOWLER,2.0,,50,80,26.0,0.0,200.0,80,55.666666666666664,2.6915631865523424,1515.8218938842945
IPL26-024,Zak Foulkes,BOWLER,1.0,,50,81,24.0,0.0,100.0,81,55.666666666666664,2.8520253093758923,1165.8215287389087
IPL26-026,KL Rahul,WICKET_KEEPER,2.0,,87,50,34.0,1380.75,200.0,87,88.66666666666667,10.0,2372.3203439745926
IPL26-027,Axar Patel,ALL_ROUNDER,2.0,,71,86,32.0,0.0,200.0,86,85.0,-1.9613328415465134,2146.159717995857
IPL26-030,Mitchell Starc,BOWLER,1.5,,50,80,36.0,0.0,150.0,80,55.666666666666664,0.13662403006327145,590.4772357242666
IPL26-045,David Miller,BATSMAN,2.0,,80,50,26.0,0.0,200.0,80,70.66666666666667,1.1049335172960892,1192.1296084864152
IPL26-046,Ben Duckett,BATSMAN,1.0,,84,50,31.0,0.0,100.0,84,70.66666666666667,-0.7699695766552448,1352.74404186976
IPL26-051,Shubman Gill,BATSMAN,2.0,,84,50,26.0,1502.36,200.0,84,70.66666666666667,9.781346722564964,1914.4919122725441
IPL26-052,Rashid Khan,ALL_ROUNDER,2.0,,63,83,26.0,1036.91,200.0,83,85.0,9.908600442490885,1612.6892649876543
IPL26-053,Jos Buttler,WICKET_KEEPER,2.0,,86,50,35.0,0.0,200.0,86,88.66666666666667,-0.5372505956623221,1618.291461953088
IPL26-054,Kagiso Rabada,BOWLER,2.0,,50,89,31.0,0.0,200.0,89,55.666666666666664,3.24598096223573,2085.2102213330622
IPL26-056,Sai Sudharsan,BATSMAN,1.5,,83,50,24.0,1572.25,150.0,83,70.66666666666667,8.939394933603399,1764.2917217060353
IPL26-076,Sunil Narine,ALL_ROUNDER,2.0,,70,98,37.0,0.0,200.0,98,85.0,2.529139850260146,2213.5212569270907
IPL26-077,Varun Chakravarthy,BOWLER,2.0,,50,85,34.0,0.0,200.0,85,55.666666666666664,1.9387683119817662,1845.107529112207
IPL26-101,Rishabh Pant,WICKET_KEEPER,2.0,,82,50,28.0,0.0,200.0,82,88.66666666666667,2.3061634714662973,1870.223991258347
IPL26-127,Jasprit Bumrah,BOWLER,2.0,,50,95,32.0,0.0,200.0,95,55.666666666666664,0.8348326506255979,2393.183736944667
IPL26-128,Suryakumar Yadav,BATSMAN,2.0,,84,50,35.0,0.0,200.0,84,70.66666666666667,3.9801252095436377,1422.564610314121
IPL26-131,Trent Boult,BOWLER,2.0,,50,87,36.0,0.0,200.0,87,55.666666666666664,5.723639378328621,1411.6396173267283
IPL26-132,Deepak Chahar,BOWLER,2.0,,50,80,26.0,0.0,200.0,80,55.666666666666664,-0.7062867747373262,1528.7050481982424
IPL26-137,Shardul Thakur,ALL_ROUNDER,2.0,,62,82,34.0,0.0,200.0,82,85.0,-0.6108965336981464,1191.6129792111549
IPL26-151,Shreyas Iyer,BATSMAN,2.0,,83,50,31.0,0.0,200.0,83,70.66666666666667,1.7537902194782382,1803.514218641447
IPL26-153,Yuzvendra Chahal,BOWLER,2.0,,50,100,35.0,0.0,200.0,100,55.666666666666664,4.786924007178846,2393.183736944667
IPL26-177,Ravindra Jadeja,ALL_ROUNDER,2.0,,76,91,37.0,0.0,200.0,91,85.0,6.570313031691044,1812.1435505817456
IPL26-179,Jofra Archer,BOWLER,1.5,,50,80,31.0,0.0,150.0,80,55.666666666666664,-0.6478138530137866,1191.1212589203299
IPL26-184,Vaibhav Suryavanshi,BATSMAN,0.5,,80,50,26.0,0.0,50.0,80,70.66666666666667,-0.5711316632689141,1517.0898501749787
IPL26-200,Virat Kohli,BATSMAN,2.0,,100,50,37.0,0.0,200.0,100,70.66666666666667,6.03419487936635,2176.8324157615907
IPL26-205,Krunal Pandya,ALL_ROUNDER,2.0,,71,82,35.0,0.0,200.0,82,85.0,-2.1654773405466528,1175.3295160932375
IPL26-206,Bhuvneshwar Kumar,BOWLER,2.0,,50,98,36.0,0.0,200.0,98,55.666666666666664,4.046283961638363,2125.494302864298
IPL26-218,Jordan Cox,WICKET_KEEPER,1.0,,80,50,34.0,0.0,100.0,80,88.66666666666667,1.620648524213804,1064.955061870345
IPL26-226,Heinrich Klaasen,WICKET_KEEPER,1.5,,80,50,26.0,0.0,150.0,80,88.66666666666667,2.713295479138205,1773.056263391273
IPL26-231,Harshal Patel,BOWLER,2.0,,50,88,35.0,0.0,200.0,88,55.666666666666664,6.8897851526712115,2126.6764153655427
IPL26-232,Jaydev Unadkat,BOWLER,2.0,,50,81,33.0,0.0,200.0,81,55.666666666666664,0.1739070554266,1138.3473344307863
IPL26-252,Gus Atkinson,BOWLER,1.0,,50,80,28.0,0.0,100.0,80,55.666666666666664,-0.6302854207603632,1089.0074302114715
IPL26-279,Karn Sharma,BOWLER,2.0,,50,80,38.0,0.0,200.0,80,55.666666666666664,3.6507287607567958,200.0
IPL26-286,Taskin Ahmed,BOWLER,1.0,,50,80,31.0,0.0,100.0,80,55.666666666666664,2.8430729242686805,1359.5874833399844
IPL26-003,Sanju Samson,WICKET_KEEPER,2.0,,85,50,31.0,0.0,200.0,85,88.66666666666667,1.6753828903268582,1596.8761971441477
IPL26-011,Khaleel Ahmed,BOWLER,2.0,,50,80,26.0,0.0,200.0,80,55.666666666666664,1.6373778951386082,1579.003455991034
IPL26-024,Zak Foulkes,BOWLER,1.0,,50,81,24.0,0.0,100.0,81,55.666666666666664,0.516312187662765,1214.4145894544004
IPL26-026,KL Rahul,WICKET_KEEPER,2.0,,87,50,34.0,1380.75,200.0,87,88.66666666666667,10.0,2471.201951210009
IPL26-027,Axar Patel,ALL_ROUNDER,2.0,,71,86,32.0,0.0,200.0,86,85.0,-0.9729008562520399,2235.6146361894903
IPL26-030,Mitchell Starc,BOWLER,1.5,,50,80,36.0,0.0,150.0,80,55.666666666666664,0.052395086487184384,615.0891471183742
IPL26-045,David Miller,BATSMAN,2.0,,80,50,26.0,0.0,200.0,80,70.66666666666667,1.5686496080938517,1241.8192265093205
IPL26-046,Ben Duckett,BATSMAN,1.0,,84,50,31.0,0.0,100.0,84,70.66666666666667,-1.8427175483396099,1409.1282925793885
IPL26-051,Shubman Gill,BATSMAN,2.0,,84,50,26.0,1502.36,200.0,84,70.66666666666667,8.297865600025297,1994.2905945228292
IPL26-052,Rashid Khan,ALL_ROUNDER,2.0,,63,83,26.0,1036.91,200.0,83,85.0,9.402576634856771,1679.9083936767051
IPL26-053,Jos Buttler,WICKET_KEEPER,2.0,,86,50,35.0,0.0,200.0,86,88.66666666666667,0.6215296416564644,1685.7440979934536
IPL26-054,Kagiso Rabada,BOWLER,2.0,,50,89,31.0,0.0,200.0,89,55.666666666666664,2.639667178325463,2172.1246798431985
IPL26-056,Sai Sudharsan,BATSMAN,1.5,,83,50,24.0,1572.25,150.0,83,70.66666666666667,10.0,1837.8298513762252
IPL26-076,Sunil Narine,ALL_ROUNDER,2.0,,70,98,37.0,0.0,200.0,98,85.0,4.447170760559973,2305.7838976326893
IPL26-077,Varun Chakravarthy,BOWLER,2.0,,50,85,34.0,0.0,200.0,85,55.666666666666664,3.5062987621892203,1922.0141738932027
IPL26-101,Rishabh Pant,WICKET_KEEPER,2.0,,82,50,28.0,0.0,200.0,82,88.66666666666667,1.6680717811548538,1948.177525069901
IPL26-127,Jasprit Bumrah,BOWLER,2.0,,50,95,32.0,0.0,200.0,95,55.666666666666664,3.222482217482778,2492.9349593796096
IPL26-128,Suryakumar Yadav,BATSMAN,2.0,,84,50,35.0,0.0,200.0,84,70.66666666666667,2.9862525949088123,1481.859079301565
IPL26-131,Trent Boult,BOWLER,2.0,,50,87,36.0,0.0,200.0,87,55.666666666666664,3.9710482835875984,1470.478717430972
IPL26-132,Deepak Chahar,BOWLER,2.0,,50,80,26.0,0.0,200.0,80,55.666666666666664,-0.6542940209618676,1592.423598072279
IPL26-137,Shardul Thakur,ALL_ROUNDER,2.0,,62,82,34.0,0.0,200.0,82,85.0,0.9222803975365701,1241.2810634082373
IPL26-151,Shreyas Iyer,BATSMAN,2.0,,83,50,31.0,0.0,200.0,83,70.66666666666667,-0.09494200784465123,1878.6871964663603
IPL26-153,Yuzvendra Chahal,BOWLER,2.0,,50,100,35.0,0.0,200.0,100,55.666666666666664,5.955178777749715,2492.9349593796096
IPL26-177,Ravindra Jadeja,ALL_ROUNDER,2.0,,76,91,37.0,0.0,200.0,91,85.0,7.7381696884052555,1887.6762109486024
IPL26-179,Jofra Archer,BOWLER,1.5,,50,80,31.0,0.0,150.0,80,55.666666666666664,-0.1263841035837577,1240.768847532661
IPL26-184,Vaibhav Suryavanshi,BATSMAN,0.5,,80,50,26.0,0.0,50.0,80,70.66666666666667,-1.702877739274386,1580.324262461183
IPL26-200,Virat Kohli,BATSMAN,2.0,,100,50,37.0,0.0,200.0,100,70.66666666666667,4.54087026227096,2267.5658146043593
IPL26-205,Krunal Pandya,ALL_ROUNDER,2.0,,71,82,35.0,0.0,200.0,82,85.0,-2.2419754395529856,1224.3188829288356
IPL26-206,Bhuvneshwar Kumar,BOWLER,2.0,,50,98,36.0,0.0,200.0,98,55.666666666666664,5.360198437555643,2214.0878578497177
IPL26-218,Jordan Cox,WICKET_KEEPER,1.0,,80,50,34.0,0.0,100.0,80,88.66666666666667,3.3157643235873877,1109.343868137042
IPL26-226,Heinrich Klaasen,WICKET_KEEPER,1.5,,80,50,26.0,0.0,150.0,80,88.66666666666667,1.758011229995517,1846.9597113333898
IPL26-231,Harshal Patel,BOWLER,2.0,,50,88,35.0,0.0,200.0,88,55.666666666666664,3.7665206084997287,2215.319242442041
IPL26-232,Jaydev Unadkat,BOWLER,2.0,,50,81,33.0,0.0,200.0,81,55.666666666666664,0.1878226761755064,1185.7952325641734
IPL26-252,Gus Atkinson,BOWLER,1.0,,50,80,28.0,0.0,100.0,80,55.666666666666664,0.0009149201129583506,1134.3987726008424
IPL26-279,Karn Sharma,BOWLER,2.0,,50,80,38.0,0.0,200.0,80,55.666666666666664,-0.01696930365778715,200.0
IPL26-286,Taskin Ahmed,BOWLER,1.0,,50,80,31.0,0.0,100.0,80,55.666666666666664,0.8472882980015461,1416.256978196052
IPL26-003,Sanju Samson,WICKET_KEEPER,2.0,,85,50,31.0,0.0,200.0,85,88.66666666666667,1.9870181382357994,1651.0710369049943
IPL26-011,Khaleel Ahmed,BOWLER,2.0,,50,80,26.0,0.0,200.0,80,55.666666666666664,4.630712960114977,1632.5917300427718
IPL26-024,Zak Foulkes,BOWLER,1.0,,50,81,24.0,0.0,100.0,81,55.666666666666664,3.4229370569397446,1255.6294339091046
IPL26-026,KL Rahul,WICKET_KEEPER,2.0,,87,50,34.0,1380.75,200.0,87,88.66666666666667,10.0,2500.0
IPL26-027,Axar Patel,ALL_ROUNDER,2.0,,71,86,32.0,0.0,200.0,86,85.0,-1.4370097516080027,2311.4870032471076
IPL26-030,Mitchell Starc,BOWLER,1.5,,50,80,36.0,0.0,150.0,80,55.666666666666664,0.499418058188892,635.964063925533
IPL26-045,David Miller,BATSMAN,2.0,,80,50,26.0,0.0,200.0,80,70.66666666666667,0.8126454694793014,1283.9641304868303
IPL26-046,Ben Duckett,BATSMAN,1.0,,84,50,31.0,0.0,100.0,84,70.66666666666667,0.015429446703777105,1456.951337443725
IPL26-051,Shubman Gill,BATSMAN,2.0,,84,50,26.0,1502.36,200.0,84,70.66666666666667,10.0,2061.9728978848675
IPL26-052,Rashid Khan,ALL_ROUNDER,2.0,,63,83,26.0,1036.91,200.0,83,85.0,10.0,1736.9211830031606
IPL26-053,Jos Buttler,WICKET_KEEPER,2.0,,86,50,35.0,0.0,200.0,86,88.66666666666667,-1.533748174781619,1742.954939655402
IPL26-054,Kagiso Rabada,BOWLER,2.0,,50,89,31.0,0.0,200.0,89,55.666666666666664,4.570218921757784,2245.842322560404
IPL26-056,Sai Sudharsan,BATSMAN,1.5,,83,50,24.0,1572.25,150.0,83,70.66666666666667,10.0,1900.2021846110506
IPL26-076,Sunil Narine,ALL_ROUNDER,2.0,,70,98,37.0,0.0,200.0,98,85.0,3.9332217952469986,2384.037671518746
IPL26-077,Varun Chakravarthy,BOWLER,2.0,,50,85,34.0,0.0,200.0,85,55.666666666666664,4.689893436960339,1987.2435575852533
IPL26-101,Rishabh Pant,WICKET_KEEPER,2.0,,82,50,28.0,0.0,200.0,82,88.66666666666667,0.2167676722665457,2014.2948414815726
IPL26-127,Jasprit Bumrah,BOWLER,2.0,,50,95,32.0,0.0,200.0,95,55.666666666666664,2.9046540137594596,2500.0
IPL26-128,Suryakumar Yadav,BATSMAN,2.0,,84,50,35.0,0.0,200.0,84,70.66666666666667,2.295080314867497,1532.1504641280962
IPL26-131,Trent Boult,BOWLER,2.0,,50,87,36.0,0.0,200.0,87,55.666666666666664,2.769430555700322,1520.3838751416504
IPL26-132,Deepak Chahar,BOWLER,2.0,,50,80,26.0,0.0,200.0,80,55.666666666666664,-0.057396210149784854,1646.4673253714018
IPL26-137,Shardul Thakur,ALL_ROUNDER,2.0,,62,82,34.0,0.0,200.0,82,85.0,4.503797105713575,1283.4077031877584
IPL26-151,Shreyas Iyer,BATSMAN,2.0,,83,50,31.0,0.0,200.0,83,70.66666666666667,0.2750230369397759,1942.4461476958516
IPL26-153,Yuzvendra Chahal,BOWLER,2.0,,50,100,35.0,0.0,200.0,100,55.666666666666664,4.818827557418195,2500.0
IPL26-177,Ravindra Jadeja,ALL_ROUNDER,2.0,,76,91,37.0,0.0,200.0,91,85.0,8.22145418669473,1951.7402316633447
IPL26-179,Jofra Archer,BOWLER,1.5,,50,80,31.0,0.0,150.0,80,55.666666666666664,-0.009517257549362682,1282.8781037120325
IPL26-184,Vaibhav Suryavanshi,BATSMAN,0.5,,80,50,26.0,0.0,50.0,80,70.66666666666667,-2.2144549146480057,1633.9573620887122
IPL26-200,Virat Kohli,BATSMAN,2.0,,100,50,37.0,0.0,200.0,100,70.66666666666667,4.070051353618784,2344.5225418631376
IPL26-205,Krunal Pandya,ALL_ROUNDER,2.0,,71,82,35.0,0.0,200.0,82,85.0,-1.0081264832283892,1265.8698596389718
IPL26-206,Bhuvneshwar Kumar,BOWLER,2.0,,50,98,36.0,0.0,200.0,98,55.666666666666664,4.887119154217869,2289.229648357458
IPL26-218,Jordan Cox,WICKET_KEEPER,1.0,,80,50,34.0,0.0,100.0,80,88.66666666666667,-0.24225586315497827,1146.9928188076606
IPL26-226,Heinrich Klaasen,WICKET_KEEPER,1.5,,80,50,26.0,0.0,150.0,80,88.66666666666667,4.121344479002374,1909.6418940720791
IPL26-231,Harshal Patel,BOWLER,2.0,,50,88,35.0,0.0,200.0,88,55.666666666666664,7.351971785149937,2290.5028237227816
IPL26-232,Jaydev Unadkat,BOWLER,2.0,,50,81,33.0,0.0,200.0,81,55.666666666666664,0.7608847448453389,1226.038792292173
IPL26-252,Gus Atkinson,BOWLER,1.0,,50,80,28.0,0.0,100.0,80,55.666666666666664,-0.9127103079165221,1172.8980374880969
IPL26-279,Karn Sharma,BOWLER,2.0,,50,80,38.0,0.0,200.0,80,55.666666666666664,2.789892733412128,206.20322179919404
IPL26-286,Taskin Ahmed,BOWLER,1.0,,50,80,31.0,0.0,100.0,80,55.666666666666664,2.2519115586025005,1464.3219566400808
IPL26-003,Sanju Samson,WICKET_KEEPER,2.0,,85,50,31.0,0.0,200.0,85,88.66666666666667,2.627488952418945,1642.7244236780914
IPL26-011,Khaleel Ahmed,BOWLER,2.0,,50,80,26.0,0.0,200.0,80,55.666666666666664,4.0936675278037065,1624.3385347389215
IPL26-024,Zak Foulkes,BOWLER,1.0,,50,81,24.0,0.0,100.0,81,55.666666666666664,1.389748745142254,1249.2818855560065
IPL26-026,KL Rahul,WICKET_KEEPER,2.0,,87,50,34.0,1380.75,200.0,87,88.66666666666667,10.0,2500.0
IPL26-027,Axar Patel,ALL_ROUNDER,2.0,,71,86,32.0,0.0,200.0,86,85.0,0.2020341327193137,2299.801807659592
IPL26-030,Mitchell Starc,BOWLER,1.5,,50,80,36.0,0.0,150.0,80,55.666666666666664,-0.02374667126651475,632.7490925832059
IPL26-045,David Miller,BATSMAN,2.0,,80,50,26.0,0.0,200.0,80,70.66666666666667,0.18299274844305613,1277.4733425347388
IPL26-046,Ben Duckett,BATSMAN,1.0,,84,50,31.0,0.0,100.0,84,70.66666666666667,-0.9447739575984857,1449.586052103333
IPL26-051,Shubman Gill,BATSMAN,2.0,,84,50,26.0,1502.36,200.0,84,70.66666666666667,9.250784382911078,2051.5490639744485
IPL26-052,Rashid Khan,ALL_ROUNDER,2.0,,63,83,26.0,1036.91,200.0,83,85.0,10.0,1728.1405739342024
IPL26-053,Jos Buttler,WICKET_KEEPER,2.0,,86,50,35.0,0.0,200.0,86,88.66666666666667,-2.2911801274314163,1734.1438283052244
IPL26-054,Kagiso Rabada,BOWLER,2.0,,50,89,31.0,0.0,200.0,89,55.666666666666664,1.6377524454203398,2234.488978690864
IPL26-056,Sai Sudharsan,BATSMAN,1.5,,83,50,24.0,1572.25,150.0,83,70.66666666666667,10.0,1890.596145662178
IPL26-076,Sunil Narine,ALL_ROUNDER,2.0,,70,98,37.0,0.0,200.0,98,85.0,2.521059278413905,2371.985712567401
IPL26-077,Varun Chakravarthy,BOWLER,2.0,,50,85,34.0,0.0,200.0,85,55.666666666666664,3.4233674288534837,1977.197500818422
IPL26-101,Rishabh Pant,WICKET_KEEPER,2.0,,82,50,28.0,0.0,200.0,82,88.66666666666667,-0.1607984961190314,2004.1120331159748
IPL26-127,Jasprit Bumrah,BOWLER,2.0,,50,95,32.0,0.0,200.0,95,55.666666666666664,3.0346038602551983,2500.0
IPL26-128,Suryakumar Yadav,BATSMAN,2.0,,84,50,35.0,0.0,200.0,84,70.66666666666667,2.1075281985453085,1524.4050267461475
IPL26-131,Trent Boult,BOWLER,2.0,,50,87,36.0,0.0,200.0,87,55.666666666666664,2.774200482905364,1512.697921067854
IPL26-132,Deepak Chahar,BOWLER,2.0,,50,80,26.0,0.0,200.0,80,55.666666666666664,0.9328142498100085,1638.1439851586333
IPL26-137,Shardul Thakur,ALL_ROUNDER,2.0,,62,82,34.0,0.0,200.0,82,85.0,3.1748062811900235,1276.9197281270267
IPL26-151,Shreyas Iyer,BATSMAN,2.0,,83,50,31.0,0.0,200.0,83,70.66666666666667,2.0077459907315123,1932.626554022101
IPL26-153,Yuzvendra Chahal,BOWLER,2.0,,50,100,35.0,0.0,200.0,100,55.666666666666664,5.850527201145577,2500.0
IPL26-177,Ravindra Jadeja,ALL_ROUNDER,2.0,,76,91,37.0,0.0,200.0,91,85.0,9.484203939347118,1941.8736538669
IPL26-179,Jofra Archer,BOWLER,1.5,,50,80,31.0,0.0,150.0,80,55.666666666666664,0.6214804739525456,1276.3928059207158
IPL26-184,Vaibhav Suryavanshi,BATSMAN,0.5,,80,50,26.0,0.0,50.0,80,70.66666666666667,-1.6216471226223022,1625.6972631433814
IPL26-200,Virat Kohli,BATSMAN,2.0,,100,50,37.0,0.0,200.0,100,70.66666666666667,5.568217413547918,2332.670342641371
IPL26-205,Krunal Pandya,ALL_ROUNDER,2.0,,71,82,35.0,0.0,200.0,82,85.0,-0.5914158613093131,1259.4705431481402
IPL26-206,Bhuvneshwar Kumar,BOWLER,2.0,,50,98,36.0,0.0,200.0,98,55.666666666666664,5.279963737744159,2277.6569697535037
IPL26-218,Jordan Cox,WICKET_KEEPER,1.0,,80,50,34.0,0.0,100.0,80,88.66666666666667,1.6710299726621285,1141.1944580959564
IPL26-226,Heinrich Klaasen,WICKET_KEEPER,1.5,,80,50,26.0,0.0,150.0,80,88.66666666666667,3.377643633701158,1899.9881348240285
IPL26-231,Harshal Patel,BOWLER,2.0,,50,88,35.0,0.0,200.0,88,55.666666666666664,5.919721095148366,2278.923708871018
IPL26-232,Jaydev Unadkat,BOWLER,2.0,,50,81,33.0,0.0,200.0,81,55.666666666666664,0.3434240952007566,1219.840832681892
IPL26-252,Gus Atkinson,BOWLER,1.0,,50,80,28.0,0.0,100.0,80,55.666666666666664,-1.1415983314872513,1166.9687188490527
IPL26-279,Karn Sharma,BOWLER,2.0,,50,80,38.0,0.0,200.0,80,55.666666666666664,2.8661822712896354,205.16080842022433
IPL26-286,Taskin Ahmed,BOWLER,1.0,,50,80,31.0,0.0,100.0,80,55.666666666666664,0.8949081482647703,1456.9194108146464
IPL26-003,Sanju Samson,WICKET_KEEPER,2.0,,85,50,31.0,0.0,200.0,85,88.66666666666667,2.4826499003628917,1599.1876311081703
IPL26-011,Khaleel Ahmed,BOWLER,2.0,,50,80,26.0,0.0,200.0,80,55.666666666666664,1.755016512084179,1581.2890196584078
IPL26-024,Zak Foulkes,BOWLER,1.0,,50,81,24.0,0.0,100.0,81,55.666666666666664,2.91047947444049,1216.1724208589198
IPL26-026,KL Rahul,WICKET_KEEPER,2.0,,87,50,34.0,1380.75,200.0,87,88.66666666666667,8.650423788448467,2474.778947430631
IPL26-027,Axar Patel,ALL_ROUNDER,2.0,,71,86,32.0,0.0,200.0,86,85.0,-1.0398211705758542,2238.8506263118275
IPL26-030,Mitchell Starc,BOWLER,1.5,,50,80,36.0,0.0,150.0,80,55.666666666666664,0.5824748100991608,615.9794715831597
IPL26-045,David Miller,BATSMAN,2.0,,80,50,26.0,0.0,200.0,80,70.66666666666667,1.0843781523641847,1243.6167253651888
IPL26-046,Ben Duckett,BATSMAN,1.0,,84,50,31.0,0.0,100.0,84,70.66666666666667,-0.49451514292795695,1411.1679666636776
IPL26-051,Shubman Gill,BATSMAN,2.0,,84,50,26.0,1502.36,200.0,84,70.66666666666667,10.0,1997.177274794321
IPL26-052,Rashid Khan,ALL_ROUNDER,2.0,,63,83,26.0,1036.91,200.0,83,85.0,10.0,1682.3400144401278
IPL26-053,Jos Buttler,WICKET_KEEPER,2.0,,86,50,35.0,0.0,200.0,86,88.66666666666667,0.2782654476624692,1688.184165776868
IPL26-054,Kagiso Rabada,BOWLER,2.0,,50,89,31.0,0.0,200.0,89,55.666666666666664,2.20791866307042,2175.268770016288
IPL26-056,Sai Sudharsan,BATSMAN,1.5,,83,50,24.0,1572.25,150.0,83,70.66666666666667,9.715844902071202,1840.4900590655645
IPL26-076,Sunil Narine,ALL_ROUNDER,2.0,,70,98,37.0,0.0,200.0,98,85.0,4.44091886126502,2309.121455812977
IPL26-077,Varun Chakravarthy,BOWLER,2.0,,50,85,34.0,0.0,200.0,85,55.666666666666664,4.1179997652556075,1924.7962360523197
IPL26-101,Rishabh Pant,WICKET_KEEPER,2.0,,82,50,28.0,0.0,200.0,82,88.66666666666667,-0.044511529700967056,1950.997457953518
IPL26-127,Jasprit Bumrah,BOWLER,2.0,,50,95,32.0,0.0,200.0,95,55.666666666666664,3.291959492818124,2496.543413526221
IPL26-128,Suryakumar Yadav,BATSMAN,2.0,,84,50,35.0,0.0,200.0,84,70.66666666666667,0.848309616851902,1484.004029180534
IPL26-131,Trent Boult,BOWLER,2.0,,50,87,36.0,0.0,200.0,87,55.666666666666664,4.384224883126148,1472.607194552067
IPL26-132,Deepak Chahar,BOWLER,2.0,,50,80,26.0,0.0,200.0,80,55.666666666666664,1.4936608289912723,1594.7285870227552
IPL26-137,Shardul Thakur,ALL_ROUNDER,2.0,,62,82,34.0,0.0,200.0,82,85.0,1.0443478368601657,1243.077783287957
IPL26-151,Shreyas Iyer,BATSMAN,2.0,,83,50,31.0,0.0,200.0,83,70.66666666666667,1.2807777359539467,1881.4065440284649
IPL26-153,Yuzvendra Chahal,BOWLER,2.0,,50,100,35.0,0.0,200.0,100,55.666666666666664,5.615137950040525,2496.543413526221
IPL26-177,Ravindra Jadeja,ALL_ROUNDER,2.0,,76,91,37.0,0.0,200.0,91,85.0,6.038109736410311,1890.4085698596232
IPL26-179,Jofra Archer,BOWLER,1.5,,50,80,31.0,0.0,150.0,80,55.666666666666664,-0.7653504890905829,1242.5648259941206
IPL26-184,Vaibhav Suryavanshi,BATSMAN,0.5,,80,50,26.0,0.0,50.0,80,70.66666666666667,-1.5048857245505127,1582.611737959255
IPL26-200,Virat Kohli,BATSMAN,2.0,,100,50,37.0,0.0,200.0,100,70.66666666666667,4.734981869375205,2270.8480531704467
IPL26-205,Krunal Pandya,ALL_ROUNDER,2.0,,71,82,35.0,0.0,200.0,82,85.0,-1.4768832133795242,1226.0910505232032
IPL26-206,Bhuvneshwar Kumar,BOWLER,2.0,,50,98,36.0,0.0,200.0,98,55.666666666666664,6.388068841548829,2217.2926885580196
IPL26-218,Jordan Cox,WICKET_KEEPER,1.0,,80,50,34.0,0.0,100.0,80,88.66666666666667,2.3692119253601365,1110.9496125893534
IPL26-226,Heinrich Klaasen,WICKET_KEEPER,1.5,,80,50,26.0,0.0,150.0,80,88.66666666666667,3.1935706547840454,1849.6331342415604
IPL26-231,Harshal Patel,BOWLER,2.0,,50,88,35.0,0.0,200.0,88,55.666666666666664,6.054463686037856,2218.525855545355
IPL26-232,Jaydev Unadkat,BOWLER,2.0,,50,81,33.0,0.0,200.0,81,55.666666666666664,1.0792848832632145,1187.5116382441045
IPL26-252,Gus Atkinson,BOWLER,1.0,,50,80,28.0,0.0,100.0,80,55.666666666666664,-1.2655176762219813,1136.0407833318086
IPL26-279,Karn Sharma,BOWLER,2.0,,50,80,38.0,0.0,200.0,80,55.666666666666664,2.173380330622351,200.0
IPL26-286,Taskin Ahmed,BOWLER,1.0,,50,80,31.0,0.0,100.0,80,55.666666666666664,1.5306398767064395,1418.3069708548696
IPL26-003,Sanju Samson,WICKET_KEEPER,2.0,,85,50,31.0,0.0,200.0,85,88.66666666666667,1.5409024232780897,1609.2341817465638
IPL26-011,Khaleel Ahmed,BOWLER,2.0,,50,80,26.0,0.0,200.0,80,55.666666666666664,2.242860912792792,1591.223126139037
IPL26-024,Zak Foulkes,BOWLER,1.0,,50,81,24.0,0.0,100.0,81,55.666666666666664,1.3744610848711039,1223.812761225178
IPL26-026,KL Rahul,WICKET_KEEPER,2.0,,87,50,34.0,1380.75,200.0,87,88.66666666666667,10.0,2490.326211260431
IPL26-027,Axar Patel,ALL_ROUNDER,2.0,,71,86,32.0,0.0,200.0,86,85.0,-1.211573089762905,2252.9157214585766
IPL26-030,Mitchell Starc,BOWLER,1.5,,50,80,36.0,0.0,150.0,80,55.666666666666664,0.17110532207911866,619.8492294734097
IPL26-045,David Miller,BATSMAN,2.0,,80,50,26.0,0.0,200.0,80,70.66666666666667,1.6902891316829078,1251.4294786425992
IPL26-046,Ben Duckett,BATSMAN,1.0,,84,50,31.0,0.0,100.0,84,70.66666666666667,-0.8804037689438766,1420.0333243994307
IPL26-051,Shubman Gill,BATSMAN,2.0,,84,50,26.0,1502.36,200.0,84,70.66666666666667,10.0,2009.7241093462903
IPL26-052,Rashid Khan,ALL_ROUNDER,2.0,,63,83,26.0,1036.91,200.0,83,85.0,10.0,1692.9089519539555
IPL26-053,Jos Buttler,WICKET_KEEPER,2.0,,86,50,35.0,0.0,200.0,86,88.66666666666667,-0.3146062388357813,1698.7898179082933
IPL26-054,Kagiso Rabada,BOWLER,2.0,,50,89,31.0,0.0,200.0,89,55.666666666666664,2.059326089031757,2188.9344258936662
IPL26-056,Sai Sudharsan,BATSMAN,1.5,,83,50,24.0,1572.25,150.0,83,70.66666666666667,10.0,1852.0525400516442
IPL26-076,Sunil Narine,ALL_ROUNDER,2.0,,70,98,37.0,0.0,200.0,98,85.0,5.466839795971197,2323.628012257482
IPL26-077,Varun Chakravarthy,BOWLER,2.0,,50,85,34.0,0.0,200.0,85,55.666666666666664,3.2321807159491303,1936.888352373085
IPL26-101,Rishabh Pant,WICKET_KEEPER,2.0,,82,50,28.0,0.0,200.0,82,88.66666666666667,0.2819930484097217,1963.2541777876531
IPL26-127,Jasprit Bumrah,BOWLER,2.0,,50,95,32.0,0.0,200.0,95,55.666666666666664,2.969582300790945,2500.0
IPL26-128,Suryakumar Yadav,BATSMAN,2.0,,84,50,35.0,0.0,200.0,84,70.66666666666667,3.8163950068127113,1493.3269637360063
IPL26-131,Trent Boult,BOWLER,2.0,,50,87,36.0,0.0,200.0,87,55.666666666666664,3.722102305350171,1481.858530957338
IPL26-132,Deepak Chahar,BOWLER,2.0,,50,80,26.0,0.0,200.0,80,55.666666666666664,-0.5330053718728944,1604.7471246804755
IPL26-137,Shardul Thakur,ALL_ROUNDER,2.0,,62,82,34.0,0.0,200.0,82,85.0,2.3328946905412935,1250.887150778256
IPL26-151,Shreyas Iyer,BATSMAN,2.0,,83,50,31.0,0.0,200.0,83,70.66666666666667,3.3181486336514534,1893.226073987491
IPL26-153,Yuzvendra Chahal,BOWLER,2.0,,50,100,35.0,0.0,200.0,100,55.666666666666664,5.62653190155704,2500.0
IPL26-177,Ravindra Jadeja,ALL_ROUNDER,2.0,,76,91,37.0,0.0,200.0,91,85.0,8.39777922115222,1902.284653100204
IPL26-179,Jofra Archer,BOWLER,1.5,,50,80,31.0,0.0,150.0,80,55.666666666666664,-0.5588640158819691,1250.3709709410934
IPL26-184,Vaibhav Suryavanshi,BATSMAN,0.5,,80,50,26.0,0.0,50.0,80,70.66666666666667,-1.6994079069583425,1592.5541541317123
IPL26-200,Virat Kohli,BATSMAN,2.0,,100,50,37.0,0.0,200.0,100,70.66666666666667,4.647304389939479,2285.1141652353986
IPL26-205,Krunal Pandya,ALL_ROUNDER,2.0,,71,82,35.0,0.0,200.0,82,85.0,-0.3953871262833413,1233.79370253648
IPL26-206,Bhuvneshwar Kumar,BOWLER,2.0,,50,98,36.0,0.0,200.0,98,55.666666666666664,6.795102772019408,2231.222350620439
IPL26-218,Jordan Cox,WICKET_KEEPER,1.0,,80,50,34.0,0.0,100.0,80,88.66666666666667,2.501029410596198,1117.9289134058863
IPL26-226,Heinrich Klaasen,WICKET_KEEPER,1.5,,80,50,26.0,0.0,150.0,80,88.66666666666667,2.559341671693828,1861.2530546212167
IPL26-231,Harshal Patel,BOWLER,2.0,,50,88,35.0,0.0,200.0,88,55.666666666666664,6.189858837266296,2232.4632647128315
IPL26-232,Jaydev Unadkat,BOWLER,2.0,,50,81,33.0,0.0,200.0,81,55.666666666666664,2.515739978656269,1194.9719234384277
IPL26-252,Gus Atkinson,BOWLER,1.0,,50,80,28.0,0.0,100.0,80,55.666666666666664,-1.4924954407457207,1143.177714005237
IPL26-279,Karn Sharma,BOWLER,2.0,,50,80,38.0,0.0,200.0,80,55.666666666666664,2.7655688881471345,200.97819263280147
IPL26-286,Taskin Ahmed,BOWLER,1.0,,50,80,31.0,0.0,100.0,80,55.666666666666664,2.3664635000429395,1427.2171778414045
IPL26-003,Sanju Samson,WICKET_KEEPER,2.0,,85,50,31.0,0.0,200.0,85,88.66666666666667,1.3893349491977882,1627.5280540333622
IPL26-011,Khaleel Ahmed,BOWLER,2.0,,50,80,26.0,0.0,200.0,80,55.666666666666664,3.1379641432546515,1609.3122476476256
IPL26-024,Zak Foulkes,BOWLER,1.0,,50,81,24.0,0.0,100.0,81,55.666666666666664,0.9779593864435037,1237.7251393058552
IPL26-026,KL Rahul,WICKET_KEEPER,2.0,,87,50,34.0,1380.75,200.0,87,88.66666666666667,10.0,2500.0
IPL26-027,Axar Patel,ALL_ROUNDER,2.0,,71,86,32.0,0.0,200.0,86,85.0,-0.35983209169260316,2278.527004731563
IPL26-030,Mitchell Starc,BOWLER,1.5,,50,80,36.0,0.0,150.0,80,55.666666666666664,1.8238381370259436,626.8957133038425
IPL26-045,David Miller,BATSMAN,2.0,,80,50,26.0,0.0,200.0,80,70.66666666666667,0.821291116946903,1265.6558052505607
IPL26-046,Ben Duckett,BATSMAN,1.0,,84,50,31.0,0.0,100.0,84,70.66666666666667,0.2179373867936487,1436.1763498050718
IPL26-051,Shubman Gill,BATSMAN,2.0,,84,50,26.0,1502.36,200.0,84,70.66666666666667,10.0,2032.5707755463443
IPL26-052,Rashid Khan,ALL_ROUNDER,2.0,,63,83,26.0,1036.91,200.0,83,85.0,10.0,1712.1540441297943
IPL26-053,Jos Buttler,WICKET_KEEPER,2.0,,86,50,35.0,0.0,200.0,86,88.66666666666667,0.6009962075813642,1718.1017641268345
IPL26-054,Kagiso Rabada,BOWLER,2.0,,50,89,31.0,0.0,200.0,89,55.666666666666664,4.065919471811225,2213.818365897982
IPL26-056,Sai Sudharsan,BATSMAN,1.5,,83,50,24.0,1572.25,150.0,83,70.66666666666667,9.684913268805891,1873.1067862393386
IPL26-076,Sunil Narine,ALL_ROUNDER,2.0,,70,98,37.0,0.0,200.0,98,85.0,2.674409957432021,2350.0431571633217
IPL26-077,Varun Chakravarthy,BOWLER,2.0,,50,85,34.0,0.0,200.0,85,55.666666666666664,3.555960088005933,1958.9070172473566
IPL26-101,Rishabh Pant,WICKET_KEEPER,2.0,,82,50,28.0,0.0,200.0,82,88.66666666666667,2.261475994121166,1985.572570972659
IPL26-127,Jasprit Bumrah,BOWLER,2.0,,50,95,32.0,0.0,200.0,95,55.666666666666664,2.717758891689315,2500.0
IPL26-128,Suryakumar Yadav,BATSMAN,2.0,,84,50,35.0,0.0,200.0,84,70.66666666666667,3.891706831941099,1510.3031957020517
IPL26-131,Trent Boult,BOWLER,2.0,,50,87,36.0,0.0,200.0,87,55.666666666666664,5.7899067265519575,1498.70438908037
IPL26-132,Deepak Chahar,BOWLER,2.0,,50,80,26.0,0.0,200.0,80,55.666666666666664,-1.3204271068281246,1622.9899878289882
IPL26-137,Shardul Thakur,ALL_ROUNDER,2.0,,62,82,34.0,0.0,200.0,82,85.0,1.155319850332872,1265.1073121699922
IPL26-151,Shreyas Iyer,BATSMAN,2.0,,83,50,31.0,0.0,200.0,83,70.66666666666667,1.9747257225401922,1914.748383419157
IPL26-153,Yuzvendra Chahal,BOWLER,2.0,,50,100,35.0,0.0,200.0,100,55.666666666666664,5.158720836656862,2500.0
IPL26-177,Ravindra Jadeja,ALL_ROUNDER,2.0,,76,91,37.0,0.0,200.0,91,85.0,7.056344237852906,1923.9099410114898
IPL26-179,Jofra Archer,BOWLER,1.5,,50,80,31.0,0.0,150.0,80,55.666666666666664,1.2196072196616006,1264.5852643689711
IPL26-184,Vaibhav Suryavanshi,BATSMAN,0.5,,80,50,26.0,0.0,50.0,80,70.66666666666667,-1.6772600006138143,1610.658406847669
IPL26-200,Virat Kohli,BATSMAN,2.0,,100,50,37.0,0.0,200.0,100,70.66666666666667,5.408714765305348,2311.0914823802527
IPL26-205,Krunal Pandya,ALL_ROUNDER,2.0,,71,82,35.0,0.0,200.0,82,85.0,-2.67682275003708,1247.8195445664828
IPL26-206,Bhuvneshwar Kumar,BOWLER,2.0,,50,98,36.0,0.0,200.0,98,55.666666666666664,4.3280673148062885,2256.5870223311776
IPL26-218,Jordan Cox,WICKET_KEEPER,1.0,,80,50,34.0,0.0,100.0,80,88.66666666666667,2.2286750921053815,1130.6375974492303
IPL26-226,Heinrich Klaasen,WICKET_KEEPER,1.5,,80,50,26.0,0.0,150.0,80,88.66666666666667,0.7941566323338072,1882.4118928194575
IPL26-231,Harshal Patel,BOWLER,2.0,,50,88,35.0,0.0,200.0,88,55.666666666666664,7.406223374951967,2257.842043210626
IPL26-232,Jaydev Unadkat,BOWLER,2.0,,50,81,33.0,0.0,200.0,81,55.666666666666664,0.5510699236219387,1208.5564371168323
IPL26-252,Gus Atkinson,BOWLER,1.0,,50,80,28.0,0.0,100.0,80,55.666666666666664,2.1013079734725086,1156.1734279531152
IPL26-279,Karn Sharma,BOWLER,2.0,,50,80,38.0,0.0,200.0,80,55.666666666666664,4.023490971312677,203.26292497950416
IPL26-286,Taskin Ahmed,BOWLER,1.0,,50,80,31.0,0.0,100.0,80,55.666666666666664,1.846122832576901,1443.4418697309454
IPL26-003,Sanju Samson,WICKET_KEEPER,2.0,,85,50,31.0,0.0,200.0,85,88.66666666666667,1.6171343951263157,1592.4633054237058
IPL26-011,Khaleel Ahmed,BOWLER,2.0,,50,80,26.0,0.0,200.0,80,55.666666666666664,0.981441659839025,1574.639954744066
IPL26-024,Zak Foulkes,BOWLER,1.0,,50,81,24.0,0.0,100.0,81,55.666666666666664,3.5743660013257044,1211.0586122680843
IPL26-026,KL Rahul,WICKET_KEEPER,2.0,,87,50,34.0,1380.75,200.0,87,88.66666666666667,10.0,2464.372901688489
IPL26-027,Axar Patel,ALL_ROUNDER,2.0,,71,86,32.0,0.0,200.0,86,85.0,-1.0065396743959476,2229.4366210523226
IPL26-030,Mitchell Starc,BOWLER,1.5,,50,80,36.0,0.0,150.0,80,55.666666666666664,1.0586750441965362,613.3893773995277
IPL26-045,David Miller,BATSMAN,2.0,,80,50,26.0,0.0,200.0,80,70.66666666666667,0.4882148741672391,1238.3875179067695
IPL26-046,Ben Duckett,BATSMAN,1.0,,84,50,31.0,0.0,100.0,84,70.66666666666667,-1.3108254609365482,1405.2342332988476
IPL26-051,Shubman Gill,BATSMAN,2.0,,84,50,26.0,1502.36,200.0,84,70.66666666666667,10.0,1988.7794669423295
IPL26-052,Rashid Khan,ALL_ROUNDER,2.0,,63,83,26.0,1036.91,200.0,83,85.0,8.344631118594199,1675.2660464147104
IPL26-053,Jos Buttler,WICKET_KEEPER,2.0,,86,50,35.0,0.0,200.0,86,88.66666666666667,-0.7418757947679757,1681.08562403904
IPL26-054,Kagiso Rabada,BOWLER,2.0,,50,89,31.0,0.0,200.0,89,55.666666666666664,3.2780462989804806,2166.1221161926223
IPL26-056,Sai Sudharsan,BATSMAN,1.5,,83,50,24.0,1572.25,150.0,83,70.66666666666667,10.0,1832.7510956472445
IPL26-076,Sunil Narine,ALL_ROUNDER,2.0,,70,98,37.0,0.0,200.0,98,85.0,4.142744653624101,2299.41197306572
IPL26-077,Varun Chakravarthy,BOWLER,2.0,,50,85,34.0,0.0,200.0,85,55.666666666666664,1.551102803114417,1916.7027787770917
IPL26-101,Rishabh Pant,WICKET_KEEPER,2.0,,82,50,28.0,0.0,200.0,82,88.66666666666667,1.3255976807459147,1942.7938287722752
IPL26-127,Jasprit Bumrah,BOWLER,2.0,,50,95,32.0,0.0,200.0,95,55.666666666666664,2.961539790830282,2486.0458517195916
IPL26-128,Suryakumar Yadav,BATSMAN,2.0,,84,50,35.0,0.0,200.0,84,70.66666666666667,2.59819653092727,1477.7640319374636
IPL26-131,Trent Boult,BOWLER,2.0,,50,87,36.0,0.0,200.0,87,55.666666666666664,4.957099088596079,1466.415119157767
IPL26-132,Deepak Chahar,BOWLER,2.0,,50,80,26.0,0.0,200.0,80,55.666666666666664,-1.8132131155106819,1588.0230108984351
IPL26-137,Shardul Thakur,ALL_ROUNDER,2.0,,62,82,34.0,0.0,200.0,82,85.0,1.583604641592482,1237.8508419939214
IPL26-151,Shreyas Iyer,BATSMAN,2.0,,83,50,31.0,0.0,200.0,83,70.66666666666667,2.593919529658604,1873.4955333997975
IPL26-153,Yuzvendra Chahal,BOWLER,2.0,,50,100,35.0,0.0,200.0,100,55.666666666666664,5.5306838536283065,2486.0458517195916
IPL26-177,Ravindra Jadeja,ALL_ROUNDER,2.0,,76,91,37.0,0.0,200.0,91,85.0,7.730330725129154,1882.4597071663632
IPL26-179,Jofra Archer,BOWLER,1.5,,50,80,31.0,0.0,150.0,80,55.666666666666664,-0.4209876595058429,1237.3400416026516
IPL26-184,Vaibhav Suryavanshi,BATSMAN,0.5,,80,50,26.0,0.0,50.0,80,70.66666666666667,-2.221268135758738,1575.9571112281067
IPL26-200,Virat Kohli,BATSMAN,2.0,,100,50,37.0,0.0,200.0,100,70.66666666666667,6.109674839441846,2261.2995038992967
IPL26-205,Krunal Pandya,ALL_ROUNDER,2.0,,71,82,35.0,0.0,200.0,82,85.0,-1.2070124420430928,1220.9355356967085
IPL26-206,Bhuvneshwar Kumar,BOWLER,2.0,,50,98,36.0,0.0,200.0,98,55.666666666666664,4.602035585793266,2207.9693309446834
IPL26-218,Jordan Cox,WICKET_KEEPER,1.0,,80,50,34.0,0.0,100.0,80,88.66666666666667,0.7141682578786717,1106.278248911469
IPL26-226,Heinrich Klaasen,WICKET_KEEPER,1.5,,80,50,26.0,0.0,150.0,80,88.66666666666667,1.4371148370525342,1841.855725668935
IPL26-231,Harshal Patel,BOWLER,2.0,,50,88,35.0,0.0,200.0,88,55.666666666666664,7.849166783797249,2209.197312664021
IPL26-232,Jaydev Unadkat,BOWLER,2.0,,50,81,33.0,0.0,200.0,81,55.666666666666664,1.516685603606704,1182.5183436148109
IPL26-252,Gus Atkinson,BOWLER,1.0,,50,80,28.0,0.0,100.0,80,55.666666666666664,-1.2482728793027718,1131.263915333734
IPL26-279,Karn Sharma,BOWLER,2.0,,50,80,38.0,0.0,200.0,80,55.666666666666664,1.2617822355324828,200.0
IPL26-286,Taskin Ahmed,BOWLER,1.0,,50,80,31.0,0.0,100.0,80,55.666666666666664,1.45364189385706,1412.3432191305237
IPL26-003,Sanju Samson,WICKET_KEEPER,2.0,,85,50,31.0,0.0,200.0,85,88.66666666666667,2.8167085052398404,1548.3649598292068
IPL26-011,Khaleel Ahmed,BOWLER,2.0,,50,80,26.0,0.0,200.0,80,55.666666666666664,2.6383075876139244,1531.035171717223
IPL26-024,Zak Foulkes,BOWLER,1.0,,50,81,24.0,0.0,100.0,81,55.666666666666664,3.8705707053342917,1177.5220899274436
IPL26-026,KL Rahul,WICKET_KEEPER,2.0,,87,50,34.0,1380.75,200.0,87,88.66666666666667,10.0,2396.1297167295347
IPL26-027,Axar Patel,ALL_ROUNDER,2.0,,71,86,32.0,0.0,200.0,86,85.0,-0.6468863818542961,2167.699269704036
IPL26-030,Mitchell Starc,BOWLER,1.5,,50,80,36.0,0.0,150.0,80,55.666666666666664,0.8705297097939142,596.403455867501
IPL26-045,David Miller,BATSMAN,2.0,,80,50,26.0,0.0,200.0,80,70.66666666666667,0.9619135465755301,1204.09420605552
IPL26-046,Ben Duckett,BATSMAN,1.0,,84,50,31.0,0.0,100.0,84,70.66666666666667,-1.1284362301719306,1366.3206177384907
IPL26-051,Shubman Gill,BATSMAN,2.0,,84,50,26.0,1502.36,200.0,84,70.66666666666667,10.0,1933.7063711003304
IPL26-052,Rashid Khan,ALL_ROUNDER,2.0,,63,83,26.0,1036.91,200.0,83,85.0,10.0,1628.8747350256738
IPL26-053,Jos Buttler,WICKET_KEEPER,2.0,,86,50,35.0,0.0,200.0,86,88.66666666666667,-0.4387588458632035,1634.5331574482366
IPL26-054,Kagiso Rabada,BOWLER,2.0,,50,89,31.0,0.0,200.0,89,55.666666666666664,2.218356444459997,2106.138064218292
IPL26-056,Sai Sudharsan,BATSMAN,1.5,,83,50,24.0,1572.25,150.0,83,70.66666666666667,10.0,1781.9987229368135
IPL26-076,Sunil Narine,ALL_ROUNDER,2.0,,70,98,37.0,0.0,200.0,98,85.0,3.9108587447211924,2235.7368707842256
IPL26-077,Varun Chakravarthy,BOWLER,2.0,,50,85,34.0,0.0,200.0,85,55.666666666666664,2.6704317403144335,1863.6256238733813
IPL26-101,Rishabh Pant,WICKET_KEEPER,2.0,,82,50,28.0,0.0,200.0,82,88.66666666666667,2.3301727754620343,1888.9941629411908
IPL26-127,Jasprit Bumrah,BOWLER,2.0,,50,95,32.0,0.0,200.0,95,55.666666666666664,2.4429087540807153,2417.202501446141
IPL26-128,Suryakumar Yadav,BATSMAN,2.0,,84,50,35.0,0.0,200.0,84,70.66666666666667,2.0445313737156754,1436.8419279457742
IPL26-131,Trent Boult,BOWLER,2.0,,50,87,36.0,0.0,200.0,87,55.666666666666664,3.5775868635854913,1425.8072882021822
IPL26-132,Deepak Chahar,BOWLER,2.0,,50,80,26.0,0.0,200.0,80,55.666666666666664,-2.175174740842796,1544.0476255265357
IPL26-137,Shardul Thakur,ALL_ROUNDER,2.0,,62,82,34.0,0.0,200.0,82,85.0,2.463782934547358,1203.5723917220857
IPL26-151,Shreyas Iyer,BATSMAN,2.0,,83,50,31.0,0.0,200.0,83,70.66666666666667,0.28395590310717855,1821.6148695124546
IPL26-153,Yuzvendra Chahal,BOWLER,2.0,,50,100,35.0,0.0,200.0,100,55.666666666666664,3.622664337201903,2417.202501446141
IPL26-177,Ravindra Jadeja,ALL_ROUNDER,2.0,,76,91,37.0,0.0,200.0,91,85.0,5.505323242541424,1830.3308082136464
IPL26-179,Jofra Archer,BOWLER,1.5,,50,80,31.0,0.0,150.0,80,55.666666666666664,-0.21866515199643688,1203.075736367695
IPL26-184,Vaibhav Suryavanshi,BATSMAN,0.5,,80,50,26.0,0.0,50.0,80,70.66666666666667,-2.2516473224041373,1532.3158536265355
IPL26-200,Virat Kohli,BATSMAN,2.0,,100,50,37.0,0.0,200.0,100,70.66666666666667,5.042571503878245,2198.679808565665
IPL26-205,Krunal Pandya,ALL_ROUNDER,2.0,,71,82,35.0,0.0,200.0,82,85.0,-2.283490920839129,1187.1255025120302
IPL26-206,Bhuvneshwar Kumar,BOWLER,2.0,,50,98,36.0,0.0,200.0,98,55.666666666666664,4.471649377797155,2146.8264497954397
IPL26-218,Jordan Cox,WICKET_KEEPER,1.0,,80,50,34.0,0.0,100.0,80,88.66666666666667,2.4120357053701493,1075.643294637785
IPL26-226,Heinrich Klaasen,WICKET_KEEPER,1.5,,80,50,26.0,0.0,150.0,80,88.66666666666667,2.3762003267801557,1790.85122839159
IPL26-231,Harshal Patel,BOWLER,2.0,,50,88,35.0,0.0,200.0,88,55.666666666666664,6.709944286844039,2148.0204263593314
IPL26-232,Jaydev Unadkat,BOWLER,2.0,,50,81,33.0,0.0,200.0,81,55.666666666666664,-0.17602491812996346,1149.7721557366006
IPL26-252,Gus Atkinson,BOWLER,1.0,,50,80,28.0,0.0,100.0,80,55.666666666666664,-0.9607222533511423,1099.9370603116652
IPL26-279,Karn Sharma,BOWLER,2.0,,50,80,38.0,0.0,200.0,80,55.666666666666664,3.0188527580126303,200.0
IPL26-286,Taskin Ahmed,BOWLER,1.0,,50,80,31.0,0.0,100.0,80,55.666666666666664,2.6137377022172013,1373.2327421963666
IPL26-003,Sanju Samson,WICKET_KEEPER,2.0,,85,50,31.0,0.0,200.0,85,88.66666666666667,1.3110575794411505,1650.767910965218
IPL26-011,Khaleel Ahmed,BOWLER,2.0,,50,80,26.0,0.0,200.0,80,55.666666666666664,4.104735894565785,1632.2919967839484
IPL26-024,Zak Foulkes,BOWLER,1.0,,50,81,24.0,0.0,100.0,81,55.666666666666664,1.897131713618263,1255.3989084843004
IPL26-026,KL Rahul,WICKET_KEEPER,2.0,,87,50,34.0,1380.75,200.0,87,88.66666666666667,9.360769438719869,2500.0
IPL26-027,Axar Patel,ALL_ROUNDER,2.0,,71,86,32.0,0.0,200.0,86,85.0,-1.5154970146126414,2311.06262921687
IPL26-030,Mitchell Starc,BOWLER,1.5,,50,80,36.0,0.0,150.0,80,55.666666666666664,-0.3037542322946549,635.8473050458527
IPL26-045,David Miller,BATSMAN,2.0,,80,50,26.0,0.0,200.0,80,70.66666666666667,-0.4897607565869886,1283.728402995406
IPL26-046,Ben Duckett,BATSMAN,1.0,,84,50,31.0,0.0,100.0,84,70.66666666666667,0.6173217504337781,1456.6838506224437
IPL26-051,Shubman Gill,BATSMAN,2.0,,84,50,26.0,1502.36,200.0,84,70.66666666666667,7.766721180644236,2061.59433302697
IPL26-052,Rashid Khan,ALL_ROUNDER,2.0,,63,83,26.0,1036.91,200.0,83,85.0,10.0,1736.6022955330598
IPL26-053,Jos Buttler,WICKET_KEEPER,2.0,,86,50,35.0,0.0,200.0,86,88.66666666666667,-1.3244360044720915,1742.634944426692
IPL26-054,Kagiso Rabada,BOWLER,2.0,,50,89,31.0,0.0,200.0,89,55.666666666666664,2.681317257114129,2245.4300004680176
IPL26-056,Sai Sudharsan,BATSMAN,1.5,,83,50,24.0,1572.25,150.0,83,70.66666666666667,9.102012358455612,1899.8533198074772
IPL26-076,Sunil Narine,ALL_ROUNDER,2.0,,70,98,37.0,0.0,200.0,98,85.0,4.6920206590301134,2383.599977656103
IPL26-077,Varun Chakravarthy,BOWLER,2.0,,50,85,34.0,0.0,200.0,85,55.666666666666664,3.2396681793675124,1986.878712549823
IPL26-101,Rishabh Pant,WICKET_KEEPER,2.0,,82,50,28.0,0.0,200.0,82,88.66666666666667,2.118726446822949,2013.9250300057713
IPL26-127,Jasprit Bumrah,BOWLER,2.0,,50,95,32.0,0.0,200.0,95,55.666666666666664,4.241006451061929,2500.0
IPL26-128,Suryakumar Yadav,BATSMAN,2.0,,84,50,35.0,0.0,200.0,84,70.66666666666667,2.989940340249116,1531.8691712346128
IPL26-131,Trent Boult,BOWLER,2.0,,50,87,36.0,0.0,200.0,87,55.666666666666664,3.1416662102105657,1520.1047425176314
IPL26-132,Deepak Chahar,BOWLER,2.0,,50,80,26.0,0.0,200.0,80,55.666666666666664,-0.6247489378704769,1646.1650446432207
IPL26-137,Shardul Thakur,ALL_ROUNDER,2.0,,62,82,34.0,0.0,200.0,82,85.0,1.2499925405629497,1283.1720778527792
IPL26-151,Shreyas Iyer,BATSMAN,2.0,,83,50,31.0,0.0,200.0,83,70.66666666666667,1.6115966195582296,1942.0895271744903
IPL26-153,Yuzvendra Chahal,BOWLER,2.0,,50,100,35.0,0.0,200.0,100,55.666666666666664,4.756484375818377,2500.0
IPL26-177,Ravindra Jadeja,ALL_ROUNDER,2.0,,76,91,37.0,0.0,200.0,91,85.0,7.446755609527693,1951.3819048084135
IPL26-179,Jofra Archer,BOWLER,1.5,,50,80,31.0,0.0,150.0,80,55.666666666666664,0.27951370181474255,1282.6425756080841
IPL26-184,Vaibhav Suryavanshi,BATSMAN,0.5,,80,50,26.0,0.0,50.0,80,70.66666666666667,-1.5440225683517785,1633.6573781086977
IPL26-200,Virat Kohli,BATSMAN,2.0,,100,50,37.0,0.0,200.0,100,70.66666666666667,5.235122540798151,2344.092102722154
IPL26-205,Krunal Pandya,ALL_ROUNDER,2.0,,71,82,35.0,0.0,200.0,82,85.0,-0.8374443080606353,1265.637454138384
IPL26-206,Bhuvneshwar Kumar,BOWLER,2.0,,50,98,36.0,0.0,200.0,98,55.666666666666664,5.094523276298354,2288.809360633301
IPL26-218,Jordan Cox,WICKET_KEEPER,1.0,,80,50,34.0,0.0,100.0,80,88.66666666666667,3.262445667420079,1146.7822383611829
IPL26-226,Heinrich Klaasen,WICKET_KEEPER,1.5,,80,50,26.0,0.0,150.0,80,88.66666666666667,2.3612409702709973,1909.2912961990392
IPL26-231,Harshal Patel,BOWLER,2.0,,50,88,35.0,0.0,200.0,88,55.666666666666664,7.590772449930323,2290.0823022518803
IPL26-232,Jaydev Unadkat,BOWLER,2.0,,50,81,33.0,0.0,200.0,81,55.666666666666664,-0.7668433237774628,1225.8136995173568
IPL26-252,Gus Atkinson,BOWLER,1.0,,50,80,28.0,0.0,100.0,80,55.666666666666664,-1.5221922535330707,1172.6827010113925
IPL26-279,Karn Sharma,BOWLER,2.0,,50,80,38.0,0.0,200.0,80,55.666666666666664,1.3845965470829609,206.16536422432557
IPL26-286,Taskin Ahmed,BOWLER,1.0,,50,80,31.0,0.0,100.0,80,55.666666666666664,2.306563696572892,1464.053116620893
IPL26-003,Sanju Samson,WICKET_KEEPER,2.0,,85,50,31.0,0.0,200.0,85,88.66666666666667,2.5852882008764544,1669.63103855147
IPL26-011,Khaleel Ahmed,BOWLER,2.0,,50,80,26.0,0.0,200.0,80,55.666666666666664,2.332345231240988,1650.944002307457
IPL26-024,Zak Foulkes,BOWLER,1.0,,50,81,24.0,0.0,100.0,81,55.666666666666664,1.3001976185275685,1269.7442017415062
IPL26-026,KL Rahul,WICKET_KEEPER,2.0,,87,50,34.0,1380.75,200.0,87,88.66666666666667,10.0,2500.0
IPL26-027,Axar Patel,ALL_ROUNDER,2.0,,71,86,32.0,0.0,200.0,86,85.0,-2.047582327932256,2337.4708656171324
IPL26-030,Mitchell Starc,BOWLER,1.5,,50,80,36.0,0.0,150.0,80,55.666666666666664,-0.42167686135271487,643.1130561915976
IPL26-045,David Miller,BATSMAN,2.0,,80,50,26.0,0.0,200.0,80,70.66666666666667,0.5754477850324108,1298.3974139998902
IPL26-046,Ben Duckett,BATSMAN,1.0,,84,50,31.0,0.0,100.0,84,70.66666666666667,0.9222318996001975,1473.3292028519147
IPL26-051,Shubman Gill,BATSMAN,2.0,,84,50,26.0,1502.36,200.0,84,70.66666666666667,10.0,2085.151925028043
IPL26-052,Rashid Khan,ALL_ROUNDER,2.0,,63,83,26.0,1036.91,200.0,83,85.0,9.031954241489755,1756.4462423711495
IPL26-053,Jos Buttler,WICKET_KEEPER,2.0,,86,50,35.0,0.0,200.0,86,88.66666666666667,-0.7666798031817645,1762.5478256225483
IPL26-054,Kagiso Rabada,BOWLER,2.0,,50,89,31.0,0.0,200.0,89,55.666666666666664,2.5793993276419522,2271.0882606652735
IPL26-056,Sai Sudharsan,BATSMAN,1.5,,83,50,24.0,1572.25,150.0,83,70.66666666666667,9.290211007766464,1921.5627165849678
IPL26-076,Sunil Narine,ALL_ROUNDER,2.0,,70,98,37.0,0.0,200.0,98,85.0,4.225045557944862,2410.8370896658853
IPL26-077,Varun Chakravarthy,BOWLER,2.0,,50,85,34.0,0.0,200.0,85,55.666666666666664,1.85160944841823,2009.5825380871886
IPL26-101,Rishabh Pant,WICKET_KEEPER,2.0,,82,50,28.0,0.0,200.0,82,88.66666666666667,2.93712877751447,2036.9379105795963
IPL26-127,Jasprit Bumrah,BOWLER,2.0,,50,95,32.0,0.0,200.0,95,55.666666666666664,3.768709282650545,2500.0
IPL26-128,Suryakumar Yadav,BATSMAN,2.0,,84,50,35.0,0.0,200.0,84,70.66666666666667,3.9173965368304104,1549.3736571350864
IPL26-131,Trent Boult,BOWLER,2.0,,50,87,36.0,0.0,200.0,87,55.666666666666664,3.87435046904052,1537.4747976974725
IPL26-132,Deepak Chahar,BOWLER,2.0,,50,80,26.0,0.0,200.0,80,55.666666666666664,-0.5540469068338141,1664.9755758262365
IPL26-137,Shardul Thakur,ALL_ROUNDER,2.0,,62,82,34.0,0.0,200.0,82,85.0,0.5590887396044402,1297.8347317963617
IPL26-151,Shreyas Iyer,BATSMAN,2.0,,83,50,31.0,0.0,200.0,83,70.66666666666667,1.5904383743787256,1964.2815520446588
IPL26-153,Yuzvendra Chahal,BOWLER,2.0,,50,100,35.0,0.0,200.0,100,55.666666666666664,5.344763016110816,2500.0
IPL26-177,Ravindra Jadeja,ALL_ROUNDER,2.0,,76,91,37.0,0.0,200.0,91,85.0,8.876974313401353,1973.6801125669967
IPL26-179,Jofra Archer,BOWLER,1.5,,50,80,31.0,0.0,150.0,80,55.666666666666664,-1.2397522760079955,1297.2991789928128
IPL26-184,Vaibhav Suryavanshi,BATSMAN,0.5,,80,50,26.0,0.0,50.0,80,70.66666666666667,-2.4668327991175314,1652.3249856813866
IPL26-200,Virat Kohli,BATSMAN,2.0,,100,50,37.0,0.0,200.0,100,70.66666666666667,5.217968496832086,2370.8777629678266
IPL26-205,Krunal Pandya,ALL_ROUNDER,2.0,,71,82,35.0,0.0,200.0,82,85.0,-2.636702428361038,1280.099742032866
IPL26-206,Bhuvneshwar Kumar,BOWLER,2.0,,50,98,36.0,0.0,200.0,98,55.666666666666664,6.235232372992195,2314.9633115936085
IPL26-218,Jordan Cox,WICKET_KEEPER,1.0,,80,50,34.0,0.0,100.0,80,88.66666666666667,1.223675510080966,1159.886381912899
IPL26-226,Heinrich Klaasen,WICKET_KEEPER,1.5,,80,50,26.0,0.0,150.0,80,88.66666666666667,2.7313619073116193,1931.1085396045428
IPL26-231,Harshal Patel,BOWLER,2.0,,50,88,35.0,0.0,200.0,88,55.666666666666664,5.941636593396018,2316.2507989638966
IPL26-232,Jaydev Unadkat,BOWLER,2.0,,50,81,33.0,0.0,200.0,81,55.666666666666664,-0.08011473772541533,1239.820926128305
IPL26-252,Gus Atkinson,BOWLER,1.0,,50,80,28.0,0.0,100.0,80,55.666666666666664,-1.1488299816027794,1186.0828060536783
IPL26-279,Karn Sharma,BOWLER,2.0,,50,80,38.0,0.0,200.0,80,55.666666666666664,1.4999651421285443,208.52119119636532
IPL26-286,Taskin Ahmed,BOWLER,1.0,,50,80,31.0,0.0,100.0,80,55.666666666666664,1.6557140195457523,1480.7826765720083
IPL26-003,Sanju Samson,WICKET_KEEPER,2.0,,85,50,31.0,0.0,200.0,85,88.66666666666667,0.995009775977288,1672.0223738441553
IPL26-011,Khaleel Ahmed,BOWLER,2.0,,50,80,26.0,0.0,200.0,80,55.666666666666664,3.1975952848250846,1653.308573022667
IPL26-024,Zak Foulkes,BOWLER,1.0,,50,81,24.0,0.0,100.0,81,55.666666666666664,1.0213546822112114,1271.5627976181981
IPL26-026,KL Rahul,WICKET_KEEPER,2.0,,87,50,34.0,1380.75,200.0,87,88.66666666666667,10.0,2500.0
IPL26-027,Axar Patel,ALL_ROUNDER,2.0,,71,86,32.0,0.0,200.0,86,85.0,-0.5027926968957247,2340.8187169971734
IPL26-030,Mitchell Starc,BOWLER,1.5,,50,80,36.0,0.0,150.0,80,55.666666666666664,2.093704568781672,644.03415726899
IPL26-045,David Miller,BATSMAN,2.0,,80,50,26.0,0.0,200.0,80,70.66666666666667,3.387222862762865,1300.2570485468873
IPL26-046,Ben Duckett,BATSMAN,1.0,,84,50,31.0,0.0,100.0,84,70.66666666666667,-0.7856654502150819,1475.439384107038
IPL26-051,Shubman Gill,BATSMAN,2.0,,84,50,26.0,1502.36,200.0,84,70.66666666666667,9.570936123098543,2088.1383916627647
IPL26-052,Rashid Khan,ALL_ROUNDER,2.0,,63,83,26.0,1036.91,200.0,83,85.0,9.753757878051282,1758.961919063846
IPL26-053,Jos Buttler,WICKET_KEEPER,2.0,,86,50,35.0,0.0,200.0,86,88.66666666666667,0.13933015237865398,1765.0722413306519
IPL26-054,Kagiso Rabada,BOWLER,2.0,,50,89,31.0,0.0,200.0,89,55.666666666666664,4.519692442213337,2274.3410353113677
IPL26-056,Sai Sudharsan,BATSMAN,1.5,,83,50,24.0,1572.25,150.0,83,70.66666666666667,9.347191515830197,1924.31488196473
IPL26-076,Sunil Narine,ALL_ROUNDER,2.0,,70,98,37.0,0.0,200.0,98,85.0,3.627400265866155,2414.2900200944155
IPL26-077,Varun Chakravarthy,BOWLER,2.0,,50,85,34.0,0.0,200.0,85,55.666666666666664,3.0874252878259685,2012.460770185138
IPL26-101,Rishabh Pant,WICKET_KEEPER,2.0,,82,50,28.0,0.0,200.0,82,88.66666666666667,1.9464570243206853,2039.8553225119974
IPL26-127,Jasprit Bumrah,BOWLER,2.0,,50,95,32.0,0.0,200.0,95,55.666666666666664,4.449937285873613,2500.0
IPL26-128,Suryakumar Yadav,BATSMAN,2.0,,84,50,35.0,0.0,200.0,84,70.66666666666667,2.5862066287936973,1551.5927533439578
IPL26-131,Trent Boult,BOWLER,2.0,,50,87,36.0,0.0,200.0,87,55.666666666666664,2.6674223143920477,1539.6768517204605
IPL26-132,Deepak Chahar,BOWLER,2.0,,50,80,26.0,0.0,200.0,80,55.666666666666664,0.3397954891255883,1667.3602433150409
IPL26-137,Shardul Thakur,ALL_ROUNDER,2.0,,62,82,34.0,0.0,200.0,82,85.0,1.1595353355236995,1299.6935604396706
IPL26-151,Shreyas Iyer,BATSMAN,2.0,,83,50,31.0,0.0,200.0,83,70.66666666666667,1.971985044481751,1967.094901636105
IPL26-153,Yuzvendra Chahal,BOWLER,2.0,,50,100,35.0,0.0,200.0,100,55.666666666666664,5.638139005339279,2500.0
IPL26-177,Ravindra Jadeja,ALL_ROUNDER,2.0,,76,91,37.0,0.0,200.0,91,85.0,7.878306105151065,1976.506923281864
IPL26-179,Jofra Archer,BOWLER,1.5,,50,80,31.0,0.0,150.0,80,55.666666666666664,-0.23431548475858882,1299.1572405886182
IPL26-184,Vaibhav Suryavanshi,BATSMAN,0.5,,80,50,26.0,0.0,50.0,80,70.66666666666667,-2.6772085745905865,1654.6915343151934
IPL26-200,Virat Kohli,BATSMAN,2.0,,100,50,37.0,0.0,200.0,100,70.66666666666667,2.4693739367896095,2374.273461501406
IPL26-205,Krunal Pandya,ALL_ROUNDER,2.0,,71,82,35.0,0.0,200.0,82,85.0,-0.5425924104123506,1281.9331696708286
IPL26-206,Bhuvneshwar Kumar,BOWLER,2.0,,50,98,36.0,0.0,200.0,98,55.666666666666664,5.390931432008031,2318.2789264453113
IPL26-218,Jordan Cox,WICKET_KEEPER,1.0,,80,50,34.0,0.0,100.0,80,88.66666666666667,3.461002120179301,1161.547633516714
IPL26-226,Heinrich Klaasen,WICKET_KEEPER,1.5,,80,50,26.0,0.0,150.0,80,88.66666666666667,3.324780288450513,1933.8743770249878
IPL26-231,Harshal Patel,BOWLER,2.0,,50,88,35.0,0.0,200.0,88,55.666666666666664,5.852460592773052,2319.5682578241954
IPL26-232,Jaydev Unadkat,BOWLER,2.0,,50,81,33.0,0.0,200.0,81,55.666666666666664,1.7760938563702993,1241.596664281707
IPL26-252,Gus Atkinson,BOWLER,1.0,,50,80,28.0,0.0,100.0,80,55.666666666666664,0.009344409835965628,1187.7815775838387
IPL26-279,Karn Sharma,BOWLER,2.0,,50,80,38.0,0.0,200.0,80,55.666666666666664,1.4965429063440887,208.81984645148876
IPL26-286,Taskin Ahmed,BOWLER,1.0,,50,80,31.0,0.0,100.0,80,55.666666666666664,3.2212167673976455,1482.9035330927134
IPL26-003,Sanju Samson,WICKET_KEEPER,2.0,,85,50,31.0,0.0,200.0,85,88.66666666666667,1.1681633422715838,1638.4342952545112
IPL26-011,Khaleel Ahmed,BOWLER,2.0,,50,80,26.0,0.0,200.0,80,55.666666666666664,3.928323985830249,1620.0964227833463
IPL26-024,Zak Foulkes,BOWLER,1.0,,50,81,24.0,0.0,100.0,81,55.666666666666664,2.539043767488333,1246.0192691067498
IPL26-026,KL Rahul,WICKET_KEEPER,2.0,,87,50,34.0,1380.75,200.0,87,88.66666666666667,10.0,2500.0
IPL26-027,Axar Patel,ALL_ROUNDER,2.0,,71,86,32.0,0.0,200.0,86,85.0,-0.2449677542846173,2293.7956602124445
IPL26-030,Mitchell Starc,BOWLER,1.5,,50,80,36.0,0.0,150.0,80,55.666666666666664,-0.007671347733851808,631.0966091672669
IPL26-045,David Miller,BATSMAN,2.0,,80,50,26.0,0.0,200.0,80,70.66666666666667,0.8429452569705121,1274.1371014597426
IPL26-046,Ben Duckett,BATSMAN,1.0,,84,50,31.0,0.0,100.0,84,70.66666666666667,1.3536476679145304,1445.800322595136
IPL26-051,Shubman Gill,BATSMAN,2.0,,84,50,26.0,1502.36,200.0,84,70.66666666666667,9.057441994208123,2046.1912517785236
IPL26-052,Rashid Khan,ALL_ROUNDER,2.0,,63,83,26.0,1036.91,200.0,83,85.0,10.0,1723.627373248005
IPL26-053,Jos Buttler,WICKET_KEEPER,2.0,,86,50,35.0,0.0,200.0,86,88.66666666666667,-0.7784002522889193,1729.6149495589457
IPL26-054,Kagiso Rabada,BOWLER,2.0,,50,89,31.0,0.0,200.0,89,55.666666666666664,4.519154580833325,2228.653401803175
IPL26-056,Sai Sudharsan,BATSMAN,1.5,,83,50,24.0,1572.25,150.0,83,70.66666666666667,8.593184990502461,1885.658677061172
IPL26-076,Sunil Narine,ALL_ROUNDER,2.0,,70,98,37.0,0.0,200.0,98,85.0,3.8320602005527316,2365.791050103549
IPL26-077,Varun Chakravarthy,BOWLER,2.0,,50,85,34.0,0.0,200.0,85,55.666666666666664,2.4865824417341136,1972.0338646813877
IPL26-101,Rishabh Pant,WICKET_KEEPER,2.0,,82,50,28.0,0.0,200.0,82,88.66666666666667,-0.08691927014409062,1998.8781071613955
IPL26-127,Jasprit Bumrah,BOWLER,2.0,,50,95,32.0,0.0,200.0,95,55.666666666666664,3.1590136348768683,2500.0
IPL26-128,Suryakumar Yadav,BATSMAN,2.0,,84,50,35.0,0.0,200.0,84,70.66666666666667,3.8360066548226808,1520.4239004902602
IPL26-131,Trent Boult,BOWLER,2.0,,50,87,36.0,0.0,200.0,87,55.666666666666664,3.492348542472282,1508.7473690130344
IPL26-132,Deepak Chahar,BOWLER,2.0,,50,80,26.0,0.0,200.0,80,55.666666666666664,-1.903122148213106,1633.8658189785076
IPL26-137,Shardul Thakur,ALL_ROUNDER,2.0,,62,82,34.0,0.0,200.0,82,85.0,1.900395789794197,1273.584932867818
IPL26-151,Shreyas Iyer,BATSMAN,2.0,,83,50,31.0,0.0,200.0,83,70.66666666666667,2.0276654526683475,1927.5793190799116
IPL26-153,Yuzvendra Chahal,BOWLER,2.0,,50,100,35.0,0.0,200.0,100,55.666666666666664,5.399427796022164,2500.0
IPL26-177,Ravindra Jadeja,ALL_ROUNDER,2.0,,76,91,37.0,0.0,200.0,91,85.0,8.530505822984445,1936.8022692588822
IPL26-179,Jofra Archer,BOWLER,1.5,,50,80,31.0,0.0,150.0,80,55.666666666666664,-0.19201064047803793,1273.0593867681148
IPL26-184,Vaibhav Suryavanshi,BATSMAN,0.5,,80,50,26.0,0.0,50.0,80,70.66666666666667,-0.24582354733800238,1621.45160274154
IPL26-200,Virat Kohli,BATSMAN,2.0,,100,50,37.0,0.0,200.0,100,70.66666666666667,5.5935024615999005,2326.578355941982
IPL26-205,Krunal Pandya,ALL_ROUNDER,2.0,,71,82,35.0,0.0,200.0,82,85.0,-1.5873397321754523,1256.1813180669644
IPL26-206,Bhuvneshwar Kumar,BOWLER,2.0,,50,98,36.0,0.0,200.0,98,55.666666666666664,4.032315772130968,2271.7086556210415
IPL26-218,Jordan Cox,WICKET_KEEPER,1.0,,80,50,34.0,0.0,100.0,80,88.66666666666667,1.6850063215074074,1138.21412206945
IPL26-226,Heinrich Klaasen,WICKET_KEEPER,1.5,,80,50,26.0,0.0,150.0,80,88.66666666666667,2.5903653130775073,1895.0261381651958
IPL26-231,Harshal Patel,BOWLER,2.0,,50,88,35.0,0.0,200.0,88,55.666666666666664,7.353890761589366,2272.972086530913
IPL26-232,Jaydev Unadkat,BOWLER,2.0,,50,81,33.0,0.0,200.0,81,55.666666666666664,1.171707392061113,1216.6551042948902
IPL26-252,Gus Atkinson,BOWLER,1.0,,50,80,28.0,0.0,100.0,80,55.666666666666664,-2.321154117754842,1163.9210709307524
IPL26-279,Karn Sharma,BOWLER,2.0,,50,80,38.0,0.0,200.0,80,55.666666666666664,1.887829107107604,204.6250117869475
IPL26-286,Taskin Ahmed,BOWLER,1.0,,50,80,31.0,0.0,100.0,80,55.666666666666664,2.6991030735534713,1453.1145295545218
IPL26-003,Sanju Samson,WICKET_KEEPER,2.0,,85,50,31.0,0.0,200.0,85,88.66666666666667,3.2515027570454635,1617.5091957229445
IPL26-011,Khaleel Ahmed,BOWLER,2.0,,50,80,26.0,0.0,200.0,80,55.666666666666664,0.6744214583815109,1599.405523553719
IPL26-024,Zak Foulkes,BOWLER,1.0,,50,81,24.0,0.0,100.0,81,55.666666666666664,2.692738279924774,1230.1058587857956
IPL26-026,KL Rahul,WICKET_KEEPER,2.0,,87,50,34.0,1380.75,200.0,87,88.66666666666667,9.428625747582723,2500.0
IPL26-027,Axar Patel,ALL_ROUNDER,2.0,,71,86,32.0,0.0,200.0,86,85.0,-0.42804385502811837,2264.500678635191
IPL26-030,Mitchell Starc,BOWLER,1.5,,50,80,36.0,0.0,150.0,80,55.666666666666664,1.5564514033201884,623.0366220203256
IPL26-045,David Miller,BATSMAN,2.0,,80,50,26.0,0.0,200.0,80,70.66666666666667,0.4234009658592983,1257.8645870585683
IPL26-046,Ben Duckett,BATSMAN,1.0,,84,50,31.0,0.0,100.0,84,70.66666666666667,-1.9610144719536147,1427.3354285553205
IPL26-051,Shubman Gill,BATSMAN,2.0,,84,50,26.0,1502.36,200.0,84,70.66666666666667,10.0,2020.0585251088614
IPL26-052,Rashid Khan,ALL_ROUNDER,2.0,,63,83,26.0,1036.91,200.0,83,85.0,10.0,1701.6142388519474
IPL26-053,Jos Buttler,WICKET_KEEPER,2.0,,86,50,35.0,0.0,200.0,86,88.66666666666667,-0.5436281109798066,1707.5253454316196
IPL26-054,Kagiso Rabada,BOWLER,2.0,,50,89,31.0,0.0,200.0,89,55.666666666666664,4.047143923230362,2200.19037805595
IPL26-056,Sai Sudharsan,BATSMAN,1.5,,83,50,24.0,1572.25,150.0,83,70.66666666666667,9.630613267936315,1861.5761760940288
IPL26-076,Sunil Narine,ALL_ROUNDER,2.0,,70,98,37.0,0.0,200.0,98,85.0,3.343126176148932,2335.5765866138086
IPL26-077,Varun Chakravarthy,BOWLER,2.0,,50,85,34.0,0.0,200.0,85,55.666666666666664,3.0790646350449955,1946.8482316550305
IPL26-101,Rishabh Pant,WICKET_KEEPER,2.0,,82,50,28.0,0.0,200.0,82,88.66666666666667,0.9994038364227946,1973.3496355803459
IPL26-127,Jasprit Bumrah,BOWLER,2.0,,50,95,32.0,0.0,200.0,95,55.666666666666664,3.2997821725516774,2500.0
IPL26-128,Suryakumar Yadav,BATSMAN,2.0,,84,50,35.0,0.0,200.0,84,70.66666666666667,1.618356042581124,1501.0059588980466
IPL26-131,Trent Boult,BOWLER,2.0,,50,87,36.0,0.0,200.0,87,55.666666666666664,4.085709150300199,1489.4785530733125
IPL26-132,Deepak Chahar,BOWLER,2.0,,50,80,26.0,0.0,200.0,80,55.666666666666664,-0.08962671527129984,1612.9990652842198
IPL26-137,Shardul Thakur,ALL_ROUNDER,2.0,,62,82,34.0,0.0,200.0,82,85.0,3.830341262090788,1257.3194704325222
IPL26-151,Shreyas Iyer,BATSMAN,2.0,,83,50,31.0,0.0,200.0,83,70.66666666666667,0.9475665661328327,1902.9614328310943
IPL26-153,Yuzvendra Chahal,BOWLER,2.0,,50,100,35.0,0.0,200.0,100,55.666666666666664,5.371661226200093,2500.0
IPL26-177,Ravindra Jadeja,ALL_ROUNDER,2.0,,76,91,37.0,0.0,200.0,91,85.0,8.211060028047818,1912.066593025426
IPL26-179,Jofra Archer,BOWLER,1.5,,50,80,31.0,0.0,150.0,80,55.666666666666664,-2.0093141898882805,1256.800636292204
IPL26-184,Vaibhav Suryavanshi,BATSMAN,0.5,,80,50,26.0,0.0,50.0,80,70.66666666666667,-1.6907948477230135,1600.7433959667821
IPL26-200,Virat Kohli,BATSMAN,2.0,,100,50,37.0,0.0,200.0,100,70.66666666666667,6.249552796048389,2296.864693449027
IPL26-205,Krunal Pandya,ALL_ROUNDER,2.0,,71,82,35.0,0.0,200.0,82,85.0,-0.6522605467861179,1240.1381241553265
IPL26-206,Bhuvneshwar Kumar,BOWLER,2.0,,50,98,36.0,0.0,200.0,98,55.666666666666664,5.55995587636112,2242.6957560111687
IPL26-218,Jordan Cox,WICKET_KEEPER,1.0,,80,50,34.0,0.0,100.0,80,88.66666666666667,2.2809058783460037,1123.6775343884417
IPL26-226,Heinrich Klaasen,WICKET_KEEPER,1.5,,80,50,26.0,0.0,150.0,80,88.66666666666667,3.0965969557376734,1870.8240016066056
IPL26-231,Harshal Patel,BOWLER,2.0,,50,88,35.0,0.0,200.0,88,55.666666666666664,4.7041286269927,2243.943051139693
IPL26-232,Jaydev Unadkat,BOWLER,2.0,,50,81,33.0,0.0,200.0,81,55.666666666666664,0.9025440927487249,1201.1167154643485
IPL26-252,Gus Atkinson,BOWLER,1.0,,50,80,28.0,0.0,100.0,80,55.666666666666664,-1.508855402103897,1149.0561695266163
IPL26-279,Karn Sharma,BOWLER,2.0,,50,80,38.0,0.0,200.0,80,55.666666666666664,1.0107525496985836,202.01166393974273
IPL26-286,Taskin Ahmed,BOWLER,1.0,,50,80,31.0,0.0,100.0,80,55.666666666666664,4.512541855411072,1434.556222852958
IPL26-003,Sanju Samson,WICKET_KEEPER,2.0,,85,50,31.0,0.0,200.0,85,88.66666666666667,2.976087117277188,1598.7591650113338
IPL26-011,Khaleel Ahmed,BOWLER,2.0,,50,80,26.0,0.0,200.0,80,55.666666666666664,2.13767414215983,1580.8653490890238
IPL26-024,Zak Foulkes,BOWLER,1.0,,50,81,24.0,0.0,100.0,81,55.666666666666664,0.7262249247346921,1215.846575010622
IPL26-026,KL Rahul,WICKET_KEEPER,2.0,,87,50,34.0,1380.75,200.0,87,88.66666666666667,10.0,2474.1158864767367
IPL26-027,Axar Patel,ALL_ROUNDER,2.0,,71,86,32.0,0.0,200.0,86,85.0,-0.5379097032561863,2238.250777006721
IPL26-030,Mitchell Starc,BOWLER,1.5,,50,80,36.0,0.0,150.0,80,55.666666666666664,0.9041163475901581,615.8144338385032
IPL26-045,David Miller,BATSMAN,2.0,,80,50,26.0,0.0,200.0,80,70.66666666666667,1.1645829467182218,1243.2835264372377
IPL26-046,Ben Duckett,BATSMAN,1.0,,84,50,31.0,0.0,100.0,84,70.66666666666667,0.19081913139412543,1410.7898761764231
IPL26-051,Shubman Gill,BATSMAN,2.0,,84,50,26.0,1502.36,200.0,84,70.66666666666667,10.0,1996.6421763887458
IPL26-052,Rashid Khan,ALL_ROUNDER,2.0,,63,83,26.0,1036.91,200.0,83,85.0,10.0,1681.8892695459597
IPL26-053,Jos Buttler,WICKET_KEEPER,2.0,,86,50,35.0,0.0,200.0,86,88.66666666666667,-1.506027596706802,1687.731855074746
IPL26-054,Kagiso Rabada,BOWLER,2.0,,50,89,31.0,0.0,200.0,89,55.666666666666664,4.556285324450699,2174.6859560291555
IPL26-056,Sai Sudharsan,BATSMAN,1.5,,83,50,24.0,1572.25,150.0,83,70.66666666666667,10.0,1839.9969414497612
IPL26-076,Sunil Narine,ALL_ROUNDER,2.0,,70,98,37.0,0.0,200.0,98,85.0,6.398212733900167,2308.502779031061
IPL26-077,Varun Chakravarthy,BOWLER,2.0,,50,85,34.0,0.0,200.0,85,55.666666666666664,2.099858544442138,1924.2805305063137
IPL26-101,Rishabh Pant,WICKET_KEEPER,2.0,,82,50,28.0,0.0,200.0,82,88.66666666666667,1.5712299349303718,1950.4747323836812
IPL26-127,Jasprit Bumrah,BOWLER,2.0,,50,95,32.0,0.0,200.0,95,55.666666666666664,0.8583808892769351,2495.8745212767008
IPL26-128,Suryakumar Yadav,BATSMAN,2.0,,84,50,35.0,0.0,200.0,84,70.66666666666667,3.3796840226059213,1483.6064239203984
IPL26-131,Trent Boult,BOWLER,2.0,,50,87,36.0,0.0,200.0,87,55.666666666666664,3.7890896828990055,1472.2126428155796
IPL26-132,Deepak Chahar,BOWLER,2.0,,50,80,26.0,0.0,200.0,80,55.666666666666664,1.5193396070702485,1594.3013156257637
IPL26-137,Shardul Thakur,ALL_ROUNDER,2.0,,62,82,34.0,0.0,200.0,82,85.0,1.21762558411057,1242.7447287573261
IPL26-151,Shreyas Iyer,BATSMAN,2.0,,83,50,31.0,0.0,200.0,83,70.66666666666667,0.42591774347826705,1880.9024637674615
IPL26-153,Yuzvendra Chahal,BOWLER,2.0,,50,100,35.0,0.0,200.0,100,55.666666666666664,4.379844427765146,2495.8745212767008
IPL26-177,Ravindra Jadeja,ALL_ROUNDER,2.0,,76,91,37.0,0.0,200.0,91,85.0,5.60542348040282,1889.9020777097355
IPL26-179,Jofra Archer,BOWLER,1.5,,50,80,31.0,0.0,150.0,80,55.666666666666664,0.6185039953017663,1242.2319088987758
IPL26-184,Vaibhav Suryavanshi,BATSMAN,0.5,,80,50,26.0,0.0,50.0,80,70.66666666666667,-4.1664099083885855,1582.187712997468
IPL26-200,Virat Kohli,BATSMAN,2.0,,100,50,37.0,0.0,200.0,100,70.66666666666667,5.397725298247767,2270.239630879701
IPL26-205,Krunal Pandya,ALL_ROUNDER,2.0,,71,82,35.0,0.0,200.0,82,85.0,-3.3187250460247495,1225.7625472027894
IPL26-206,Bhuvneshwar Kumar,BOWLER,2.0,,50,98,36.0,0.0,200.0,98,55.666666666666664,5.323585326697153,2216.698615213948
IPL26-218,Jordan Cox,WICKET_KEEPER,1.0,,80,50,34.0,0.0,100.0,80,88.66666666666667,3.591043997628109,1110.6519588087533
IPL26-226,Heinrich Klaasen,WICKET_KEEPER,1.5,,80,50,26.0,0.0,150.0,80,88.66666666666667,3.2874001499244385,1849.1375669458962
IPL26-231,Harshal Patel,BOWLER,2.0,,50,88,35.0,0.0,200.0,88,55.666666666666664,5.530092360342961,2217.9314518021265
IPL26-232,Jaydev Unadkat,BOWLER,2.0,,50,81,33.0,0.0,200.0,81,55.666666666666664,0.678020279055175,1187.1934714032107
IPL26-252,Gus Atkinson,BOWLER,1.0,,50,80,28.0,0.0,100.0,80,55.666666666666664,-1.123768124077778,1135.736406940438
IPL26-279,Karn Sharma,BOWLER,2.0,,50,80,38.0,0.0,200.0,80,55.666666666666664,2.188205066539972,200.0
IPL26-286,Taskin Ahmed,BOWLER,1.0,,50,80,31.0,0.0,100.0,80,55.666666666666664,0.6607135385435914,1417.9269676331733
IPL26-003,Sanju Samson,WICKET_KEEPER,2.0,,85,50,31.0,0.0,200.0,85,88.66666666666667,2.3160386715049617,1561.3257728082272
IPL26-011,Khaleel Ahmed,BOWLER,2.0,,50,80,26.0,0.0,200.0,80,55.666666666666664,1.774451258494444,1543.850923196847
IPL26-024,Zak Foulkes,BOWLER,1.0,,50,81,24.0,0.0,100.0,81,55.666666666666664,1.7017586294046414,1187.3787089947584
IPL26-026,KL Rahul,WICKET_KEEPER,2.0,,87,50,34.0,1380.75,200.0,87,88.66666666666667,9.284936779362575,2416.1868672965625
IPL26-027,Axar Patel,ALL_ROUNDER,2.0,,71,86,32.0,0.0,200.0,86,85.0,-1.2345081655425052,2185.8443101552816
IPL26-030,Mitchell Starc,BOWLER,1.5,,50,80,36.0,0.0,150.0,80,55.666666666666664,2.123836873083094,601.3957373076549
IPL26-045,David Miller,BATSMAN,2.0,,80,50,26.0,0.0,200.0,80,70.66666666666667,1.0017963642626138,1214.17325086646
IPL26-046,Ben Duckett,BATSMAN,1.0,,84,50,31.0,0.0,100.0,84,70.66666666666667,-0.19720986650986377,1377.7576022061844
IPL26-051,Shubman Gill,BATSMAN,2.0,,84,50,26.0,1502.36,200.0,84,70.66666666666667,9.325809439661773,1949.892740129849
IPL26-052,Rashid Khan,ALL_ROUNDER,2.0,,63,83,26.0,1036.91,200.0,83,85.0,10.0,1642.509466729527
IPL26-053,Jos Buttler,WICKET_KEEPER,2.0,,86,50,35.0,0.0,200.0,86,88.66666666666667,-0.6689507257854288,1648.2152537958773
IPL26-054,Kagiso Rabada,BOWLER,2.0,,50,89,31.0,0.0,200.0,89,55.666666666666664,2.6728588065873904,2123.767797689747
IPL26-056,Sai Sudharsan,BATSMAN,1.5,,83,50,24.0,1572.25,150.0,83,70.66666666666667,8.419249182690558,1796.915201141916
IPL26-076,Sunil Narine,ALL_ROUNDER,2.0,,70,98,37.0,0.0,200.0,98,85.0,3.1850540856367164,2254.451429821864
IPL26-077,Varun Chakravarthy,BOWLER,2.0,,50,85,34.0,0.0,200.0,85,55.666666666666664,2.671294575904334,1879.2253718659974
IPL26-101,Rishabh Pant,WICKET_KEEPER,2.0,,82,50,28.0,0.0,200.0,82,88.66666666666667,3.012927667796996,1904.8062619614645
IPL26-127,Jasprit Bumrah,BOWLER,2.0,,50,95,32.0,0.0,200.0,95,55.666666666666664,4.784378284467873,2437.436044807339
IPL26-128,Suryakumar Yadav,BATSMAN,2.0,,84,50,35.0,0.0,200.0,84,70.66666666666667,1.5912543714604377,1448.8692212465564
IPL26-131,Trent Boult,BOWLER,2.0,,50,87,36.0,0.0,200.0,87,55.666666666666664,3.2151367431847806,1437.7422144540337
IPL26-132,Deepak Chahar,BOWLER,2.0,,50,80,26.0,0.0,200.0,80,55.666666666666664,-0.6804258228811526,1556.9722996339615
IPL26-137,Shardul Thakur,ALL_ROUNDER,2.0,,62,82,34.0,0.0,200.0,82,85.0,1.1762026587348804,1213.6470686106293
IPL26-151,Shreyas Iyer,BATSMAN,2.0,,83,50,31.0,0.0,200.0,83,70.66666666666667,2.332517357132242,1836.8629604058042
IPL26-153,Yuzvendra Chahal,BOWLER,2.0,,50,100,35.0,0.0,200.0,100,55.666666666666664,4.524484679382098,2437.436044807339
IPL26-177,Ravindra Jadeja,ALL_ROUNDER,2.0,,76,91,37.0,0.0,200.0,91,85.0,7.861443592175216,1845.6518571332842
IPL26-179,Jofra Archer,BOWLER,1.5,,50,80,31.0,0.0,150.0,80,55.666666666666664,0.883498062441423,1213.1462559307179
IPL26-184,Vaibhav Suryavanshi,BATSMAN,0.5,,80,50,26.0,0.0,50.0,80,70.66666666666667,-3.165548372467773,1545.1423252394245
IPL26-200,Virat Kohli,BATSMAN,2.0,,100,50,37.0,0.0,200.0,100,70.66666666666667,6.364478939542007,2217.084176101024
IPL26-205,Krunal Pandya,ALL_ROUNDER,2.0,,71,82,35.0,0.0,200.0,82,85.0,-1.9695656404887296,1197.062508334211
IPL26-206,Bhuvneshwar Kumar,BOWLER,2.0,,50,98,36.0,0.0,200.0,98,55.666666666666664,7.792365980382571,2164.7967712868804
IPL26-218,Jordan Cox,WICKET_KEEPER,1.0,,80,50,34.0,0.0,100.0,80,88.66666666666667,3.5686418080729636,1084.6471225050052
IPL26-226,Heinrich Klaasen,WICKET_KEEPER,1.5,,80,50,26.0,0.0,150.0,80,88.66666666666667,2.813671922602408,1805.8418077747558
IPL26-231,Harshal Patel,BOWLER,2.0,,50,88,35.0,0.0,200.0,88,55.666666666666664,5.430002520777854,2166.000742204395
IPL26-232,Jaydev Unadkat,BOWLER,2.0,,50,81,33.0,0.0,200.0,81,55.666666666666664,-0.44564221168032425,1159.3964899637397
IPL26-252,Gus Atkinson,BOWLER,1.0,,50,80,28.0,0.0,100.0,80,55.666666666666664,-0.2681564940476946,1109.1442426603057
IPL26-279,Karn Sharma,BOWLER,2.0,,50,80,38.0,0.0,200.0,80,55.666666666666664,1.6851719541660681,200.0
IPL26-286,Taskin Ahmed,BOWLER,1.0,,50,80,31.0,0.0,100.0,80,55.666666666666664,2.9544387875763762,1384.7275856021731
IPL26-003,Sanju Samson,WICKET_KEEPER,2.0,,85,50,31.0,0.0,200.0,85,88.66666666666667,3.927700366953271,1553.9258064041396
IPL26-011,Khaleel Ahmed,BOWLER,2.0,,50,80,26.0,0.0,200.0,80,55.666666666666664,3.467304329260485,1536.5337795465325
IPL26-024,Zak Foulkes,BOWLER,1.0,,50,81,24.0,0.0,100.0,81,55.666666666666664,1.4133943762271781,1181.7510797654745
IPL26-026,KL Rahul,WICKET_KEEPER,2.0,,87,50,34.0,1380.75,200.0,87,88.66666666666667,10.0,2404.735252293863
IPL26-027,Axar Patel,ALL_ROUNDER,2.0,,71,86,32.0,0.0,200.0,86,85.0,2.19004704180197,2175.484412982367
IPL26-030,Mitchell Starc,BOWLER,1.5,,50,80,36.0,0.0,150.0,80,55.666666666666664,0.4441046060400368,598.5453979812031
IPL26-045,David Miller,BATSMAN,2.0,,80,50,26.0,0.0,200.0,80,70.66666666666667,1.3663126005294557,1208.4186278264563
IPL26-046,Ben Duckett,BATSMAN,1.0,,84,50,31.0,0.0,100.0,84,70.66666666666667,-1.0534789415731922,1371.2276645423974
IPL26-051,Shubman Gill,BATSMAN,2.0,,84,50,26.0,1502.36,200.0,84,70.66666666666667,10.0,1940.6511449292634
IPL26-052,Rashid Khan,ALL_ROUNDER,2.0,,63,83,26.0,1036.91,200.0,83,85.0,10.0,1634.7247269373102
IPL26-053,Jos Buttler,WICKET_KEEPER,2.0,,86,50,35.0,0.0,200.0,86,88.66666666666667,-0.2615297575267228,1640.4034711959803
IPL26-054,Kagiso Rabada,BOWLER,2.0,,50,89,31.0,0.0,200.0,89,55.666666666666664,2.17402715202939,2113.7021146486477
IPL26-056,Sai Sudharsan,BATSMAN,1.5,,83,50,24.0,1572.25,150.0,83,70.66666666666667,10.0,1788.3986491506375
IPL26-076,Sunil Narine,ALL_ROUNDER,2.0,,70,98,37.0,0.0,200.0,98,85.0,4.70835193810572,2243.7663664411944
IPL26-077,Varun Chakravarthy,BOWLER,2.0,,50,85,34.0,0.0,200.0,85,55.666666666666664,3.6719883421962627,1870.3187075043984
IPL26-101,Rishabh Pant,WICKET_KEEPER,2.0,,82,50,28.0,0.0,200.0,82,88.66666666666667,2.290335110851938,1895.778355940636
IPL26-127,Jasprit Bumrah,BOWLER,2.0,,50,95,32.0,0.0,200.0,95,55.666666666666664,2.7034676224532945,2425.883718471724
IPL26-128,Suryakumar Yadav,BATSMAN,2.0,,84,50,35.0,0.0,200.0,84,70.66666666666667,3.5764351056504227,1442.0022471993293
IPL26-131,Trent Boult,BOWLER,2.0,,50,87,36.0,0.0,200.0,87,55.666666666666664,4.6165578192823045,1430.927977303793
IPL26-132,Deepak Chahar,BOWLER,2.0,,50,80,26.0,0.0,200.0,80,55.666666666666664,-1.3550169174419366,1549.5929666913794
IPL26-137,Shardul Thakur,ALL_ROUNDER,2.0,,62,82,34.0,0.0,200.0,82,85.0,2.310761558928027,1207.8949394326266
IPL26-151,Shreyas Iyer,BATSMAN,2.0,,83,50,31.0,0.0,200.0,83,70.66666666666667,1.1234041180052183,1828.1570744000492
IPL26-153,Yuzvendra Chahal,BOWLER,2.0,,50,100,35.0,0.0,200.0,100,55.666666666666664,4.218227893582874,2425.883718471724
IPL26-177,Ravindra Jadeja,ALL_ROUNDER,2.0,,76,91,37.0,0.0,200.0,91,85.0,7.770239558912332,1836.9043157973956
IPL26-179,Jofra Archer,BOWLER,1.5,,50,80,31.0,0.0,150.0,80,55.666666666666664,0.16464881417458022,1207.3965003745886
IPL26-184,Vaibhav Suryavanshi,BATSMAN,0.5,,80,50,26.0,0.0,50.0,80,70.66666666666667,-3.2905593272093947,1537.8190609371002
IPL26-200,Virat Kohli,BATSMAN,2.0,,100,50,37.0,0.0,200.0,100,70.66666666666667,6.423253488247484,2206.576216324844
IPL26-205,Krunal Pandya,ALL_ROUNDER,2.0,,71,82,35.0,0.0,200.0,82,85.0,-0.6689069478680798,1191.3889823478096
IPL26-206,Bhuvneshwar Kumar,BOWLER,2.0,,50,98,36.0,0.0,200.0,98,55.666666666666664,4.9391546956229115,2154.5366297724113
IPL26-218,Jordan Cox,WICKET_KEEPER,1.0,,80,50,34.0,0.0,100.0,80,88.66666666666667,0.4100810453743997,1079.5063937688165
IPL26-226,Heinrich Klaasen,WICKET_KEEPER,1.5,,80,50,26.0,0.0,150.0,80,88.66666666666667,2.7818476794072122,1797.2829477716991
IPL26-231,Harshal Patel,BOWLER,2.0,,50,88,35.0,0.0,200.0,88,55.666666666666664,5.947642251446735,2155.7348944212563
IPL26-232,Jaydev Unadkat,BOWLER,2.0,,50,81,33.0,0.0,200.0,81,55.666666666666664,0.8223642250472818,1153.9014835889218
IPL26-252,Gus Atkinson,BOWLER,1.0,,50,80,28.0,0.0,100.0,80,55.666666666666664,-1.5049016572777911,1103.8874088361827
IPL26-279,Karn Sharma,BOWLER,2.0,,50,80,38.0,0.0,200.0,80,55.666666666666664,-0.29188214004844326,200.0
IPL26-286,Taskin Ahmed,BOWLER,1.0,,50,80,31.0,0.0,100.0,80,55.666666666666664,1.6392249635232594,1378.1646134212688
IPL26-003,Sanju Samson,WICKET_KEEPER,2.0,,85,50,31.0,0.0,200.0,85,88.66666666666667,1.417852286589318,1618.730773794134
IPL26-011,Khaleel Ahmed,BOWLER,2.0,,50,80,26.0,0.0,200.0,80,55.666666666666664,2.1274880909240066,1600.6134293385385
IPL26-024,Zak Foulkes,BOWLER,1.0,,50,81,24.0,0.0,100.0,81,55.666666666666664,3.299888213539351,1231.0348614438994
IPL26-026,KL Rahul,WICKET_KEEPER,2.0,,87,50,34.0,1380.75,200.0,87,88.66666666666667,9.636296883899485,2500.0
IPL26-027,Axar Patel,ALL_ROUNDER,2.0,,71,86,32.0,0.0,200.0,86,85.0,-0.5749363463703182,2266.2108787246425
IPL26-030,Mitchell Starc,BOWLER,1.5,,50,80,36.0,0.0,150.0,80,55.666666666666664,0.48968268675019955,623.5071528074274
IPL26-045,David Miller,BATSMAN,2.0,,80,50,26.0,0.0,200.0,80,70.66666666666667,0.46798870015679617,1258.8145537110852
IPL26-046,Ben Duckett,BATSMAN,1.0,,84,50,31.0,0.0,100.0,84,70.66666666666667,-0.23591712554410288,1428.4133832676432
IPL26-051,Shubman Gill,BATSMAN,2.0,,84,50,26.0,1502.36,200.0,84,70.66666666666667,10.0,2021.584117175551
IPL26-052,Rashid Khan,ALL_ROUNDER,2.0,,63,83,26.0,1036.91,200.0,83,85.0,10.0,1702.8993348781719
IPL26-053,Jos Buttler,WICKET_KEEPER,2.0,,86,50,35.0,0.0,200.0,86,88.66666666666667,-1.315605239893282,1708.8149056539014
IPL26-054,Kagiso Rabada,BOWLER,2.0,,50,89,31.0,0.0,200.0,89,55.666666666666664,2.9875979644856057,2201.8520096098123
IPL26-056,Sai Sudharsan,BATSMAN,1.5,,83,50,24.0,1572.25,150.0,83,70.66666666666667,10.0,1862.982078849066
IPL26-076,Sunil Narine,ALL_ROUNDER,2.0,,70,98,37.0,0.0,200.0,98,85.0,3.066339368008042,2337.340464772483
IPL26-077,Varun Chakravarthy,BOWLER,2.0,,50,85,34.0,0.0,200.0,85,55.666666666666664,3.3851344902829936,1948.3185337182351
IPL26-101,Rishabh Pant,WICKET_KEEPER,2.0,,82,50,28.0,0.0,200.0,82,88.66666666666667,1.495384922506452,1974.8399520793116
IPL26-127,Jasprit Bumrah,BOWLER,2.0,,50,95,32.0,0.0,200.0,95,55.666666666666664,3.3578747231998394,2500.0
IPL26-128,Suryakumar Yadav,BATSMAN,2.0,,84,50,35.0,0.0,200.0,84,70.66666666666667,3.385185781240523,1502.1395511947476
IPL26-131,Trent Boult,BOWLER,2.0,,50,87,36.0,0.0,200.0,87,55.666666666666664,4.163139371316557,1490.6034396228001
IPL26-132,Deepak Chahar,BOWLER,2.0,,50,80,26.0,0.0,200.0,80,55.666666666666664,-1.3154414908468013,1614.2172372069579
IPL26-137,Shardul Thakur,ALL_ROUNDER,2.0,,62,82,34.0,0.0,200.0,82,85.0,0.7735252254542764,1258.2690254011252
IPL26-151,Shreyas Iyer,BATSMAN,2.0,,83,50,31.0,0.0,200.0,83,70.66666666666667,3.132787194181888,1904.3985906307607
IPL26-153,Yuzvendra Chahal,BOWLER,2.0,,50,100,35.0,0.0,200.0,100,55.666666666666664,5.621358616438732,2500.0
IPL26-177,Ravindra Jadeja,ALL_ROUNDER,2.0,,76,91,37.0,0.0,200.0,91,85.0,8.230275935957483,1913.5106272398034
IPL26-179,Jofra Archer,BOWLER,1.5,,50,80,31.0,0.0,150.0,80,55.666666666666664,0.6786080686571297,1257.7497994259968
IPL26-184,Vaibhav Suryavanshi,BATSMAN,0.5,,80,50,26.0,0.0,50.0,80,70.66666666666667,-2.262882845758154,1601.9523121419018
IPL26-200,Virat Kohli,BATSMAN,2.0,,100,50,37.0,0.0,200.0,100,70.66666666666667,4.744391299299059,2298.5993355452983
IPL26-205,Krunal Pandya,ALL_ROUNDER,2.0,,71,82,35.0,0.0,200.0,82,85.0,-2.221320635966591,1241.074703398103
IPL26-206,Bhuvneshwar Kumar,BOWLER,2.0,,50,98,36.0,0.0,200.0,98,55.666666666666664,4.554533134648295,2244.389488549529
IPL26-218,Jordan Cox,WICKET_KEEPER,1.0,,80,50,34.0,0.0,100.0,80,88.66666666666667,3.159824530373906,1124.526160064714
IPL26-226,Heinrich Klaasen,WICKET_KEEPER,1.5,,80,50,26.0,0.0,150.0,80,88.66666666666667,2.4336074027344945,1872.2368885203
IPL26-231,Harshal Patel,BOWLER,2.0,,50,88,35.0,0.0,200.0,88,55.666666666666664,7.448445034518782,2245.637725662421
IPL26-232,Jaydev Unadkat,BOWLER,2.0,,50,81,33.0,0.0,200.0,81,55.666666666666664,0.5223379376136081,1202.0238248918745
IPL26-252,Gus Atkinson,BOWLER,1.0,,50,80,28.0,0.0,100.0,80,55.666666666666664,-1.8180262043646485,1149.9239616992793
IPL26-279,Karn Sharma,BOWLER,2.0,,50,80,38.0,0.0,200.0,80,55.666666666666664,0.6212099231464232,202.16422753532893
IPL26-286,Taskin Ahmed,BOWLER,1.0,,50,80,31.0,0.0,100.0,80,55.666666666666664,1.4394175448366675,1435.6396308659444
IPL26-003,Sanju Samson,WICKET_KEEPER,2.0,,85,50,31.0,0.0,200.0,85,88.66666666666667,3.141710180563921,1659.5262034586594
IPL26-011,Khaleel Ahmed,BOWLER,2.0,,50,80,26.0,0.0,200.0,80,55.666666666666664,4.164511589418616,1640.9522637103742
IPL26-024,Zak Foulkes,BOWLER,1.0,,50,81,24.0,0.0,100.0,81,55.666666666666664,1.455819081238573,1262.0595364038384
IPL26-026,KL Rahul,WICKET_KEEPER,2.0,,87,50,34.0,1380.75,200.0,87,88.66666666666667,9.757301252174718,2500.0
IPL26-027,Axar Patel,ALL_ROUNDER,2.0,,71,86,32.0,0.0,200.0,86,85.0,-2.514617573853526,2323.324172673641
IPL26-030,Mitchell Starc,BOWLER,1.5,,50,80,36.0,0.0,150.0,80,55.666666666666664,0.09365268164923585,639.2208481355665
IPL26-045,David Miller,BATSMAN,2.0,,80,50,26.0,0.0,200.0,80,70.66666666666667,-0.06680098050275207,1290.5393355080196
IPL26-046,Ben Duckett,BATSMAN,1.0,,84,50,31.0,0.0,100.0,84,70.66666666666667,-0.9230682032852733,1464.4124132807547
IPL26-051,Shubman Gill,BATSMAN,2.0,,84,50,26.0,1502.36,200.0,84,70.66666666666667,9.86268903421112,2072.5323007761212
IPL26-052,Rashid Khan,ALL_ROUNDER,2.0,,63,83,26.0,1036.91,200.0,83,85.0,10.0,1745.8159898071185
IPL26-053,Jos Buttler,WICKET_KEEPER,2.0,,86,50,35.0,0.0,200.0,86,88.66666666666667,-0.24876874639623506,1751.8806454432915
IPL26-054,Kagiso Rabada,BOWLER,2.0,,50,89,31.0,0.0,200.0,89,55.666666666666664,3.501399125139361,2257.343324313856
IPL26-056,Sai Sudharsan,BATSMAN,1.5,,83,50,24.0,1572.25,150.0,83,70.66666666666667,8.904480611154437,1909.933156566468
IPL26-076,Sunil Narine,ALL_ROUNDER,2.0,,70,98,37.0,0.0,200.0,98,85.0,2.3654019097853523,2396.2463743136836
IPL26-077,Varun Chakravarthy,BOWLER,2.0,,50,85,34.0,0.0,200.0,85,55.666666666666664,5.022077596033047,1997.4202700867202
IPL26-101,Rishabh Pant,WICKET_KEEPER,2.0,,82,50,28.0,0.0,200.0,82,88.66666666666667,0.5931468870168503,2024.6100841284551
IPL26-127,Jasprit Bumrah,BOWLER,2.0,,50,95,32.0,0.0,200.0,95,55.666666666666664,4.596687844523218,2500.0
IPL26-128,Suryakumar Yadav,BATSMAN,2.0,,84,50,35.0,0.0,200.0,84,70.66666666666667,2.583473667345846,1539.99663614003
IPL26-131,Trent Boult,BOWLER,2.0,,50,87,36.0,0.0,200.0,87,55.666666666666664,4.339577917209282,1528.1697902249448
IPL26-132,Deepak Chahar,BOWLER,2.0,,50,80,26.0,0.0,200.0,80,55.666666666666664,0.666258972475225,1654.898916229708
IPL26-137,Shardul Thakur,ALL_ROUNDER,2.0,,62,82,34.0,0.0,200.0,82,85.0,3.264132976067809,1289.980058734041
IPL26-151,Shreyas Iyer,BATSMAN,2.0,,83,50,31.0,0.0,200.0,83,70.66666666666667,2.004288221166441,1952.3934517991809
IPL26-153,Yuzvendra Chahal,BOWLER,2.0,,50,100,35.0,0.0,200.0,100,55.666666666666664,4.462865114946126,2500.0
IPL26-177,Ravindra Jadeja,ALL_ROUNDER,2.0,,76,91,37.0,0.0,200.0,91,85.0,7.524990803097744,1961.7351309495295
IPL26-179,Jofra Archer,BOWLER,1.5,,50,80,31.0,0.0,150.0,80,55.666666666666664,0.20536206902657445,1289.447747169208
IPL26-184,Vaibhav Suryavanshi,BATSMAN,0.5,,80,50,26.0,0.0,50.0,80,70.66666666666667,-1.21002317526251,1642.3248891843027
IPL26-200,Virat Kohli,BATSMAN,2.0,,100,50,37.0,0.0,200.0,100,70.66666666666667,5.37349757605876,2356.528886918669
IPL26-205,Krunal Pandya,ALL_ROUNDER,2.0,,71,82,35.0,0.0,200.0,82,85.0,-0.6220269281453991,1272.3524035509379
IPL26-206,Bhuvneshwar Kumar,BOWLER,2.0,,50,98,36.0,0.0,200.0,98,55.666666666666664,7.282242863504736,2300.9528374412744
IPL26-218,Jordan Cox,WICKET_KEEPER,1.0,,80,50,34.0,0.0,100.0,80,88.66666666666667,2.3289754540883596,1152.8665911058263
IPL26-226,Heinrich Klaasen,WICKET_KEEPER,1.5,,80,50,26.0,0.0,150.0,80,88.66666666666667,3.2384051144934216,1919.421206961307
IPL26-231,Harshal Patel,BOWLER,2.0,,50,88,35.0,0.0,200.0,88,55.666666666666664,4.8746751402178266,2302.232532762145
IPL26-232,Jaydev Unadkat,BOWLER,2.0,,50,81,33.0,0.0,200.0,81,55.666666666666664,-1.9215063688348044,1232.317360541736
IPL26-252,Gus Atkinson,BOWLER,1.0,,50,80,28.0,0.0,100.0,80,55.666666666666664,-0.7534092668920562,1178.9044709096524
IPL26-279,Karn Sharma,BOWLER,2.0,,50,80,38.0,0.0,200.0,80,55.666666666666664,1.6207504894156943,207.2591924662604
IPL26-286,Taskin Ahmed,BOWLER,1.0,,50,80,31.0,0.0,100.0,80,55.666666666666664,1.5127892269096759,1471.8207775598573
IPL26-003,Sanju Samson,WICKET_KEEPER,2.0,,85,50,31.0,0.0,200.0,85,88.66666666666667,1.9670016018439753,1583.659633021721
IPL26-011,Khaleel Ahmed,BOWLER,2.0,,50,80,26.0,0.0,200.0,80,55.666666666666664,1.7690594782471063,1565.9348158153202
IPL26-024,Zak Foulkes,BOWLER,1.0,,50,81,24.0,0.0,100.0,81,55.666666666666664,1.7939728653592366,1204.3634732054143
IPL26-026,KL Rahul,WICKET_KEEPER,2.0,,87,50,34.0,1380.75,200.0,87,88.66666666666667,7.801307187770835,2450.749019977116
IPL26-027,Axar Patel,ALL_ROUNDER,2.0,,71,86,32.0,0.0,200.0,86,85.0,0.6950282595731359,2217.111546065737
IPL26-030,Mitchell Starc,BOWLER,1.5,,50,80,36.0,0.0,150.0,80,55.666666666666664,0.29863749934268274,609.9983547523552
IPL26-045,David Miller,BATSMAN,2.0,,80,50,26.0,0.0,200.0,80,70.66666666666667,1.2918022416830661,1231.5412954680944
IPL26-046,Ben Duckett,BATSMAN,1.0,,84,50,31.0,0.0,100.0,84,70.66666666666667,-0.09233063285190646,1397.4656261379273
IPL26-051,Shubman Gill,BATSMAN,2.0,,84,50,26.0,1502.36,200.0,84,70.66666666666667,10.0,1977.7848255919619
IPL26-052,Rashid Khan,ALL_ROUNDER,2.0,,63,83,26.0,1036.91,200.0,83,85.0,8.138049865125954,1666.0046126293466
IPL26-053,Jos Buttler,WICKET_KEEPER,2.0,,86,50,35.0,0.0,200.0,86,88.66666666666667,-0.3440509323270484,1671.7920176725258
IPL26-054,Kagiso Rabada,BOWLER,2.0,,50,89,31.0,0.0,200.0,89,55.666666666666664,4.339900732443107,2154.1470650698084
IPL26-056,Sai Sudharsan,BATSMAN,1.5,,83,50,24.0,1572.25,150.0,83,70.66666666666667,9.902013553279309,1822.6190315767544
IPL26-076,Sunil Narine,ALL_ROUNDER,2.0,,70,98,37.0,0.0,200.0,98,85.0,2.2948866062497806,2286.700050813492
IPL26-077,Varun Chakravarthy,BOWLER,2.0,,50,85,34.0,0.0,200.0,85,55.666666666666664,2.61946246202595,1906.1066015849035
IPL26-101,Rishabh Pant,WICKET_KEEPER,2.0,,82,50,28.0,0.0,200.0,82,88.66666666666667,0.9354059199736924,1932.05341148614
IPL26-127,Jasprit Bumrah,BOWLER,2.0,,50,95,32.0,0.0,200.0,95,55.666666666666664,2.219429562942933,2472.30215465586
IPL26-128,Suryakumar Yadav,BATSMAN,2.0,,84,50,35.0,0.0,200.0,84,70.66666666666667,2.6737237491593526,1469.5944556713705
IPL26-131,Trent Boult,BOWLER,2.0,,50,87,36.0,0.0,200.0,87,55.666666666666664,5.84553738425078,1458.3082834960514
IPL26-132,Deepak Chahar,BOWLER,2.0,,50,80,26.0,0.0,200.0,80,55.666666666666664,-1.0014709532921873,1579.2438859370322
IPL26-137,Shardul Thakur,ALL_ROUNDER,2.0,,62,82,34.0,0.0,200.0,82,85.0,1.5045665798501529,1231.007586480077
IPL26-151,Shreyas Iyer,BATSMAN,2.0,,83,50,31.0,0.0,200.0,83,70.66666666666667,2.574881365495842,1863.1382203826256
IPL26-153,Yuzvendra Chahal,BOWLER,2.0,,50,100,35.0,0.0,200.0,100,55.666666666666664,4.676287804503789,2472.30215465586
IPL26-177,Ravindra Jadeja,ALL_ROUNDER,2.0,,76,91,37.0,0.0,200.0,91,85.0,6.251726118275075,1872.052837183623
IPL26-179,Jofra Archer,BOWLER,1.5,,50,80,31.0,0.0,150.0,80,55.666666666666664,-0.19378389698456544,1230.4996099650575
IPL26-184,Vaibhav Suryavanshi,BATSMAN,0.5,,80,50,26.0,0.0,50.0,80,70.66666666666667,-2.200218294529191,1567.2446906156022
IPL26-200,Virat Kohli,BATSMAN,2.0,,100,50,37.0,0.0,200.0,100,70.66666666666667,6.344946062502761,2248.7982801867643
IPL26-205,Krunal Pandya,ALL_ROUNDER,2.0,,71,82,35.0,0.0,200.0,82,85.0,-2.213065624371214,1214.1857936815506
IPL26-206,Bhuvneshwar Kumar,BOWLER,2.0,,50,98,36.0,0.0,200.0,98,55.666666666666664,6.626202613989238,2195.762934353275
IPL26-218,Jordan Cox,WICKET_KEEPER,1.0,,80,50,34.0,0.0,100.0,80,88.66666666666667,1.8498350297236315,1100.1623709156074
IPL26-226,Heinrich Klaasen,WICKET_KEEPER,1.5,,80,50,26.0,0.0,150.0,80,88.66666666666667,1.8188105875736476,1831.6733281434892
IPL26-231,Harshal Patel,BOWLER,2.0,,50,88,35.0,0.0,200.0,88,55.666666666666664,5.084807653230966,2196.984127376926
IPL26-232,Jaydev Unadkat,BOWLER,2.0,,50,81,33.0,0.0,200.0,81,55.666666666666664,2.6436122959027886,1175.9809847500471
IPL26-252,Gus Atkinson,BOWLER,1.0,,50,80,28.0,0.0,100.0,80,55.666666666666664,-1.301701018957665,1125.0099081758517
IPL26-279,Karn Sharma,BOWLER,2.0,,50,80,38.0,0.0,200.0,80,55.666666666666664,2.6520788374270547,200.0
IPL26-286,Taskin Ahmed,BOWLER,1.0,,50,80,31.0,0.0,100.0,80,55.666666666666664,0.31945250721628815,1404.5353111064944
IPL26-003,Sanju Samson,WICKET_KEEPER,2.0,,85,50,31.0,0.0,200.0,85,88.66666666666667,4.3611662856215325,1644.984258878123
IPL26-011,Khaleel Ahmed,BOWLER,2.0,,50,80,26.0,0.0,200.0,80,55.666666666666664,3.6321696458495265,1626.573077151916
IPL26-024,Zak Foulkes,BOWLER,1.0,,50,81,24.0,0.0,100.0,81,55.666666666666664,0.2628466335849513,1251.0004764158296
IPL26-026,KL Rahul,WICKET_KEEPER,2.0,,87,50,34.0,1380.75,200.0,87,88.66666666666667,6.992367660306243,2500.0
IPL26-027,Axar Patel,ALL_ROUNDER,2.0,,71,86,32.0,0.0,200.0,86,85.0,-0.05342799645137408,2302.9655599013768
IPL26-030,Mitchell Starc,BOWLER,1.5,,50,80,36.0,0.0,150.0,80,55.666666666666664,0.7921046227296431,633.6195420947594
IPL26-045,David Miller,BATSMAN,2.0,,80,50,26.0,0.0,200.0,80,70.66666666666667,-0.11720285627529758,1279.2307153386923
IPL26-046,Ben Duckett,BATSMAN,1.0,,84,50,31.0,0.0,100.0,84,70.66666666666667,-1.3009614586327305,1451.580193992746
IPL26-051,Shubman Gill,BATSMAN,2.0,,84,50,26.0,1502.36,200.0,84,70.66666666666667,9.030256280365325,2054.3713041034293
IPL26-052,Rashid Khan,ALL_ROUNDER,2.0,,63,83,26.0,1036.91,200.0,83,85.0,10.0,1730.5179129712853
IPL26-053,Jos Buttler,WICKET_KEEPER,2.0,,86,50,35.0,0.0,200.0,86,88.66666666666667,-1.082687373979868,1736.5294257971927
IPL26-054,Kagiso Rabada,BOWLER,2.0,,50,89,31.0,0.0,200.0,89,55.666666666666664,3.6877863907137667,2237.5628824907612
IPL26-056,Sai Sudharsan,BATSMAN,1.5,,83,50,24.0,1572.25,150.0,83,70.66666666666667,7.145373337095609,1893.1969688175589
IPL26-076,Sunil Narine,ALL_ROUNDER,2.0,,70,98,37.0,0.0,200.0,98,85.0,2.389304134260283,2375.248765535975
IPL26-077,Varun Chakravarthy,BOWLER,2.0,,50,85,34.0,0.0,200.0,85,55.666666666666664,2.0972986167706855,1979.917458253376
IPL26-101,Rishabh Pant,WICKET_KEEPER,2.0,,82,50,28.0,0.0,200.0,82,88.66666666666667,1.0720072434076047,2006.8690158770285
IPL26-127,Jasprit Bumrah,BOWLER,2.0,,50,95,32.0,0.0,200.0,95,55.666666666666664,2.402431833975784,2500.0
IPL26-128,Suryakumar Yadav,BATSMAN,2.0,,84,50,35.0,0.0,200.0,84,70.66666666666667,3.6243786461224787,1526.5020943302727
IPL26-131,Trent Boult,BOWLER,2.0,,50,87,36.0,0.0,200.0,87,55.666666666666664,2.4779532094057206,1514.7788836199234
IPL26-132,Deepak Chahar,BOWLER,2.0,,50,80,26.0,0.0,200.0,80,55.666666666666664,-0.35861471142395274,1640.3975192188946
IPL26-137,Shardul Thakur,ALL_ROUNDER,2.0,,62,82,34.0,0.0,200.0,82,85.0,2.5505769773408575,1278.6763393441263
IPL26-151,Shreyas Iyer,BATSMAN,2.0,,83,50,31.0,0.0,200.0,83,70.66666666666667,3.9717482180074835,1935.2851968549116
IPL26-153,Yuzvendra Chahal,BOWLER,2.0,,50,100,35.0,0.0,200.0,100,55.666666666666664,4.36934219737419,2500.0
IPL26-177,Ravindra Jadeja,ALL_ROUNDER,2.0,,76,91,37.0,0.0,200.0,91,85.0,7.9053698559724745,1944.545017592775
IPL26-179,Jofra Archer,BOWLER,1.5,,50,80,31.0,0.0,150.0,80,55.666666666666664,-1.9364582517679088,1278.1486922704348
IPL26-184,Vaibhav Suryavanshi,BATSMAN,0.5,,80,50,26.0,0.0,50.0,80,70.66666666666667,-4.493283066445289,1627.9336747087618
IPL26-200,Virat Kohli,BATSMAN,2.0,,100,50,37.0,0.0,200.0,100,70.66666666666667,6.2140420928463085,2335.8793109104176
IPL26-205,Krunal Pandya,ALL_ROUNDER,2.0,,71,82,35.0,0.0,200.0,82,85.0,-1.2464735198166232,1261.2031501671777
IPL26-206,Bhuvneshwar Kumar,BOWLER,2.0,,50,98,36.0,0.0,200.0,98,55.666666666666664,6.822395821032218,2280.7902581612584
IPL26-218,Jordan Cox,WICKET_KEEPER,1.0,,80,50,34.0,0.0,100.0,80,88.66666666666667,0.5742629528538259,1142.7643570816376
IPL26-226,Heinrich Klaasen,WICKET_KEEPER,1.5,,80,50,26.0,0.0,150.0,80,88.66666666666667,3.446654398017396,1902.6018781913453
IPL26-231,Harshal Patel,BOWLER,2.0,,50,88,35.0,0.0,200.0,88,55.666666666666664,8.262403805851747,2282.0587398849007
IPL26-232,Jaydev Unadkat,BOWLER,2.0,,50,81,33.0,0.0,200.0,81,55.666666666666664,1.128929376351525,1221.518922574753
IPL26-252,Gus Atkinson,BOWLER,1.0,,50,80,28.0,0.0,100.0,80,55.666666666666664,-0.8652034905311758,1168.574074531466
IPL26-279,Karn Sharma,BOWLER,2.0,,50,80,38.0,0.0,200.0,80,55.666666666666664,1.7241308015209165,205.44304055231675
IPL26-286,Taskin Ahmed,BOWLER,1.0,,50,80,31.0,0.0,100.0,80,55.666666666666664,0.4566904446985056,1458.9236409342648
