id,name,nationality,dynamicRating,age,impact_total,overall_rating,is_overseas,is_uncapped,form_score,current_retained_count,current_overseas_retained_count,retain_decision
IPL26-001,MS Dhoni,Indian,76.0,44.0,492.22,76.0,0,0,100.0,4,0,0
IPL26-002,Ruturaj Gaikwad,Indian,79.0,29.0,0.0,79.0,0,0,66.45071229516849,5,1,0
IPL26-003,Sanju Samson,Indian,85.0,31.0,0.0,85.0,0,0,62.92603548243223,1,2,1
IPL26-004,Shivam Dube,Indian,,32.0,0.0,50.0,0,0,39.715328071510385,1,2,0
IPL26-005,Ayush Mhatre,Indian,73.0,18.0,0.0,73.0,0,1,75.84544784612038,5,0,0
IPL26-006,Dewald Brevis,South African,68.0,23.0,0.0,68.0,1,1,44.48769937914996,0,0,0
IPL26-007,Urvil Patel,Indian,69.0,27.0,268.05,69.0,0,0,100.0,3,1,0
IPL26-008,Noor Ahmad,Afghan,76.0,21.0,701.28,76.0,1,1,100.0,1,1,1
IPL26-009,Nathan Ellis,Australian,71.0,26.0,0.0,71.0,1,0,47.487945645762295,5,2,0
IPL26-010,Shreyas Gopal,Indian,76.0,32.0,0.0,76.0,0,0,79.68819223261087,5,2,0
IPL26-011,Khaleel Ahmed,Indian,80.0,119.0,0.0,80.0,0,0,71.51152093729362,2,0,0
IPL26-012,Ramakrishna Ghosh,Indian,55.0,28.0,0.0,55.0,0,0,27.95788421097572,3,2,0
IPL26-013,Mukesh Choudhary,Indian,68.0,30.0,140.19,68.0,0,0,100.0,4,1,0
IPL26-014,Jamie Overton,English,,32.0,0.0,50.0,1,0,38.13840065378947,0,0,0
IPL26-015,Gurjapneet Singh,Indian,58.0,27.0,99.53,58.0,0,0,100.0,4,0,0
IPL26-016,Anshul Kamboj,Indian,,31.0,0.0,50.0,0,0,23.048734607813067,3,1,0
IPL26-017,Prashant Veer,Indian,73.0,20.0,0.0,73.0,0,1,46.01405369644615,3,1,0
IPL26-018,Kartik Sharma,Indian,70.0,26.0,292.84,70.0,0,0,100.0,3,1,0
IPL26-019,Rahul Chahar,Indian,78.0,26.0,0.0,78.0,0,0,61.629434073490515,4,1,0
IPL26-020,Akeal Hosein,West Indian,71.0,33.0,0.0,71.0,0,0,22.300796330133032,3,0,0
IPL26-021,Matt Henry,New Zealander,54.0,47.0,0.0,54.0,1,0,8.126232512304508,5,0,0
IPL26-022,Matthew Short,Australian,64.0,338.0,0.0,64.0,1,0,35.56568706138541,4,2,0
IPL26-023,Sarfaraz Khan,Indian,67.0,326.0,0.0,67.0,0,0,31.80753319498364,3,1,0
IPL26-024,Zak Foulkes,English,81.0,24.0,0.0,81.0,1,0,65.71370998892911,5,2,0
IPL26-025,Aman Khan,Indian,64.0,77.0,0.0,64.0,0,0,30.37963886718184,2,0,0
IPL26-026,KL Rahul,Indian,87.0,34.0,1380.75,87.0,0,0,100.0,3,0,0
IPL26-027,Axar Patel,Indian,,32.0,0.0,50.0,0,0,8.815444479970626,4,0,0
IPL26-028,Kuldeep Yadav,Indian,77.0,26.0,718.52,77.0,0,0,100.0,1,0,0
IPL26-029,T. Natarajan,Indian,75.0,26.0,0.0,75.0,0,0,76.98473153382331,3,0,0
IPL26-030,Mitchell Starc,Australian,80.0,36.0,0.0,80.0,1,0,56.61335549270196,1,0,0
IPL26-031,Tristan Stubbs,South African,77.0,25.0,0.0,77.0,1,0,58.012923070318855,5,0,0
IPL26-032,Mukesh Kumar,Indian,67.0,26.0,521.18,67.0,0,0,100.0,2,1,0
IPL26-033,Nitish Rana,Indian,76.0,32.0,0.0,76.0,0,0,34.62877720679815,0,0,0
IPL26-034,Abishek Porel,Indian,69.0,23.0,743.92,69.0,0,1,100.0,2,0,0
IPL26-035,Ashutosh Sharma,Indian,72.0,65.0,869.41,72.0,0,0,100.0,3,1,0
IPL26-036,Sameer Rizvi,Indian,71.0,22.0,503.63,71.0,0,1,100.0,1,1,0
IPL26-037,Karun Nair,Indian,70.0,34.0,0.0,70.0,0,0,41.834259132122256,1,2,0
IPL26-038,Dushmantha Chameera,Sri Lankan,61.0,34.0,0.0,61.0,1,0,42.663838845647994,4,0,0
IPL26-039,Vipraj Nigam,Indian,,21.0,0.0,50.0,0,1,12.735096338665457,1,2,0
IPL26-040,Ajay Mandal,Indian,,26.0,0.0,50.0,0,0,35.63547027518508,4,0,0
IPL26-041,Madhav Tiwari,Indian,70.0,22.0,0.0,70.0,0,1,40.99041965121793,5,1,0
IPL26-042,Tripurana Vijay,Indian,50.0,24.0,0.0,50.0,0,0,25.624593753100847,0,0,0
IPL26-043,Auqib Nabi Dar,Indian,,26.0,0.0,50.0,0,0,20.974400816559047,3,1,0
IPL26-044,Pathum Nissanka,Sri Lankan,69.0,28.0,0.0,69.0,1,0,76.78417276763406,4,1,0
IPL26-045,David Miller,South African,80.0,116.0,0.0,80.0,1,0,59.79754162893099,0,0,0
IPL26-046,Ben Duckett,English,84.0,31.0,0.0,84.0,1,0,48.13433606566149,1,0,0
IPL26-047,Lungi Ngidi,South African,77.0,30.0,0.0,77.0,1,0,69.33817368154783,1,0,0
IPL26-048,Kyle Jamieson,New Zealander,,26.0,0.0,50.0,1,0,11.687345250434667,0,0,0
IPL26-049,Prithvi Shaw,Indian,72.0,26.0,0.0,72.0,0,0,55.132953925071334,1,0,0
IPL26-050,Sahil Parakh,Indian,61.0,26.0,0.0,61.0,0,0,11.604948141803366,5,1,0
IPL26-051,Shubman Gill,Indian,84.0,26.0,1502.36,84.0,0,0,100.0,5,0,0
IPL26-052,Rashid Khan,Afghan,,26.0,1036.91,50.0,1,0,100.0,0,0,0
IPL26-053,Jos Buttler,English,86.0,35.0,0.0,86.0,1,0,46.07720926652354,4,2,0
IPL26-054,Kagiso Rabada,South African,89.0,31.0,0.0,89.0,1,0,71.95291853803685,4,0,0
IPL26-055,Mohammed Siraj,Indian,79.0,32.0,835.35,79.0,0,0,100.0,0,0,0
IPL26-056,Sai Sudharsan,Indian,83.0,24.0,1572.25,83.0,0,0,100.0,4,0,0
IPL26-057,Prasidh Krishna,Indian,77.0,30.0,571.61,77.0,0,0,100.0,4,1,0
IPL26-058,Washington Sundar,Indian,,26.0,670.48,50.0,0,0,100.0,5,2,0
IPL26-059,Rahul Tewatia,Indian,,33.0,0.0,50.0,0,0,41.07699869993115,4,0,0
IPL26-060,Shahrukh Khan,Indian,66.0,60.0,378.48,66.0,0,0,100.0,2,1,0
IPL26-061,R. Sai Kishore,Indian,75.0,26.0,0.0,75.0,0,0,57.57052421784956,3,2,0
IPL26-062,Glenn Phillips,New Zealander,61.0,52.0,0.0,61.0,1,0,39.265275764176394,1,2,0
IPL26-063,Jayant Yadav,Indian,61.0,36.0,0.0,61.0,0,0,36.48344456616067,2,0,0
IPL26-064,Anuj Rawat,Indian,66.0,26.0,109.12,66.0,0,0,100.0,4,0,0
IPL26-065,Kumar Kushagra,Indian,56.0,21.0,18.97,56.0,0,1,100.0,5,0,0
IPL26-066,Gurnoor Singh Brar,Indian,65.0,26.0,0.0,65.0,0,0,22.822170144488588,0,0,0
IPL26-067,Nishant Sindhu,Indian,61.0,22.0,0.0,61.0,0,1,30.20233687407937,4,0,0
IPL26-068,Manav Suthar,Indian,58.0,23.0,0.0,58.0,0,1,31.090418435603187,5,2,0
IPL26-069,Ishant Sharma,Indian,78.0,37.0,0.0,78.0,0,0,73.85683339328374,3,2,0
IPL26-070,Arshad Khan,Indian,64.0,26.0,357.1,64.0,0,0,100.0,4,0,0
IPL26-071,Jason Holder,West Indian,,41.0,0.0,50.0,0,0,35.15427434352692,0,0,0
IPL26-072,Tom Banton,English,58.0,27.0,0.0,58.0,1,0,11.554397669558991,5,2,0
IPL26-073,Ashok Sharma,Indian,64.0,26.0,94.13,64.0,0,0,100.0,5,1,0
IPL26-074,Luke Wood,English,50.0,26.0,0.0,50.0,1,0,34.86125954092192,5,0,0
IPL26-075,Prithvi Raj,Indian,73.0,26.0,0.0,73.0,0,0,47.22376579375525,3,0,0
IPL26-076,Sunil Narine,West Indian,,37.0,0.0,50.0,0,0,19.84616999541062,4,2,0
IPL26-077,Varun Chakravarthy,Indian,85.0,34.0,0.0,85.0,0,0,74.17514433261302,3,0,0
IPL26-078,Rinku Singh,Indian,74.0,37.0,0.0,74.0,0,0,69.46499283743927,1,1,0
IPL26-079,Harshit Rana,Indian,73.0,24.0,541.9,73.0,0,0,100.0,1,2,0
IPL26-080,Angkrish Raghuvanshi,Indian,73.0,22.0,0.0,73.0,0,1,66.96920178674299,4,0,0
IPL26-081,Ramandeep Singh,Indian,,26.0,355.97,50.0,0,0,100.0,3,2,0
IPL26-082,Ajinkya Rahane,Indian,84.0,38.0,0.0,84.0,0,0,51.41173715166042,0,0,0
IPL26-083,Rovman Powell,West Indian,67.0,32.0,0.0,67.0,0,0,42.36181436223178,5,0,0
IPL26-084,Vaibhav Arora,Indian,73.0,28.0,0.0,73.0,0,0,57.96895147105346,5,0,0
IPL26-085,Manish Pandey,Indian,79.0,26.0,0.0,79.0,0,0,73.63317690683539,4,1,0
IPL26-086,Anukul Roy,Indian,69.0,27.0,0.0,69.0,0,0,41.81238643232065,1,1,0
IPL26-087,Umran Malik,Indian,65.0,26.0,0.0,65.0,0,0,42.215115350042744,1,2,0
IPL26-088,Cameron Green,Australian,,26.0,0.0,50.0,1,0,13.404975389909577,5,0,0
IPL26-089,Matheesha Pathirana,Sri Lankan,77.0,24.0,0.0,77.0,1,0,39.05690063878994,4,0,0
IPL26-090,Mustafizur Rahman,Bangladeshi,77.0,30.0,258.07,77.0,1,0,100.0,3,1,0
IPL26-091,Tejasvi Singh,Indian,78.0,26.0,0.0,78.0,0,0,70.18788733591298,1,0,0
IPL26-092,Finn Allen,New Zealander,74.0,27.0,0.0,74.0,1,0,74.34360042856234,3,1,0
IPL26-093,Rachin Ravindra,New Zealander,67.0,26.0,0.0,67.0,1,0,45.91984817629499,1,0,0
IPL26-094,Tim Seifert,New Zealander,58.0,24.0,0.0,58.0,1,0,53.052993468380365,1,2,0
IPL26-095,Akash Deep,Indian,58.0,26.0,74.49,58.0,0,0,100.0,2,0,0
IPL26-096,Rahul Tripathi,Indian,73.0,26.0,0.0,73.0,0,0,58.424540375714514,1,0,0
IPL26-097,Prashant Solanki,Indian,75.0,26.0,0.0,75.0,0,0,45.323203680923136,0,0,0
IPL26-098,Kartik Tyagi,Indian,71.0,25.0,267.17,71.0,0,0,100.0,4,0,0
IPL26-099,Sarthak Ranjan,Indian,59.0,29.0,0.0,59.0,0,0,44.42093408262621,4,0,0
IPL26-100,Daksh Kamra,Indian,50.0,26.0,0.0,50.0,0,0,53.07054849698954,3,1,0
IPL26-101,Rishabh Pant,Indian,82.0,28.0,0.0,82.0,0,0,61.46260941335073,1,2,0
IPL26-102,Nicholas Pooran,West Indian,77.0,30.0,0.0,77.0,0,0,80.4696548372101,0,0,0
IPL26-103,Mayank Yadav,Indian,63.0,26.0,0.0,63.0,0,0,3.703823438653835,3,1,0
IPL26-104,Mohammed Shami,Indian,77.0,36.0,366.12,77.0,0,0,100.0,2,1,0
IPL26-105,Mohsin Khan,Indian,75.0,38.0,341.0,75.0,0,0,100.0,3,1,0
IPL26-106,Ayush Badoni,Indian,70.0,26.0,0.0,70.0,0,0,62.32853756562836,3,1,0
IPL26-107,Avesh Khan,Indian,73.0,29.0,614.92,73.0,0,0,100.0,1,1,0
IPL26-108,Abdul Samad,Indian,66.0,54.0,652.13,66.0,0,0,100.0,2,2,0
IPL26-109,Mitchell Marsh,Australian,,34.0,0.0,50.0,1,0,31.30570602357257,3,2,0
IPL26-110,Aiden Markram,South African,,31.0,0.0,50.0,1,0,25.514889743011988,0,0,0
IPL26-111,Shahbaz Ahmed,Indian,,57.0,458.64,50.0,0,0,100.0,0,0,0
IPL26-112,Matthew Breetzke,South African,61.0,27.0,0.0,61.0,1,0,42.37641164803254,4,1,0
IPL26-113,Digvesh Rathi,Indian,65.0,26.0,0.0,65.0,0,0,15.186466280986608,2,0,0
IPL26-114,Himmat Singh,Indian,66.0,29.0,101.92,66.0,0,0,100.0,2,1,0
IPL26-115,Arshin Kulkarni,Indian,56.0,26.0,0.0,56.0,0,0,32.70492168243732,4,1,0
IPL26-116,Manimaran Siddharth,Indian,68.0,27.0,0.0,68.0,0,0,53.3566885726762,3,2,0
IPL26-117,Akash Singh,Indian,67.0,39.0,96.39,67.0,0,0,100.0,2,0,0
IPL26-118,Arjun Tendulkar,Indian,64.0,26.0,32.51,64.0,0,0,100.0,0,0,0
IPL26-119,Prince Yadav,Indian,52.0,24.0,347.54,52.0,0,0,100.0,0,0,0
IPL26-120,Josh Inglis,Australian,74.0,31.0,0.0,74.0,1,0,76.16841067112274,1,2,0
IPL26-121,Akshat Raghuwanshi,Indian,59.0,22.0,22.82,59.0,0,1,100.0,2,2,0
IPL26-122,Mukul Choudhary,Indian,71.0,21.0,0.0,71.0,0,1,43.22594672589529,3,2,0
IPL26-123,Wanindu Hasaranga,Sri Lankan,76.0,28.0,0.0,76.0,1,0,43.87259595660218,4,0,0
IPL26-124,Anrich Nortje,South African,76.0,32.0,0.0,76.0,1,0,48.47364434623195,4,0,0
IPL26-125,Naman Tiwari,Indian,76.0,26.0,0.0,76.0,0,0,69.73103176553111,3,1,0
IPL26-126,Rohit Sharma,Indian,54.0,39.0,0.0,54.0,0,0,38.93126664489527,5,1,0
IPL26-127,Jasprit Bumrah,Indian,95.0,32.0,0.0,95.0,0,0,67.05359694349441,1,2,1
IPL26-128,Suryakumar Yadav,Indian,84.0,35.0,0.0,84.0,0,0,71.69901149670034,4,2,0
IPL26-129,Hardik Pandya,Indian,,32.0,0.0,50.0,0,0,31.456163240220604,2,2,0
IPL26-130,Tilak Varma,Indian,76.0,23.0,1185.21,76.0,0,1,100.0,1,1,1
IPL26-131,Trent Boult,New Zealander,87.0,36.0,0.0,87.0,1,0,81.52967485799334,2,1,1
IPL26-132,Deepak Chahar,Indian,80.0,26.0,0.0,80.0,0,0,49.469203591839715,0,0,0
IPL26-133,Naman Dhir,Indian,71.0,26.0,863.67,71.0,0,0,100.0,1,1,0
IPL26-134,Will Jacks,English,,27.0,0.0,50.0,1,0,25.085067801033475,4,1,0
IPL26-135,Robin Minz,Indian,55.0,23.0,0.0,55.0,0,1,29.118377703017636,1,1,0
IPL26-136,Ryan Rickelton,South African,73.0,29.0,0.0,73.0,1,0,31.04727577801822,1,1,0
IPL26-137,Shardul Thakur,Indian,,34.0,0.0,50.0,0,0,34.44180415596864,1,2,0
IPL26-138,Sherfane Rutherford,West Indian,67.0,27.0,0.0,67.0,0,0,50.91582908269834,5,2,0
IPL26-139,Mayank Markande,Indian,72.0,28.0,0.0,72.0,0,0,52.07670184963691,1,2,0
IPL26-140,Allah Ghazanfar,Afghan,70.0,26.0,0.0,70.0,1,0,46.481192999372794,2,2,0
IPL26-141,Corbin Bosch,South African,,31.0,0.0,50.0,1,0,8.769438869243785,0,0,0
IPL26-142,Mitchell Santner,New Zealander,,34.0,0.0,50.0,1,0,23.690320158519615,3,0,0
IPL26-143,Ashwani Kumar,Indian,73.0,97.0,180.0,73.0,0,0,100.0,1,1,0
IPL26-144,Raj Angad Bawa,Indian,62.0,23.0,0.0,62.0,0,1,36.85928225209846,4,0,0
IPL26-145,Raghu Sharma,Indian,59.0,67.0,37.39,59.0,0,0,100.0,1,2,0
IPL26-146,Quinton de Kock,South African,79.0,33.0,0.0,79.0,1,0,46.96584096167572,4,1,0
IPL26-147,Atharva Ankolekar,Indian,,25.0,0.0,50.0,0,0,27.580714325009865,2,2,0
IPL26-148,Mohammad Izhar,Indian,76.0,68.0,0.0,76.0,0,0,62.060762852218076,4,1,0
IPL26-149,Danish Malewar,Indian,52.0,26.0,0.0,52.0,0,0,60.29278851815795,3,2,0
IPL26-150,Mayank Rawat,Indian,56.0,26.0,0.0,56.0,0,0,38.61866719247759,0,0,0
IPL26-151,Shreyas Iyer,Indian,83.0,31.0,0.0,83.0,0,0,66.86325586084146,4,0,0
IPL26-152,Arshdeep Singh,Indian,78.0,21.0,828.89,78.0,0,1,100.0,4,0,1
IPL26-153,Yuzvendra Chahal,Indian,100.0,35.0,0.0,100.0,0,0,78.8833112635075,0,0,1
IPL26-154,Marco Jansen,South African,,26.0,0.0,50.0,1,0,1.2184317705143783,3,0,0
IPL26-155,Prabhsimran Singh,Indian,74.0,25.0,0.0,74.0,0,0,53.602291868261744,1,1,0
IPL26-156,Harpreet Brar,Indian,,30.0,492.23,50.0,0,0,100.0,4,0,0
IPL26-157,Shashank Singh,Indian,73.0,26.0,1092.28,73.0,0,0,100.0,0,0,0
IPL26-158,Azmatullah Omarzai,Afghan,,26.0,458.76,50.0,1,0,100.0,2,1,0
IPL26-159,Nehal Wadhera,Indian,68.0,25.0,0.0,68.0,0,0,48.9034531491154,0,0,0
IPL26-160,Xavier Bartlett,Australian,55.0,27.0,0.0,55.0,1,0,71.94863168727929,2,0,0
IPL26-161,Lockie Ferguson,New Zealander,74.0,35.0,0.0,74.0,1,0,51.114585528283165,3,1,0
IPL26-162,Marcus Stoinis,Australian,,36.0,0.0,50.0,1,0,34.523210135004184,1,0,0
IPL26-163,Mitch Owen,Australian,,22.0,0.0,50.0,1,1,29.47932345442135,0,0,0
IPL26-164,Musheer Khan,Indian,61.0,26.0,9.79,61.0,0,0,98.94999999999999,5,2,0
IPL26-165,Priyansh Arya,Indian,74.0,25.0,912.18,74.0,0,0,100.0,4,2,0
IPL26-166,Vyshak Vijaykumar,Indian,62.0,26.0,0.0,62.0,0,0,24.46982943570702,3,2,0
IPL26-167,Yash Thakur,Indian,67.0,26.0,223.54,67.0,0,0,100.0,0,0,0
IPL26-168,Pyla Avinash,Indian,63.0,25.0,0.0,63.0,0,0,60.14234221772531,4,2,0
IPL26-169,Harnoor Pannu,Indian,64.0,26.0,0.0,64.0,0,0,55.27899549030161,0,0,0
IPL26-170,Vishnu Vinod,Indian,62.0,32.0,15.19,62.0,0,0,100.0,2,2,0
IPL26-171,Suryansh Shedge,Indian,67.0,23.0,226.14,67.0,0,1,100.0,0,0,0
IPL26-172,Cooper Connolly,Australian,75.0,22.0,0.0,75.0,1,1,66.8654792056457,5,2,0
IPL26-173,Ben Dwarshuis,Australian,56.0,31.0,0.0,56.0,1,0,22.359188178078917,0,0,0
IPL26-174,Praveen Dubey,Indian,59.0,32.0,0.0,59.0,0,0,60.041914664041485,0,0,0
IPL26-175,Vishal Nishad,Indian,51.0,26.0,0.0,51.0,0,0,9.972234058115788,5,0,0
IPL26-176,Yashasvi Jaiswal,Indian,78.0,24.0,0.0,78.0,0,0,66.80285640700406,3,2,0
IPL26-177,Ravindra Jadeja,Indian,,37.0,0.0,50.0,0,0,62.856834387149675,0,0,0
IPL26-178,Riyan Parag,Indian,,24.0,0.0,50.0,0,0,15.141955123039676,5,2,0
IPL26-179,Jofra Archer,English,80.0,31.0,0.0,80.0,1,0,51.50553405595842,4,0,0
IPL26-180,Dhruv Jurel,Indian,73.0,25.0,1059.22,73.0,0,0,100.0,2,1,0
IPL26-181,Shimron Hetmyer,West Indian,72.0,29.0,0.0,72.0,0,0,53.49477047631462,2,0,0
IPL26-182,Sam Curran,English,,114.0,0.0,50.0,1,0,22.447865188257012,0,0,0
IPL26-183,Sandeep Sharma,Indian,77.0,26.0,459.67,77.0,0,0,100.0,3,2,0
IPL26-184,Vaibhav Suryavanshi,Indian,80.0,15.0,0.0,80.0,0,1,36.74004853400801,3,2,1
IPL26-185,Tushar Deshpande,Indian,72.0,26.0,0.0,72.0,0,0,53.02844462209041,4,0,0
IPL26-186,Shubham Dubey,Indian,72.0,32.0,0.0,72.0,0,0,36.06544429410843,0,0,0
IPL26-187,Yudhvir Charak,Indian,66.0,26.0,0.0,66.0,0,0,53.10388645952772,2,1,0
IPL26-188,Kwena Maphaka,South African,52.0,20.0,0.0,52.0,1,1,18.208636486492953,3,1,0
IPL26-189,Lhuan-Dre Pretorius,South African,57.0,20.0,0.0,57.0,1,1,60.24901607526309,0,0,0
IPL26-190,Nandre Burger,South African,70.0,30.0,0.0,70.0,1,0,38.251200614956446,3,1,0
IPL26-191,Donovan Ferreira,South African,69.0,27.0,0.0,69.0,1,0,44.16907725691487,5,0,0
IPL26-192,Ravi Bishnoi,Indian,74.0,25.0,466.26,74.0,0,0,100.0,3,1,0
IPL26-193,Adam Milne,New Zealander,59.0,34.0,0.0,59.0,1,0,51.202758260545046,2,0,0
IPL26-194,Ravi Singh,Indian,59.0,26.0,4.35,59.0,0,0,71.75,1,0,0
IPL26-195,Sushant Mishra,Indian,75.0,25.0,0.0,75.0,0,0,36.53703525349067,4,0,0
IPL26-196,Kuldeep Sen,Indian,70.0,29.0,0.0,70.0,0,0,53.41189901906194,4,1,0
IPL26-197,Brijesh Sharma,Indian,67.0,26.0,210.22,67.0,0,0,100.0,2,1,0
IPL26-198,Aman Rao Perala,Indian,71.0,26.0,0.0,71.0,0,0,70.60714131423643,3,1,0
IPL26-199,Vignesh Puthur,Indian,73.0,25.0,0.0,73.0,0,0,28.88775148158159,0,0,0
IPL26-200,Virat Kohli,Indian,100.0,37.0,0.0,100.0,0,0,82.76950787798457,3,1,1
IPL26-201,Rajat Patidar,Indian,75.0,33.0,0.0,75.0,0,0,58.89824191372635,2,1,0
IPL26-202,Phil Salt,English,75.0,47.0,0.0,75.0,1,0,66.72734307665965,4,0,0
IPL26-203,Josh Hazlewood,Australian,79.0,35.0,0.0,79.0,1,0,40.44573933682877,3,2,0
IPL26-204,Yash Dayal,Indian,68.0,28.0,485.16,68.0,0,0,100.0,4,0,0
IPL26-205,Krunal Pandya,Indian,,35.0,0.0,50.0,0,0,10.193150803735854,0,0,0
IPL26-206,Bhuvneshwar Kumar,Indian,98.0,36.0,0.0,98.0,0,0,85.82912348425347,4,0,1
IPL26-207,Tim David,Singaporean,74.0,26.0,0.0,74.0,1,0,58.45477009849779,4,2,0
IPL26-208,Romario Shepherd,West Indian,,31.0,0.0,50.0,0,0,33.75739275518815,1,0,0
IPL26-209,Nuwan Thushara,Sri Lankan,68.0,31.0,0.0,68.0,1,0,53.19672314245464,1,1,0
IPL26-210,Swapnil Singh,Indian,66.0,35.0,131.12,66.0,0,0,100.0,5,2,0
IPL26-211,Jacob Bethell,English,64.0,20.0,0.0,64.0,1,1,33.79962917632264,1,1,0
IPL26-212,Devdutt Padikkal,Indian,73.0,25.0,0.0,73.0,0,0,56.48380545741505,4,2,0
IPL26-213,Suyash Sharma,Indian,64.0,26.0,369.66,64.0,0,0,100.0,2,2,0
IPL26-214,Rasikh Dar,Indian,71.0,26.0,0.0,71.0,0,0,55.39608709948022,4,0,0
IPL26-215,Jitesh Sharma,Indian,56.0,32.0,0.0,56.0,0,0,25.28472872960448,2,0,0
IPL26-216,Abhinandan Singh,Indian,59.0,26.0,38.42,59.0,0,0,100.0,2,1,0
IPL26-217,Venkatesh Iyer,Indian,,35.0,0.0,50.0,0,0,57.986617667171345,1,0,0
IPL26-218,Jordan Cox,English,80.0,34.0,0.0,80.0,1,0,67.10749381367681,3,0,0
IPL26-219,Mangesh Yadav,Indian,65.0,26.0,0.0,65.0,0,0,27.130447541960272,0,0,0
IPL26-220,Vicky Kanhaiya Ostwal,Indian,74.0,26.0,0.0,74.0,0,0,63.84830412950745,1,0,0
IPL26-221,Kanishk Chouhan,Indian,50.0,26.0,0.0,50.0,0,0,15.379774946590178,1,2,0
IPL26-222,Vihaan Malhotra,Indian,50.0,19.0,0.0,50.0,0,1,41.806269056136784,3,2,0
IPL26-223,Satvik Deswal,Indian,77.0,26.0,0.0,77.0,0,0,74.37893368511106,0,0,0
IPL26-224,Yash Raj Punja,Indian,68.0,26.0,128.95,68.0,0,0,100.0,4,1,0
IPL26-225,Pat Cummins,Australian,,33.0,0.0,50.0,1,0,17.689765224724344,5,1,0
IPL26-226,Heinrich Klaasen,South African,80.0,97.0,0.0,80.0,1,0,74.45064193866483,5,1,0
IPL26-227,Travis Head,Australian,75.0,32.0,0.0,75.0,1,0,61.191713904047475,4,2,0
IPL26-228,Abhishek Sharma,Indian,,26.0,1410.48,50.0,0,0,100.0,1,1,0
IPL26-229,Nitish Kumar Reddy,Indian,,23.0,0.0,50.0,0,1,42.33090239991735,0,0,0
IPL26-230,Ishan Kishan,Indian,78.0,27.0,1062.44,78.0,0,0,100.0,1,0,0
IPL26-231,Harshal Patel,Indian,88.0,35.0,0.0,88.0,0,0,96.4518947398092,2,1,1
IPL26-232,Jaydev Unadkat,Indian,81.0,33.0,0.0,81.0,0,0,57.31917825995694,1,1,0
IPL26-233,Zeeshan Ansari,Indian,59.0,26.0,99.75,59.0,0,0,100.0,1,2,0
IPL26-234,Brydon Carse,English,72.0,30.0,0.0,72.0,1,0,40.693957534637654,4,2,0
IPL26-235,Kamindu Mendis,Sri Lankan,65.0,27.0,0.0,65.0,1,0,31.65728355561715,4,2,0
IPL26-236,Harsh Dubey,Indian,70.0,23.0,174.77,70.0,0,1,100.0,4,2,0
IPL26-237,Aniket Verma,Indian,66.0,24.0,403.65,66.0,0,0,100.0,5,2,0
IPL26-238,Eshan Malinga,Sri Lankan,74.0,25.0,0.0,74.0,1,0,41.762845725518424,2,2,0
IPL26-239,Smaran Ravichandaran,Indian,73.0,26.0,0.0,73.0,0,0,51.843474358788434,4,1,0
IPL26-240,Liam Livingstone,English,,32.0,0.0,50.0,1,0,35.117279622249654,0,0,0
IPL26-241,Salil Arora,Indian,68.0,23.0,31.36,68.0,0,1,100.0,5,2,0
IPL26-242,Jack Edwards,Australian,,97.0,0.0,50.0,1,0,34.150361989950284,3,0,0
IPL26-243,Shivam Mavi,Indian,64.0,27.0,0.0,64.0,0,0,56.40774873554036,0,0,0
IPL26-244,Amit Kumar,Indian,56.0,26.0,0.0,56.0,0,0,36.19502837816861,0,0,0
IPL26-245,Onkar Tarmale,Indian,,26.0,0.0,50.0,0,0,51.80301115735975,4,1,0
IPL26-246,Sakib Hussain,Indian,71.0,21.0,221.1,71.0,0,1,100.0,3,2,0
IPL26-247,Praful Hinge,Indian,70.0,26.0,0.0,70.0,0,0,46.03014750143066,3,2,0
IPL26-248,Shivang Kumar,Indian,63.0,26.0,185.9,63.0,0,0,100.0,5,2,0
IPL26-249,Krains Fuletra,Indian,55.0,26.0,0.0,55.0,0,0,75.80253749884429,3,0,0
IPL26-250,Jake Fraser-McGurk,Australian,71.0,23.0,0.0,71.0,1,1,60.385010216475095,2,2,0
IPL26-251,Devon Conway,New Zealander,76.0,26.0,0.0,76.0,1,0,43.14263665375576,4,0,0
IPL26-252,Gus Atkinson,English,80.0,28.0,0.0,80.0,1,0,43.93661252908332,3,1,0
IPL26-253,Jamie Smith,English,71.0,37.0,0.0,71.0,1,0,58.23708622864778,5,2,0
IPL26-254,Deepak Hooda,Indian,,31.0,0.0,50.0,0,0,26.648058220112237,2,0,0
IPL26-255,Wiaan Mulder,South African,50.0,28.0,0.0,50.0,1,0,40.71000741138138,1,0,0
IPL26-256,Rahmanullah Gurbaz,Afghan,67.0,24.0,183.09,67.0,1,0,100.0,1,2,0
IPL26-257,Jonny Bairstow,English,75.0,36.0,0.0,75.0,1,0,62.09856436860317,2,1,0
IPL26-258,K.S. Bharat,Indian,67.0,26.0,0.0,67.0,0,0,45.90756631014691,5,1,0
IPL26-259,Gerald Coetzee,South African,67.0,25.0,0.0,67.0,1,0,34.29809422897392,2,1,0
IPL26-260,Spencer Johnson,Australian,57.0,38.0,0.0,57.0,1,0,14.277291629712032,4,0,0
IPL26-261,Fazalhaq Farooqi,Afghan,63.0,25.0,34.22,63.0,1,0,100.0,4,0,0
IPL26-262,Maheesh Theekshana,Sri Lankan,71.0,25.0,0.0,71.0,1,0,44.302275718994686,1,0,0
IPL26-263,Mujeeb Ur Rahman,Afghan,67.0,25.0,8.29,67.0,1,0,91.44999999999999,3,0,0
IPL26-264,Aarya Desai,Indian,55.0,23.0,0.0,55.0,0,1,47.84598191485209,5,1,0
IPL26-265,Yash Dhull,Indian,55.0,23.0,0.0,55.0,0,1,38.21140616195306,1,2,0
IPL26-266,Abhinav Manohar,Indian,62.0,31.0,0.0,62.0,0,0,23.31391831932018,3,0,0
IPL26-267,Anmolpreet Singh,Indian,63.0,28.0,4.93,63.0,0,0,74.65,3,0,0
IPL26-268,Atharva Taide,Indian,68.0,26.0,59.39,68.0,0,0,100.0,4,1,0
IPL26-269,Mahipal Lomror,Indian,65.0,26.0,0.0,65.0,0,0,47.59771388776773,0,0,0
IPL26-270,Vijay Shankar,Indian,,35.0,0.0,50.0,0,0,35.77976069593255,0,0,0
IPL26-271,Tanush Kotian,Indian,61.0,27.0,18.32,61.0,0,0,100.0,2,1,0
IPL26-272,Kamlesh Nagarkoti,Indian,57.0,26.0,0.0,57.0,0,0,23.742138456983007,4,1,0
IPL26-273,Ruchit Ahir,Indian,74.0,26.0,0.0,74.0,0,0,56.305876589182915,3,2,0
IPL26-274,Sanvir Singh,Indian,60.0,29.0,20.67,60.0,0,0,100.0,5,0,0
IPL26-275,Vansh Bedi,Indian,50.0,23.0,0.0,50.0,0,1,30.873130776689997,0,0,0
IPL26-276,Raj Limbani,Indian,75.0,26.0,0.0,75.0,0,0,37.85544553254066,3,1,0
IPL26-277,Simarjeet Singh,Indian,65.0,28.0,87.74,65.0,0,0,100.0,0,0,0
IPL26-278,Akash Madhwal,Indian,68.0,32.0,143.34,68.0,0,0,100.0,0,0,0
IPL26-279,Karn Sharma,Indian,80.0,38.0,0.0,80.0,0,0,65.36681040522424,0,0,0
IPL26-280,Sean Abbott,Australian,54.0,34.0,0.0,54.0,1,0,42.41176789552352,5,1,0
IPL26-281,Michael Bracewell,New Zealander,,35.0,0.0,50.0,1,0,46.245768647629156,4,1,0
IPL26-282,Daryl Mitchell,New Zealander,67.0,60.0,0.0,67.0,1,0,62.80703078052355,5,2,0
IPL26-283,Dasun Shanaka,Sri Lankan,62.0,34.0,0.0,62.0,1,0,21.334959480643633,1,2,0
IPL26-284,Chetan Sakariya,Indian,70.0,27.0,0.0,70.0,0,0,35.93262440127316,3,0,0
IPL26-285,Waqar Salamkheil,Afghan,72.0,29.0,0.0,72.0,1,0,59.7255290081299,4,1,0
IPL26-286,Taskin Ahmed,Bangladeshi,80.0,31.0,0.0,80.0,1,0,67.70678926368313,4,0,0
IPL26-287,Alzarri Joseph,West Indian,68.0,29.0,0.0,68.0,0,0,55.72571529459072,4,0,0
IPL26-288,Riley Meredith,Australian,69.0,29.0,0.0,69.0,1,0,100.0,4,0,0
IPL26-289,Jhye Richardson,Australian,58.0,29.0,0.0,58.0,1,0,46.56335766039751,5,0,0
IPL26-290,Daniel Lawrence,English,79.0,26.0,0.0,79.0,1,0,76.03348460270898,4,1,0
IPL26-291,Murugan Ashwin,Indian,72.0,35.0,0.0,72.0,0,0,66.31002645239803,2,0,0
IPL26-292,William Sutherland,Australian,,163.0,0.0,50.0,1,0,39.77086876958697,3,1,0
IPL26-293,Kartikeya Singh,Indian,79.0,26.0,0.0,79.0,0,0,54.27096133039482,4,1,0
IPL26-294,Shivam Shukla,Indian,63.0,26.0,0.0,63.0,0,0,54.38453830739901,3,2,0
IPL26-295,Wahidullah Zadran,Afghan,62.0,26.0,0.0,62.0,1,0,30.407621781936424,2,1,0
IPL26-296,KC Cariappa,Indian,59.0,32.0,0.0,59.0,0,0,35.44772089889987,2,2,0
IPL26-297,Sediqullah Atal,Afghan,64.0,24.0,14.99,64.0,1,0,100.0,3,1,0
IPL26-298,Nathan Smith,New Zealander,53.0,263.0,0.0,53.0,1,0,25.719546782563448,0,0,0
IPL26-299,Manan Vohra,Indian,68.0,32.0,0.0,68.0,0,0,49.22811209079484,1,1,0
IPL26-300,Jacob Duffy,New Zealander,67.0,25.0,0.0,67.0,1,0,81.71987850010262,0,0,0
IPL26-001,MS Dhoni,Indian,76.0,44.0,492.22,76.0,0,0,90.66367403704126,4,0,0
IPL26-002,Ruturaj Gaikwad,Indian,79.0,29.0,0.0,79.0,0,0,67.32054394101634,5,1,0
IPL26-003,Sanju Samson,Indian,85.0,31.0,0.0,85.0,0,0,67.46539521864437,1,2,1
IPL26-004,Shivam Dube,Indian,,32.0,0.0,50.0,0,0,39.671375289993605,1,2,0
IPL26-005,Ayush Mhatre,Indian,73.0,18.0,0.0,73.0,0,1,78.10250383935787,5,0,0
IPL26-006,Dewald Brevis,South African,68.0,23.0,0.0,68.0,1,1,48.56695748159541,0,0,0
IPL26-007,Urvil Patel,Indian,69.0,27.0,268.05,69.0,0,0,100.0,3,1,0
IPL26-008,Noor Ahmad,Afghan,76.0,21.0,701.28,76.0,1,1,100.0,1,1,1
IPL26-009,Nathan Ellis,Australian,71.0,26.0,0.0,71.0,1,0,56.40350982263758,5,2,0
IPL26-010,Shreyas Gopal,Indian,76.0,32.0,0.0,76.0,0,0,85.89804522266016,5,2,0
IPL26-011,Khaleel Ahmed,Indian,80.0,119.0,0.0,80.0,0,0,71.08270509112945,2,0,0
IPL26-012,Ramakrishna Ghosh,Indian,55.0,28.0,0.0,55.0,0,0,23.409419460233458,3,2,0
IPL26-013,Mukesh Choudhary,Indian,68.0,30.0,140.19,68.0,0,0,100.0,4,1,0
IPL26-014,Jamie Overton,English,,32.0,0.0,50.0,1,0,39.21770389473449,0,0,0
IPL26-015,Gurjapneet Singh,Indian,58.0,27.0,99.53,58.0,0,0,100.0,4,0,0
IPL26-016,Anshul Kamboj,Indian,,31.0,0.0,50.0,0,0,27.98619963631668,3,1,0
IPL26-017,Prashant Veer,Indian,73.0,20.0,0.0,73.0,0,1,49.835075636455684,3,1,0
IPL26-018,Kartik Sharma,Indian,70.0,26.0,292.84,70.0,0,0,100.0,3,1,0
IPL26-019,Rahul Chahar,Indian,78.0,26.0,0.0,78.0,0,0,57.2509403651543,4,1,0
IPL26-020,Akeal Hosein,West Indian,71.0,33.0,0.0,71.0,0,0,21.310981486626456,3,0,0
IPL26-021,Matt Henry,New Zealander,54.0,47.0,0.0,54.0,1,0,10.510372983925059,5,0,0
IPL26-022,Matthew Short,Australian,64.0,338.0,0.0,64.0,1,0,26.91778659633968,4,2,0
IPL26-023,Sarfaraz Khan,Indian,67.0,326.0,0.0,67.0,0,0,38.01610299324536,3,1,0
IPL26-024,Zak Foulkes,English,81.0,24.0,0.0,81.0,1,0,76.048929997686,5,2,0
IPL26-025,Aman Khan,Indian,64.0,77.0,0.0,64.0,0,0,20.65494241532809,2,0,0
IPL26-026,KL Rahul,Indian,87.0,34.0,1380.75,87.0,0,0,92.99892224493232,3,0,0
IPL26-027,Axar Patel,Indian,,32.0,0.0,50.0,0,0,9.963756801136327,4,0,0
IPL26-028,Kuldeep Yadav,Indian,77.0,26.0,718.52,77.0,0,0,97.08709542182532,1,0,0
IPL26-029,T. Natarajan,Indian,75.0,26.0,0.0,75.0,0,0,78.28926370298167,3,0,0
IPL26-030,Mitchell Starc,Australian,80.0,36.0,0.0,80.0,1,0,56.25498530991478,1,0,0
IPL26-031,Tristan Stubbs,South African,77.0,25.0,0.0,77.0,1,0,52.89383047287358,5,0,0
IPL26-032,Mukesh Kumar,Indian,67.0,26.0,521.18,67.0,0,0,100.0,2,1,0
IPL26-033,Nitish Rana,Indian,76.0,32.0,0.0,76.0,0,0,36.951360233012394,0,0,0
IPL26-034,Abishek Porel,Indian,69.0,23.0,743.92,69.0,0,1,97.20129012635864,2,0,0
IPL26-035,Ashutosh Sharma,Indian,72.0,65.0,869.41,72.0,0,0,100.0,3,1,0
IPL26-036,Sameer Rizvi,Indian,71.0,22.0,503.63,71.0,0,1,97.45797022553124,1,1,0
IPL26-037,Karun Nair,Indian,70.0,34.0,0.0,70.0,0,0,35.625056548594586,1,2,0
IPL26-038,Dushmantha Chameera,Sri Lankan,61.0,34.0,0.0,61.0,1,0,43.58139796108667,4,0,0
IPL26-039,Vipraj Nigam,Indian,,21.0,0.0,50.0,0,1,14.500884454778785,1,2,0
IPL26-040,Ajay Mandal,Indian,,26.0,0.0,50.0,0,0,38.295054736279305,4,0,0
IPL26-041,Madhav Tiwari,Indian,70.0,22.0,0.0,70.0,0,1,44.472175284480365,5,1,0
IPL26-042,Tripurana Vijay,Indian,50.0,24.0,0.0,50.0,0,0,28.2052173959893,0,0,0
IPL26-043,Auqib Nabi Dar,Indian,,26.0,0.0,50.0,0,0,23.35186902380492,3,1,0
IPL26-044,Pathum Nissanka,Sri Lankan,69.0,28.0,0.0,69.0,1,0,73.91540376609323,4,1,0
IPL26-045,David Miller,South African,80.0,116.0,0.0,80.0,1,0,56.39382025607823,0,0,0
IPL26-046,Ben Duckett,English,84.0,31.0,0.0,84.0,1,0,51.84616064695708,1,0,0
IPL26-047,Lungi Ngidi,South African,77.0,30.0,0.0,77.0,1,0,70.55545623504727,1,0,0
IPL26-048,Kyle Jamieson,New Zealander,,26.0,0.0,50.0,1,0,15.788573947865945,0,0,0
IPL26-049,Prithvi Shaw,Indian,72.0,26.0,0.0,72.0,0,0,46.59656814693334,1,0,0
IPL26-050,Sahil Parakh,Indian,61.0,26.0,0.0,61.0,0,0,9.101016229715396,5,1,0
IPL26-051,Shubman Gill,Indian,84.0,26.0,1502.36,84.0,0,0,100.0,5,0,0
IPL26-052,Rashid Khan,Afghan,,26.0,1036.91,50.0,1,0,100.0,0,0,0
IPL26-053,Jos Buttler,English,86.0,35.0,0.0,86.0,1,0,47.5549615214193,4,2,0
IPL26-054,Kagiso Rabada,South African,89.0,31.0,0.0,89.0,1,0,75.49254037288523,4,0,0
IPL26-055,Mohammed Siraj,Indian,79.0,32.0,835.35,79.0,0,0,100.0,0,0,0
IPL26-056,Sai Sudharsan,Indian,83.0,24.0,1572.25,83.0,0,0,100.0,4,0,0
IPL26-057,Prasidh Krishna,Indian,77.0,30.0,571.61,77.0,0,0,92.10239621343703,4,1,0
IPL26-058,Washington Sundar,Indian,,26.0,670.48,50.0,0,0,93.94749420465315,5,2,0
IPL26-059,Rahul Tewatia,Indian,,33.0,0.0,50.0,0,0,33.009945422177196,4,0,0
IPL26-060,Shahrukh Khan,Indian,66.0,60.0,378.48,66.0,0,0,96.26446055529868,2,1,0
IPL26-061,R. Sai Kishore,Indian,75.0,26.0,0.0,75.0,0,0,57.845120711110845,3,2,0
IPL26-062,Glenn Phillips,New Zealander,61.0,52.0,0.0,61.0,1,0,40.47535148451538,1,2,0
IPL26-063,Jayant Yadav,Indian,61.0,36.0,0.0,61.0,0,0,28.831050850224408,2,0,0
IPL26-064,Anuj Rawat,Indian,66.0,26.0,109.12,66.0,0,0,90.66324086815445,4,0,0
IPL26-065,Kumar Kushagra,Indian,56.0,21.0,18.97,56.0,0,1,96.17604306522274,5,0,0
IPL26-066,Gurnoor Singh Brar,Indian,65.0,26.0,0.0,65.0,0,0,27.40302647251169,0,0,0
IPL26-067,Nishant Sindhu,Indian,61.0,22.0,0.0,61.0,0,1,35.6541514325476,4,0,0
IPL26-068,Manav Suthar,Indian,58.0,23.0,0.0,58.0,0,1,39.61954273229161,5,2,0
IPL26-069,Ishant Sharma,Indian,78.0,37.0,0.0,78.0,0,0,73.69518213865817,3,2,0
IPL26-070,Arshad Khan,Indian,64.0,26.0,357.1,64.0,0,0,100.0,4,0,0
IPL26-071,Jason Holder,West Indian,,41.0,0.0,50.0,0,0,40.20374914877522,0,0,0
IPL26-072,Tom Banton,English,58.0,27.0,0.0,58.0,1,0,9.070102506195884,5,2,0
IPL26-073,Ashok Sharma,Indian,64.0,26.0,94.13,64.0,0,0,100.0,5,1,0
IPL26-074,Luke Wood,English,50.0,26.0,0.0,50.0,1,0,38.15478516947069,5,0,0
IPL26-075,Prithvi Raj,Indian,73.0,26.0,0.0,73.0,0,0,42.67797770832963,3,0,0
IPL26-076,Sunil Narine,West Indian,,37.0,0.0,50.0,0,0,28.056650850947836,4,2,0
IPL26-077,Varun Chakravarthy,Indian,85.0,34.0,0.0,85.0,0,0,73.98108291901288,3,0,0
IPL26-078,Rinku Singh,Indian,74.0,37.0,0.0,74.0,0,0,69.90016897817263,1,1,0
IPL26-079,Harshit Rana,Indian,73.0,24.0,541.9,73.0,0,0,95.26329310028937,1,2,0
IPL26-080,Angkrish Raghuvanshi,Indian,73.0,22.0,0.0,73.0,0,1,63.07207080735532,4,0,0
IPL26-081,Ramandeep Singh,Indian,,26.0,355.97,50.0,0,0,89.01742699583995,3,2,0
IPL26-082,Ajinkya Rahane,Indian,84.0,38.0,0.0,84.0,0,0,51.68751653375348,0,0,0
IPL26-083,Rovman Powell,West Indian,67.0,32.0,0.0,67.0,0,0,54.89026041044164,5,0,0
IPL26-084,Vaibhav Arora,Indian,73.0,28.0,0.0,73.0,0,0,52.87585423053102,5,0,0
IPL26-085,Manish Pandey,Indian,79.0,26.0,0.0,79.0,0,0,88.51416154761026,4,1,0
IPL26-086,Anukul Roy,Indian,69.0,27.0,0.0,69.0,0,0,48.883642745382716,1,1,0
IPL26-087,Umran Malik,Indian,65.0,26.0,0.0,65.0,0,0,39.8471714451572,1,2,0
IPL26-088,Cameron Green,Australian,,26.0,0.0,50.0,1,0,13.541298914003969,5,0,0
IPL26-089,Matheesha Pathirana,Sri Lankan,77.0,24.0,0.0,77.0,1,0,38.38139909921525,4,0,0
IPL26-090,Mustafizur Rahman,Bangladeshi,77.0,30.0,258.07,77.0,1,0,100.0,3,1,0
IPL26-091,Tejasvi Singh,Indian,78.0,26.0,0.0,78.0,0,0,72.77296598650278,1,0,0
IPL26-092,Finn Allen,New Zealander,74.0,27.0,0.0,74.0,1,0,80.25347067167141,3,1,0
IPL26-093,Rachin Ravindra,New Zealander,67.0,26.0,0.0,67.0,1,0,47.71070740310173,1,0,0
IPL26-094,Tim Seifert,New Zealander,58.0,24.0,0.0,58.0,1,0,52.49313086540728,1,2,0
IPL26-095,Akash Deep,Indian,58.0,26.0,74.49,58.0,0,0,100.0,2,0,0
IPL26-096,Rahul Tripathi,Indian,73.0,26.0,0.0,73.0,0,0,56.389819206354105,1,0,0
IPL26-097,Prashant Solanki,Indian,75.0,26.0,0.0,75.0,0,0,38.062183463568644,0,0,0
IPL26-098,Kartik Tyagi,Indian,71.0,25.0,267.17,71.0,0,0,100.0,4,0,0
IPL26-099,Sarthak Ranjan,Indian,59.0,29.0,0.0,59.0,0,0,36.915111840910775,4,0,0
IPL26-100,Daksh Kamra,Indian,50.0,26.0,0.0,50.0,0,0,51.72637761301366,3,1,0
IPL26-101,Rishabh Pant,Indian,82.0,28.0,0.0,82.0,0,0,59.26328797527364,1,2,0
IPL26-102,Nicholas Pooran,West Indian,77.0,30.0,0.0,77.0,0,0,83.68642449248046,0,0,0
IPL26-103,Mayank Yadav,Indian,63.0,26.0,0.0,63.0,0,0,11.527346363321481,3,1,0
IPL26-104,Mohammed Shami,Indian,77.0,36.0,366.12,77.0,0,0,100.0,2,1,0
IPL26-105,Mohsin Khan,Indian,75.0,38.0,341.0,75.0,0,0,100.0,3,1,0
IPL26-106,Ayush Badoni,Indian,70.0,26.0,0.0,70.0,0,0,59.179179337524445,3,1,0
IPL26-107,Avesh Khan,Indian,73.0,29.0,614.92,73.0,0,0,99.08265423201769,1,1,0
IPL26-108,Abdul Samad,Indian,66.0,54.0,652.13,66.0,0,0,98.3536314647209,2,2,0
IPL26-109,Mitchell Marsh,Australian,,34.0,0.0,50.0,1,0,28.95429878992535,3,2,0
IPL26-110,Aiden Markram,South African,,31.0,0.0,50.0,1,0,23.5026341998778,0,0,0
IPL26-111,Shahbaz Ahmed,Indian,,57.0,458.64,50.0,0,0,97.85430982466205,0,0,0
IPL26-112,Matthew Breetzke,South African,61.0,27.0,0.0,61.0,1,0,40.009280684530054,4,1,0
IPL26-113,Digvesh Rathi,Indian,65.0,26.0,0.0,65.0,0,0,19.945881371129378,2,0,0
IPL26-114,Himmat Singh,Indian,66.0,29.0,101.92,66.0,0,0,94.72681555566953,2,1,0
IPL26-115,Arshin Kulkarni,Indian,56.0,26.0,0.0,56.0,0,0,29.05755117091817,4,1,0
IPL26-116,Manimaran Siddharth,Indian,68.0,27.0,0.0,68.0,0,0,45.43965496747864,3,2,0
IPL26-117,Akash Singh,Indian,67.0,39.0,96.39,67.0,0,0,100.0,2,0,0
IPL26-118,Arjun Tendulkar,Indian,64.0,26.0,32.51,64.0,0,0,96.01748520671207,0,0,0
IPL26-119,Prince Yadav,Indian,52.0,24.0,347.54,52.0,0,0,100.0,0,0,0
IPL26-120,Josh Inglis,Australian,74.0,31.0,0.0,74.0,1,0,78.54500497218427,1,2,0
IPL26-121,Akshat Raghuwanshi,Indian,59.0,22.0,22.82,59.0,0,1,100.0,2,2,0
IPL26-122,Mukul Choudhary,Indian,71.0,21.0,0.0,71.0,0,1,42.17586323401982,3,2,0
IPL26-123,Wanindu Hasaranga,Sri Lankan,76.0,28.0,0.0,76.0,1,0,39.13489702017262,4,0,0
IPL26-124,Anrich Nortje,South African,76.0,32.0,0.0,76.0,1,0,40.694894466873805,4,0,0
IPL26-125,Naman Tiwari,Indian,76.0,26.0,0.0,76.0,0,0,55.80785354162062,3,1,0
IPL26-126,Rohit Sharma,Indian,54.0,39.0,0.0,54.0,0,0,39.73803277428978,5,1,0
IPL26-127,Jasprit Bumrah,Indian,95.0,32.0,0.0,95.0,0,0,70.93095980593898,1,2,1
IPL26-128,Suryakumar Yadav,Indian,84.0,35.0,0.0,84.0,0,0,74.05745202268955,4,2,0
IPL26-129,Hardik Pandya,Indian,,32.0,0.0,50.0,0,0,23.807341724356565,2,2,0
IPL26-130,Tilak Varma,Indian,76.0,23.0,1185.21,76.0,0,1,100.0,1,1,1
IPL26-131,Trent Boult,New Zealander,87.0,36.0,0.0,87.0,1,0,78.03859471641658,2,1,1
IPL26-132,Deepak Chahar,Indian,80.0,26.0,0.0,80.0,0,0,44.934686121130945,0,0,0
IPL26-133,Naman Dhir,Indian,71.0,26.0,863.67,71.0,0,0,96.39683882348407,1,1,0
IPL26-134,Will Jacks,English,,27.0,0.0,50.0,1,0,25.47711241356386,4,1,0
IPL26-135,Robin Minz,Indian,55.0,23.0,0.0,55.0,0,1,21.694869845432276,1,1,0
IPL26-136,Ryan Rickelton,South African,73.0,29.0,0.0,73.0,1,0,30.86209620942263,1,1,0
IPL26-137,Shardul Thakur,Indian,,34.0,0.0,50.0,0,0,36.58904538288699,1,2,0
IPL26-138,Sherfane Rutherford,West Indian,67.0,27.0,0.0,67.0,0,0,56.45244856391641,5,2,0
IPL26-139,Mayank Markande,Indian,72.0,28.0,0.0,72.0,0,0,52.95648513574313,1,2,0
IPL26-140,Allah Ghazanfar,Afghan,70.0,26.0,0.0,70.0,1,0,39.78305050840384,2,2,0
IPL26-141,Corbin Bosch,South African,,31.0,0.0,50.0,1,0,9.513890007504903,0,0,0
IPL26-142,Mitchell Santner,New Zealander,,34.0,0.0,50.0,1,0,18.389028788789016,3,0,0
IPL26-143,Ashwani Kumar,Indian,73.0,97.0,180.0,73.0,0,0,94.41027421816524,1,1,0
IPL26-144,Raj Angad Bawa,Indian,62.0,23.0,0.0,62.0,0,1,30.045764234398565,4,0,0
IPL26-145,Raghu Sharma,Indian,59.0,67.0,37.39,59.0,0,0,90.44373160052987,1,2,0
IPL26-146,Quinton de Kock,South African,79.0,33.0,0.0,79.0,1,0,44.13002512199874,4,1,0
IPL26-147,Atharva Ankolekar,Indian,,25.0,0.0,50.0,0,0,33.2251580402444,2,2,0
IPL26-148,Mohammad Izhar,Indian,76.0,68.0,0.0,76.0,0,0,73.34318292935579,4,1,0
IPL26-149,Danish Malewar,Indian,52.0,26.0,0.0,52.0,0,0,57.42486272645748,3,2,0
IPL26-150,Mayank Rawat,Indian,56.0,26.0,0.0,56.0,0,0,44.049194826325866,0,0,0
IPL26-151,Shreyas Iyer,Indian,83.0,31.0,0.0,83.0,0,0,64.89034426965848,4,0,0
IPL26-152,Arshdeep Singh,Indian,78.0,21.0,828.89,78.0,0,1,91.74632140275719,4,0,1
IPL26-153,Yuzvendra Chahal,Indian,100.0,35.0,0.0,100.0,0,0,82.38802257073787,0,0,1
IPL26-154,Marco Jansen,South African,,26.0,0.0,50.0,1,0,2.392502204492211,3,0,0
IPL26-155,Prabhsimran Singh,Indian,74.0,25.0,0.0,74.0,0,0,62.69238990806732,1,1,0
IPL26-156,Harpreet Brar,Indian,,30.0,492.23,50.0,0,0,92.32660759008623,4,0,0
IPL26-157,Shashank Singh,Indian,73.0,26.0,1092.28,73.0,0,0,100.0,0,0,0
IPL26-158,Azmatullah Omarzai,Afghan,,26.0,458.76,50.0,1,0,100.0,2,1,0
IPL26-159,Nehal Wadhera,Indian,68.0,25.0,0.0,68.0,0,0,48.81383528130613,0,0,0
IPL26-160,Xavier Bartlett,Australian,55.0,27.0,0.0,55.0,1,0,70.4554427282867,2,0,0
IPL26-161,Lockie Ferguson,New Zealander,74.0,35.0,0.0,74.0,1,0,47.53553618394008,3,1,0
IPL26-162,Marcus Stoinis,Australian,,36.0,0.0,50.0,1,0,35.07187333094315,1,0,0
IPL26-163,Mitch Owen,Australian,,22.0,0.0,50.0,1,1,28.55964267737646,0,0,0
IPL26-164,Musheer Khan,Indian,61.0,26.0,9.79,61.0,0,0,100.0,5,2,0
IPL26-165,Priyansh Arya,Indian,74.0,25.0,912.18,74.0,0,0,98.52816669490846,4,2,0
IPL26-166,Vyshak Vijaykumar,Indian,62.0,26.0,0.0,62.0,0,0,31.544647893190334,3,2,0
IPL26-167,Yash Thakur,Indian,67.0,26.0,223.54,67.0,0,0,100.0,0,0,0
IPL26-168,Pyla Avinash,Indian,63.0,25.0,0.0,63.0,0,0,58.85825707809665,4,2,0
IPL26-169,Harnoor Pannu,Indian,64.0,26.0,0.0,64.0,0,0,60.40042839919856,0,0,0
IPL26-170,Vishnu Vinod,Indian,62.0,32.0,15.19,62.0,0,0,91.88738184901123,2,2,0
IPL26-171,Suryansh Shedge,Indian,67.0,23.0,226.14,67.0,0,1,100.0,0,0,0
IPL26-172,Cooper Connolly,Australian,75.0,22.0,0.0,75.0,1,1,66.99333588769287,5,2,0
IPL26-173,Ben Dwarshuis,Australian,56.0,31.0,0.0,56.0,1,0,15.304935526050002,0,0,0
IPL26-174,Praveen Dubey,Indian,59.0,32.0,0.0,59.0,0,0,51.499398266198945,0,0,0
IPL26-175,Vishal Nishad,Indian,51.0,26.0,0.0,51.0,0,0,15.023959072823676,5,0,0
IPL26-176,Yashasvi Jaiswal,Indian,78.0,24.0,0.0,78.0,0,0,71.61680985875752,3,2,0
IPL26-177,Ravindra Jadeja,Indian,,37.0,0.0,50.0,0,0,63.719626535321474,0,0,0
IPL26-178,Riyan Parag,Indian,,24.0,0.0,50.0,0,0,23.725244005313293,5,2,0
IPL26-179,Jofra Archer,English,80.0,31.0,0.0,80.0,1,0,53.71037496526476,4,0,0
IPL26-180,Dhruv Jurel,Indian,73.0,25.0,1059.22,73.0,0,0,100.0,2,1,0
IPL26-181,Shimron Hetmyer,West Indian,72.0,29.0,0.0,72.0,0,0,55.59639341223723,2,0,0
IPL26-182,Sam Curran,English,,114.0,0.0,50.0,1,0,21.068817360247053,0,0,0
IPL26-183,Sandeep Sharma,Indian,77.0,26.0,459.67,77.0,0,0,94.71234374283328,3,2,0
IPL26-184,Vaibhav Suryavanshi,Indian,80.0,15.0,0.0,80.0,0,1,33.722867259494194,3,2,1
IPL26-185,Tushar Deshpande,Indian,72.0,26.0,0.0,72.0,0,0,51.74283326585432,4,0,0
IPL26-186,Shubham Dubey,Indian,72.0,32.0,0.0,72.0,0,0,42.881209804641955,0,0,0
IPL26-187,Yudhvir Charak,Indian,66.0,26.0,0.0,66.0,0,0,56.95348425217604,2,1,0
IPL26-188,Kwena Maphaka,South African,52.0,20.0,0.0,52.0,1,1,19.860231827706034,3,1,0
IPL26-189,Lhuan-Dre Pretorius,South African,57.0,20.0,0.0,57.0,1,1,64.59906561308347,0,0,0
IPL26-190,Nandre Burger,South African,70.0,30.0,0.0,70.0,1,0,40.88811919341886,3,1,0
IPL26-191,Donovan Ferreira,South African,69.0,27.0,0.0,69.0,1,0,45.478765312449,5,0,0
IPL26-192,Ravi Bishnoi,Indian,74.0,25.0,466.26,74.0,0,0,92.50670299246522,3,1,0
IPL26-193,Adam Milne,New Zealander,59.0,34.0,0.0,59.0,1,0,56.89854612485343,2,0,0
IPL26-194,Ravi Singh,Indian,59.0,26.0,4.35,59.0,0,0,69.45744076236763,1,0,0
IPL26-195,Sushant Mishra,Indian,75.0,25.0,0.0,75.0,0,0,41.979736641603395,4,0,0
IPL26-196,Kuldeep Sen,Indian,70.0,29.0,0.0,70.0,0,0,59.33795047661639,4,1,0
IPL26-197,Brijesh Sharma,Indian,67.0,26.0,210.22,67.0,0,0,96.64980403222327,2,1,0
IPL26-198,Aman Rao Perala,Indian,71.0,26.0,0.0,71.0,0,0,75.35572171721611,3,1,0
IPL26-199,Vignesh Puthur,Indian,73.0,25.0,0.0,73.0,0,0,27.082814085302097,0,0,0
IPL26-200,Virat Kohli,Indian,100.0,37.0,0.0,100.0,0,0,80.99434623975094,3,1,1
IPL26-201,Rajat Patidar,Indian,75.0,33.0,0.0,75.0,0,0,60.18560808663964,2,1,0
IPL26-202,Phil Salt,English,75.0,47.0,0.0,75.0,1,0,68.14970602250735,4,0,0
IPL26-203,Josh Hazlewood,Australian,79.0,35.0,0.0,79.0,1,0,40.63849691358323,3,2,0
IPL26-204,Yash Dayal,Indian,68.0,28.0,485.16,68.0,0,0,93.32855992222022,4,0,0
IPL26-205,Krunal Pandya,Indian,,35.0,0.0,50.0,0,0,9.585917606314156,0,0,0
IPL26-206,Bhuvneshwar Kumar,Indian,98.0,36.0,0.0,98.0,0,0,97.2215171251955,4,0,1
IPL26-207,Tim David,Singaporean,74.0,26.0,0.0,74.0,1,0,44.53474895448768,4,2,0
IPL26-208,Romario Shepherd,West Indian,,31.0,0.0,50.0,0,0,38.10609495633021,1,0,0
IPL26-209,Nuwan Thushara,Sri Lankan,68.0,31.0,0.0,68.0,1,0,58.48234780923618,1,1,0
IPL26-210,Swapnil Singh,Indian,66.0,35.0,131.12,66.0,0,0,93.20826140356924,5,2,0
IPL26-211,Jacob Bethell,English,64.0,20.0,0.0,64.0,1,1,31.45243460927491,1,1,0
IPL26-212,Devdutt Padikkal,Indian,73.0,25.0,0.0,73.0,0,0,51.48021966769833,4,2,0
IPL26-213,Suyash Sharma,Indian,64.0,26.0,369.66,64.0,0,0,100.0,2,2,0
IPL26-214,Rasikh Dar,Indian,71.0,26.0,0.0,71.0,0,0,60.911213433369134,4,0,0
IPL26-215,Jitesh Sharma,Indian,56.0,32.0,0.0,56.0,0,0,31.04185560192814,2,0,0
IPL26-216,Abhinandan Singh,Indian,59.0,26.0,38.42,59.0,0,0,100.0,2,1,0
IPL26-217,Venkatesh Iyer,Indian,,35.0,0.0,50.0,0,0,64.54707741591956,1,0,0
IPL26-218,Jordan Cox,English,80.0,34.0,0.0,80.0,1,0,67.06631097836642,3,0,0
IPL26-219,Mangesh Yadav,Indian,65.0,26.0,0.0,65.0,0,0,33.926235678013065,0,0,0
IPL26-220,Vicky Kanhaiya Ostwal,Indian,74.0,26.0,0.0,74.0,0,0,63.10482200894634,1,0,0
IPL26-221,Kanishk Chouhan,Indian,50.0,26.0,0.0,50.0,0,0,11.983565363022983,1,2,0
IPL26-222,Vihaan Malhotra,Indian,50.0,19.0,0.0,50.0,0,1,50.8610203877965,3,2,0
IPL26-223,Satvik Deswal,Indian,77.0,26.0,0.0,77.0,0,0,74.27468988178538,0,0,0
IPL26-224,Yash Raj Punja,Indian,68.0,26.0,128.95,68.0,0,0,95.50600045878768,4,1,0
IPL26-225,Pat Cummins,Australian,,33.0,0.0,50.0,1,0,13.141595737274482,5,1,0
IPL26-226,Heinrich Klaasen,South African,80.0,97.0,0.0,80.0,1,0,69.91774857356963,5,1,0
IPL26-227,Travis Head,Australian,75.0,32.0,0.0,75.0,1,0,65.41392565919432,4,2,0
IPL26-228,Abhishek Sharma,Indian,,26.0,1410.48,50.0,0,0,99.50568561477392,1,1,0
IPL26-229,Nitish Kumar Reddy,Indian,,23.0,0.0,50.0,0,1,53.82069727990276,0,0,0
IPL26-230,Ishan Kishan,Indian,78.0,27.0,1062.44,78.0,0,0,100.0,1,0,0
IPL26-231,Harshal Patel,Indian,88.0,35.0,0.0,88.0,0,0,97.73758539027907,2,1,1
IPL26-232,Jaydev Unadkat,Indian,81.0,33.0,0.0,81.0,0,0,64.33866596594835,1,1,0
IPL26-233,Zeeshan Ansari,Indian,59.0,26.0,99.75,59.0,0,0,97.52246331765258,1,2,0
IPL26-234,Brydon Carse,English,72.0,30.0,0.0,72.0,1,0,31.420028513841125,4,2,0
IPL26-235,Kamindu Mendis,Sri Lankan,65.0,27.0,0.0,65.0,1,0,26.70936826774345,4,2,0
IPL26-236,Harsh Dubey,Indian,70.0,23.0,174.77,70.0,0,1,100.0,4,2,0
IPL26-237,Aniket Verma,Indian,66.0,24.0,403.65,66.0,0,0,98.8872926391443,5,2,0
IPL26-238,Eshan Malinga,Sri Lankan,74.0,25.0,0.0,74.0,1,0,45.88492266680573,2,2,0
IPL26-239,Smaran Ravichandaran,Indian,73.0,26.0,0.0,73.0,0,0,51.220405452071084,4,1,0
IPL26-240,Liam Livingstone,English,,32.0,0.0,50.0,1,0,38.85745325205828,0,0,0
IPL26-241,Salil Arora,Indian,68.0,23.0,31.36,68.0,0,1,100.0,5,2,0
IPL26-242,Jack Edwards,Australian,,97.0,0.0,50.0,1,0,33.511882736896425,3,0,0
IPL26-243,Shivam Mavi,Indian,64.0,27.0,0.0,64.0,0,0,59.183475179095964,0,0,0
IPL26-244,Amit Kumar,Indian,56.0,26.0,0.0,56.0,0,0,27.42109417529244,0,0,0
IPL26-245,Onkar Tarmale,Indian,,26.0,0.0,50.0,0,0,51.183541263656956,4,1,0
IPL26-246,Sakib Hussain,Indian,71.0,21.0,221.1,71.0,0,1,93.84020937126989,3,2,0
IPL26-247,Praful Hinge,Indian,70.0,26.0,0.0,70.0,0,0,46.756281387077394,3,2,0
IPL26-248,Shivang Kumar,Indian,63.0,26.0,185.9,63.0,0,0,100.0,5,2,0
IPL26-249,Krains Fuletra,Indian,55.0,26.0,0.0,55.0,0,0,76.96591928841326,3,0,0
IPL26-250,Jake Fraser-McGurk,Australian,71.0,23.0,0.0,71.0,1,1,57.98439726749363,2,2,0
IPL26-251,Devon Conway,New Zealander,76.0,26.0,0.0,76.0,1,0,54.63498096242992,4,0,0
IPL26-252,Gus Atkinson,English,80.0,28.0,0.0,80.0,1,0,37.596504970867976,3,1,0
IPL26-253,Jamie Smith,English,71.0,37.0,0.0,71.0,1,0,51.5913570928402,5,2,0
IPL26-254,Deepak Hooda,Indian,,31.0,0.0,50.0,0,0,34.92295009879516,2,0,0
IPL26-255,Wiaan Mulder,South African,50.0,28.0,0.0,50.0,1,0,37.18861175843192,1,0,0
IPL26-256,Rahmanullah Gurbaz,Afghan,67.0,24.0,183.09,67.0,1,0,95.27654656231785,1,2,0
IPL26-257,Jonny Bairstow,English,75.0,36.0,0.0,75.0,1,0,73.61312385721874,2,1,0
IPL26-258,K.S. Bharat,Indian,67.0,26.0,0.0,67.0,0,0,50.83617989426473,5,1,0
IPL26-259,Gerald Coetzee,South African,67.0,25.0,0.0,67.0,1,0,31.325771488282815,2,1,0
IPL26-260,Spencer Johnson,Australian,57.0,38.0,0.0,57.0,1,0,15.364831158179836,4,0,0
IPL26-261,Fazalhaq Farooqi,Afghan,63.0,25.0,34.22,63.0,1,0,100.0,4,0,0
IPL26-262,Maheesh Theekshana,Sri Lankan,71.0,25.0,0.0,71.0,1,0,47.760379123749026,1,0,0
IPL26-263,Mujeeb Ur Rahman,Afghan,67.0,25.0,8.29,67.0,1,0,97.8807422755322,3,0,0
IPL26-264,Aarya Desai,Indian,55.0,23.0,0.0,55.0,0,1,51.86999780852111,5,1,0
IPL26-265,Yash Dhull,Indian,55.0,23.0,0.0,55.0,0,1,42.86267289172076,1,2,0
IPL26-266,Abhinav Manohar,Indian,62.0,31.0,0.0,62.0,0,0,23.512626798872315,3,0,0
IPL26-267,Anmolpreet Singh,Indian,63.0,28.0,4.93,63.0,0,0,74.7067423948811,3,0,0
IPL26-268,Atharva Taide,Indian,68.0,26.0,59.39,68.0,0,0,100.0,4,1,0
IPL26-269,Mahipal Lomror,Indian,65.0,26.0,0.0,65.0,0,0,51.269977925019234,0,0,0
IPL26-270,Vijay Shankar,Indian,,35.0,0.0,50.0,0,0,34.36318411676949,0,0,0
IPL26-271,Tanush Kotian,Indian,61.0,27.0,18.32,61.0,0,0,100.0,2,1,0
IPL26-272,Kamlesh Nagarkoti,Indian,57.0,26.0,0.0,57.0,0,0,22.19041037720308,4,1,0
IPL26-273,Ruchit Ahir,Indian,74.0,26.0,0.0,74.0,0,0,56.88430069915556,3,2,0
IPL26-274,Sanvir Singh,Indian,60.0,29.0,20.67,60.0,0,0,93.74501834509077,5,0,0
IPL26-275,Vansh Bedi,Indian,50.0,23.0,0.0,50.0,0,1,43.90301811148759,0,0,0
IPL26-276,Raj Limbani,Indian,75.0,26.0,0.0,75.0,0,0,34.190744938646276,3,1,0
IPL26-277,Simarjeet Singh,Indian,65.0,28.0,87.74,65.0,0,0,98.19269637620285,0,0,0
IPL26-278,Akash Madhwal,Indian,68.0,32.0,143.34,68.0,0,0,95.90367803222598,0,0,0
IPL26-279,Karn Sharma,Indian,80.0,38.0,0.0,80.0,0,0,68.44535415104694,0,0,0
IPL26-280,Sean Abbott,Australian,54.0,34.0,0.0,54.0,1,0,41.43175473931186,5,1,0
IPL26-281,Michael Bracewell,New Zealander,,35.0,0.0,50.0,1,0,41.42673109714307,4,1,0
IPL26-282,Daryl Mitchell,New Zealander,67.0,60.0,0.0,67.0,1,0,66.09144761164526,5,2,0
IPL26-283,Dasun Shanaka,Sri Lankan,62.0,34.0,0.0,62.0,1,0,25.293205220257587,1,2,0
IPL26-284,Chetan Sakariya,Indian,70.0,27.0,0.0,70.0,0,0,35.59824277888683,3,0,0
IPL26-285,Waqar Salamkheil,Afghan,72.0,29.0,0.0,72.0,1,0,56.40739925121951,4,1,0
IPL26-286,Taskin Ahmed,Bangladeshi,80.0,31.0,0.0,80.0,1,0,78.66211929148172,4,0,0
IPL26-287,Alzarri Joseph,West Indian,68.0,29.0,0.0,68.0,0,0,57.42605344721687,4,0,0
IPL26-288,Riley Meredith,Australian,69.0,29.0,0.0,69.0,1,0,93.62965507523339,4,0,0
IPL26-289,Jhye Richardson,Australian,58.0,29.0,0.0,58.0,1,0,53.63355996541135,5,0,0
IPL26-290,Daniel Lawrence,English,79.0,26.0,0.0,79.0,1,0,71.75461085564612,4,1,0
IPL26-291,Murugan Ashwin,Indian,72.0,35.0,0.0,72.0,0,0,80.01941815374762,2,0,0
IPL26-292,William Sutherland,Australian,,163.0,0.0,50.0,1,0,40.169158057224905,3,1,0
IPL26-293,Kartikeya Singh,Indian,79.0,26.0,0.0,79.0,0,0,59.337541510671585,4,1,0
IPL26-294,Shivam Shukla,Indian,63.0,26.0,0.0,63.0,0,0,43.98445050316451,3,2,0
IPL26-295,Wahidullah Zadran,Afghan,62.0,26.0,0.0,62.0,1,0,23.986917361486608,2,1,0
IPL26-296,KC Cariappa,Indian,59.0,32.0,0.0,59.0,0,0,42.11701899770344,2,2,0
IPL26-297,Sediqullah Atal,Afghan,64.0,24.0,14.99,64.0,1,0,100.0,3,1,0
IPL26-298,Nathan Smith,New Zealander,53.0,263.0,0.0,53.0,1,0,35.93152889613381,0,0,0
IPL26-299,Manan Vohra,Indian,68.0,32.0,0.0,68.0,0,0,51.653987616942786,1,1,0
IPL26-300,Jacob Duffy,New Zealander,67.0,25.0,0.0,67.0,1,0,82.44635969880783,0,0,0
IPL26-001,MS Dhoni,Indian,76.0,44.0,492.22,76.0,0,0,100.0,4,0,0
IPL26-002,Ruturaj Gaikwad,Indian,79.0,29.0,0.0,79.0,0,0,71.5013972912957,5,1,0
IPL26-003,Sanju Samson,Indian,85.0,31.0,0.0,85.0,0,0,61.94472948605079,1,2,1
IPL26-004,Shivam Dube,Indian,,32.0,0.0,50.0,0,0,34.24480756901815,1,2,0
IPL26-005,Ayush Mhatre,Indian,73.0,18.0,0.0,73.0,0,1,63.98736952229291,5,0,0
IPL26-006,Dewald Brevis,South African,68.0,23.0,0.0,68.0,1,1,42.299371030136435,0,0,0
IPL26-007,Urvil Patel,Indian,69.0,27.0,268.05,69.0,0,0,94.06832452389314,3,1,0
IPL26-008,Noor Ahmad,Afghan,76.0,21.0,701.28,76.0,1,1,100.0,1,1,1
IPL26-009,Nathan Ellis,Australian,71.0,26.0,0.0,71.0,1,0,44.236090925412164,5,2,0
IPL26-010,Shreyas Gopal,Indian,76.0,32.0,0.0,76.0,0,0,76.29964720448565,5,2,0
IPL26-011,Khaleel Ahmed,Indian,80.0,119.0,0.0,80.0,0,0,63.905296564350394,2,0,0
IPL26-012,Ramakrishna Ghosh,Indian,55.0,28.0,0.0,55.0,0,0,26.626297568362205,3,2,0
IPL26-013,Mukesh Choudhary,Indian,68.0,30.0,140.19,68.0,0,0,96.67732535178894,4,1,0
IPL26-014,Jamie Overton,English,,32.0,0.0,50.0,1,0,46.82704779751177,0,0,0
IPL26-015,Gurjapneet Singh,Indian,58.0,27.0,99.53,58.0,0,0,100.0,4,0,0
IPL26-016,Anshul Kamboj,Indian,,31.0,0.0,50.0,0,0,23.00441449453118,3,1,0
IPL26-017,Prashant Veer,Indian,73.0,20.0,0.0,73.0,0,1,45.34068992603316,3,1,0
IPL26-018,Kartik Sharma,Indian,70.0,26.0,292.84,70.0,0,0,100.0,3,1,0
IPL26-019,Rahul Chahar,Indian,78.0,26.0,0.0,78.0,0,0,59.36779324531801,4,1,0
IPL26-020,Akeal Hosein,West Indian,71.0,33.0,0.0,71.0,0,0,25.636826797792224,3,0,0
IPL26-021,Matt Henry,New Zealander,54.0,47.0,0.0,54.0,1,0,16.19608161594173,5,0,0
IPL26-022,Matthew Short,Australian,64.0,338.0,0.0,64.0,1,0,37.86606211288365,4,2,0
IPL26-023,Sarfaraz Khan,Indian,67.0,326.0,0.0,67.0,0,0,30.558876780857965,3,1,0
IPL26-024,Zak Foulkes,English,81.0,24.0,0.0,81.0,1,0,60.946414134069606,5,2,0
IPL26-025,Aman Khan,Indian,64.0,77.0,0.0,64.0,0,0,29.004018935446467,2,0,0
IPL26-026,KL Rahul,Indian,87.0,34.0,1380.75,87.0,0,0,100.0,3,0,0
IPL26-027,Axar Patel,Indian,,32.0,0.0,50.0,0,0,1.1528077703840198,4,0,0
IPL26-028,Kuldeep Yadav,Indian,77.0,26.0,718.52,77.0,0,0,100.0,1,0,0
IPL26-029,T. Natarajan,Indian,75.0,26.0,0.0,75.0,0,0,78.02279497496363,3,0,0
IPL26-030,Mitchell Starc,Australian,80.0,36.0,0.0,80.0,1,0,55.86740969390837,1,0,0
IPL26-031,Tristan Stubbs,South African,77.0,25.0,0.0,77.0,1,0,54.71585601306384,5,0,0
IPL26-032,Mukesh Kumar,Indian,67.0,26.0,521.18,67.0,0,0,97.61811149515316,2,1,0
IPL26-033,Nitish Rana,Indian,76.0,32.0,0.0,76.0,0,0,37.615307414124686,0,0,0
IPL26-034,Abishek Porel,Indian,69.0,23.0,743.92,69.0,0,1,99.35894236952444,2,0,0
IPL26-035,Ashutosh Sharma,Indian,72.0,65.0,869.41,72.0,0,0,97.49430016360715,3,1,0
IPL26-036,Sameer Rizvi,Indian,71.0,22.0,503.63,71.0,0,1,100.0,1,1,0
IPL26-037,Karun Nair,Indian,70.0,34.0,0.0,70.0,0,0,44.37520801958291,1,2,0
IPL26-038,Dushmantha Chameera,Sri Lankan,61.0,34.0,0.0,61.0,1,0,36.41796353902775,4,0,0
IPL26-039,Vipraj Nigam,Indian,,21.0,0.0,50.0,0,1,15.59249982155038,1,2,0
IPL26-040,Ajay Mandal,Indian,,26.0,0.0,50.0,0,0,48.14396133948729,4,0,0
IPL26-041,Madhav Tiwari,Indian,70.0,22.0,0.0,70.0,0,1,43.33852359809545,5,1,0
IPL26-042,Tripurana Vijay,Indian,50.0,24.0,0.0,50.0,0,0,17.12955772888251,0,0,0
IPL26-043,Auqib Nabi Dar,Indian,,26.0,0.0,50.0,0,0,21.861277775756776,3,1,0
IPL26-044,Pathum Nissanka,Sri Lankan,69.0,28.0,0.0,69.0,1,0,67.63009589666564,4,1,0
IPL26-045,David Miller,South African,80.0,116.0,0.0,80.0,1,0,75.63439998925179,0,0,0
IPL26-046,Ben Duckett,English,84.0,31.0,0.0,84.0,1,0,59.312709500583864,1,0,0
IPL26-047,Lungi Ngidi,South African,77.0,30.0,0.0,77.0,1,0,66.00848126757084,1,0,0
IPL26-048,Kyle Jamieson,New Zealander,,26.0,0.0,50.0,1,0,0.459009255465487,0,0,0
IPL26-049,Prithvi Shaw,Indian,72.0,26.0,0.0,72.0,0,0,50.74109798960741,1,0,0
IPL26-050,Sahil Parakh,Indian,61.0,26.0,0.0,61.0,0,0,10.699994447104748,5,1,0
IPL26-051,Shubman Gill,Indian,84.0,26.0,1502.36,84.0,0,0,91.1906812898013,5,0,0
IPL26-052,Rashid Khan,Afghan,,26.0,1036.91,50.0,1,0,99.65488742501886,0,0,0
IPL26-053,Jos Buttler,English,86.0,35.0,0.0,86.0,1,0,45.13931594517228,4,2,0
IPL26-054,Kagiso Rabada,South African,89.0,31.0,0.0,89.0,1,0,72.5786920233513,4,0,0
IPL26-055,Mohammed Siraj,Indian,79.0,32.0,835.35,79.0,0,0,100.0,0,0,0
IPL26-056,Sai Sudharsan,Indian,83.0,24.0,1572.25,83.0,0,0,95.17191200061424,4,0,0
IPL26-057,Prasidh Krishna,Indian,77.0,30.0,571.61,77.0,0,0,95.73292980125173,4,1,0
IPL26-058,Washington Sundar,Indian,,26.0,670.48,50.0,0,0,100.0,5,2,0
IPL26-059,Rahul Tewatia,Indian,,33.0,0.0,50.0,0,0,37.92203805056142,4,0,0
IPL26-060,Shahrukh Khan,Indian,66.0,60.0,378.48,66.0,0,0,100.0,2,1,0
IPL26-061,R. Sai Kishore,Indian,75.0,26.0,0.0,75.0,0,0,57.74999696668806,3,2,0
IPL26-062,Glenn Phillips,New Zealander,61.0,52.0,0.0,61.0,1,0,48.590291934163766,1,2,0
IPL26-063,Jayant Yadav,Indian,61.0,36.0,0.0,61.0,0,0,40.5858567575168,2,0,0
IPL26-064,Anuj Rawat,Indian,66.0,26.0,109.12,66.0,0,0,100.0,4,0,0
IPL26-065,Kumar Kushagra,Indian,56.0,21.0,18.97,56.0,0,1,100.0,5,0,0
IPL26-066,Gurnoor Singh Brar,Indian,65.0,26.0,0.0,65.0,0,0,23.60897765094007,0,0,0
IPL26-067,Nishant Sindhu,Indian,61.0,22.0,0.0,61.0,0,1,38.85893977362526,4,0,0
IPL26-068,Manav Suthar,Indian,58.0,23.0,0.0,58.0,0,1,29.19895401791804,5,2,0
IPL26-069,Ishant Sharma,Indian,78.0,37.0,0.0,78.0,0,0,76.59073016410993,3,2,0
IPL26-070,Arshad Khan,Indian,64.0,26.0,357.1,64.0,0,0,98.66881233919271,4,0,0
IPL26-071,Jason Holder,West Indian,,41.0,0.0,50.0,0,0,33.81109405159041,0,0,0
IPL26-072,Tom Banton,English,58.0,27.0,0.0,58.0,1,0,5.709916340850391,5,2,0
IPL26-073,Ashok Sharma,Indian,64.0,26.0,94.13,64.0,0,0,96.28742824571529,5,1,0
IPL26-074,Luke Wood,English,50.0,26.0,0.0,50.0,1,0,30.21991228383967,5,0,0
IPL26-075,Prithvi Raj,Indian,73.0,26.0,0.0,73.0,0,0,50.1956098383711,3,0,0
IPL26-076,Sunil Narine,West Indian,,37.0,0.0,50.0,0,0,25.04719963652893,4,2,0
IPL26-077,Varun Chakravarthy,Indian,85.0,34.0,0.0,85.0,0,0,73.701377464721,3,0,0
IPL26-078,Rinku Singh,Indian,74.0,37.0,0.0,74.0,0,0,70.61313248825753,1,1,0
IPL26-079,Harshit Rana,Indian,73.0,24.0,541.9,73.0,0,0,99.23764322447452,1,2,0
IPL26-080,Angkrish Raghuvanshi,Indian,73.0,22.0,0.0,73.0,0,1,62.91532218727806,4,0,0
IPL26-081,Ramandeep Singh,Indian,,26.0,355.97,50.0,0,0,100.0,3,2,0
IPL26-082,Ajinkya Rahane,Indian,84.0,38.0,0.0,84.0,0,0,54.67441062045781,0,0,0
IPL26-083,Rovman Powell,West Indian,67.0,32.0,0.0,67.0,0,0,32.89908443571196,5,0,0
IPL26-084,Vaibhav Arora,Indian,73.0,28.0,0.0,73.0,0,0,56.55340646487719,5,0,0
IPL26-085,Manish Pandey,Indian,79.0,26.0,0.0,79.0,0,0,69.22304020079825,4,1,0
IPL26-086,Anukul Roy,Indian,69.0,27.0,0.0,69.0,0,0,39.857693583994525,1,1,0
IPL26-087,Umran Malik,Indian,65.0,26.0,0.0,65.0,0,0,38.86295751481145,1,2,0
IPL26-088,Cameron Green,Australian,,26.0,0.0,50.0,1,0,13.172873536202578,5,0,0
IPL26-089,Matheesha Pathirana,Sri Lankan,77.0,24.0,0.0,77.0,1,0,37.40732696312257,4,0,0
IPL26-090,Mustafizur Rahman,Bangladeshi,77.0,30.0,258.07,77.0,1,0,98.24429653089581,3,1,0
IPL26-091,Tejasvi Singh,Indian,78.0,26.0,0.0,78.0,0,0,75.72482947760655,1,0,0
IPL26-092,Finn Allen,New Zealander,74.0,27.0,0.0,74.0,1,0,77.12949373190858,3,1,0
IPL26-093,Rachin Ravindra,New Zealander,67.0,26.0,0.0,67.0,1,0,42.40037492479282,1,0,0
IPL26-094,Tim Seifert,New Zealander,58.0,24.0,0.0,58.0,1,0,50.27525980431326,1,2,0
IPL26-095,Akash Deep,Indian,58.0,26.0,74.49,58.0,0,0,100.0,2,0,0
IPL26-096,Rahul Tripathi,Indian,73.0,26.0,0.0,73.0,0,0,60.876638234228345,1,0,0
IPL26-097,Prashant Solanki,Indian,75.0,26.0,0.0,75.0,0,0,42.304302485612794,0,0,0
IPL26-098,Kartik Tyagi,Indian,71.0,25.0,267.17,71.0,0,0,98.83004666548918,4,0,0
IPL26-099,Sarthak Ranjan,Indian,59.0,29.0,0.0,59.0,0,0,53.65496428306105,4,0,0
IPL26-100,Daksh Kamra,Indian,50.0,26.0,0.0,50.0,0,0,50.13780805438282,3,1,0
IPL26-101,Rishabh Pant,Indian,82.0,28.0,0.0,82.0,0,0,71.01663235564465,1,2,0
IPL26-102,Nicholas Pooran,West Indian,77.0,30.0,0.0,77.0,0,0,85.98798954983913,0,0,0
IPL26-103,Mayank Yadav,Indian,63.0,26.0,0.0,63.0,0,0,12.330904813931165,3,1,0
IPL26-104,Mohammed Shami,Indian,77.0,36.0,366.12,77.0,0,0,96.85464013965286,2,1,0
IPL26-105,Mohsin Khan,Indian,75.0,38.0,341.0,75.0,0,0,99.1572206296862,3,1,0
IPL26-106,Ayush Badoni,Indian,70.0,26.0,0.0,70.0,0,0,60.08271852175054,3,1,0
IPL26-107,Avesh Khan,Indian,73.0,29.0,614.92,73.0,0,0,100.0,1,1,0
IPL26-108,Abdul Samad,Indian,66.0,54.0,652.13,66.0,0,0,97.16158113663955,2,2,0
IPL26-109,Mitchell Marsh,Australian,,34.0,0.0,50.0,1,0,34.96178349028693,3,2,0
IPL26-110,Aiden Markram,South African,,31.0,0.0,50.0,1,0,28.906386798972193,0,0,0
IPL26-111,Shahbaz Ahmed,Indian,,57.0,458.64,50.0,0,0,99.75985234642911,0,0,0
IPL26-112,Matthew Breetzke,South African,61.0,27.0,0.0,61.0,1,0,48.86971031885422,4,1,0
IPL26-113,Digvesh Rathi,Indian,65.0,26.0,0.0,65.0,0,0,15.724865629619632,2,0,0
IPL26-114,Himmat Singh,Indian,66.0,29.0,101.92,66.0,0,0,100.0,2,1,0
IPL26-115,Arshin Kulkarni,Indian,56.0,26.0,0.0,56.0,0,0,30.23140483784841,4,1,0
IPL26-116,Manimaran Siddharth,Indian,68.0,27.0,0.0,68.0,0,0,49.739504502142076,3,2,0
IPL26-117,Akash Singh,Indian,67.0,39.0,96.39,67.0,0,0,100.0,2,0,0
IPL26-118,Arjun Tendulkar,Indian,64.0,26.0,32.51,64.0,0,0,100.0,0,0,0
IPL26-119,Prince Yadav,Indian,52.0,24.0,347.54,52.0,0,0,100.0,0,0,0
IPL26-120,Josh Inglis,Australian,74.0,31.0,0.0,74.0,1,0,74.44996893143383,1,2,0
IPL26-121,Akshat Raghuwanshi,Indian,59.0,22.0,22.82,59.0,0,1,100.0,2,2,0
IPL26-122,Mukul Choudhary,Indian,71.0,21.0,0.0,71.0,0,1,37.643017704626054,3,2,0
IPL26-123,Wanindu Hasaranga,Sri Lankan,76.0,28.0,0.0,76.0,1,0,38.01588090794732,4,0,0
IPL26-124,Anrich Nortje,South African,76.0,32.0,0.0,76.0,1,0,53.18447687205109,4,0,0
IPL26-125,Naman Tiwari,Indian,76.0,26.0,0.0,76.0,0,0,74.03151368624646,3,1,0
IPL26-126,Rohit Sharma,Indian,54.0,39.0,0.0,54.0,0,0,40.7000805398546,5,1,0
IPL26-127,Jasprit Bumrah,Indian,95.0,32.0,0.0,95.0,0,0,65.61383583398037,1,2,1
IPL26-128,Suryakumar Yadav,Indian,84.0,35.0,0.0,84.0,0,0,74.2111221426524,4,2,0
IPL26-129,Hardik Pandya,Indian,,32.0,0.0,50.0,0,0,40.06031472581827,2,2,0
IPL26-130,Tilak Varma,Indian,76.0,23.0,1185.21,76.0,0,1,100.0,1,1,1
IPL26-131,Trent Boult,New Zealander,87.0,36.0,0.0,87.0,1,0,73.24760633061756,2,1,1
IPL26-132,Deepak Chahar,Indian,80.0,26.0,0.0,80.0,0,0,47.37460299559698,0,0,0
IPL26-133,Naman Dhir,Indian,71.0,26.0,863.67,71.0,0,0,97.5911336850758,1,1,0
IPL26-134,Will Jacks,English,,27.0,0.0,50.0,1,0,33.21766515953188,4,1,0
IPL26-135,Robin Minz,Indian,55.0,23.0,0.0,55.0,0,1,16.711902770191628,1,1,0
IPL26-136,Ryan Rickelton,South African,73.0,29.0,0.0,73.0,1,0,33.61645174334595,1,1,0
IPL26-137,Shardul Thakur,Indian,,34.0,0.0,50.0,0,0,33.15775261387347,1,2,0
IPL26-138,Sherfane Rutherford,West Indian,67.0,27.0,0.0,67.0,0,0,59.10639283043654,5,2,0
IPL26-139,Mayank Markande,Indian,72.0,28.0,0.0,72.0,0,0,59.581896049659214,1,2,0
IPL26-140,Allah Ghazanfar,Afghan,70.0,26.0,0.0,70.0,1,0,48.30872667350626,2,2,0
IPL26-141,Corbin Bosch,South African,,31.0,0.0,50.0,1,0,0.8708235156848012,0,0,0
IPL26-142,Mitchell Santner,New Zealander,,34.0,0.0,50.0,1,0,20.82087274684395,3,0,0
IPL26-143,Ashwani Kumar,Indian,73.0,97.0,180.0,73.0,0,0,97.6780446169313,1,1,0
IPL26-144,Raj Angad Bawa,Indian,62.0,23.0,0.0,62.0,0,1,30.227008279831136,4,0,0
IPL26-145,Raghu Sharma,Indian,59.0,67.0,37.39,59.0,0,0,100.0,1,2,0
IPL26-146,Quinton de Kock,South African,79.0,33.0,0.0,79.0,1,0,39.69870847530369,4,1,0
IPL26-147,Atharva Ankolekar,Indian,,25.0,0.0,50.0,0,0,37.40735186727842,2,2,0
IPL26-148,Mohammad Izhar,Indian,76.0,68.0,0.0,76.0,0,0,71.87487602244536,4,1,0
IPL26-149,Danish Malewar,Indian,52.0,26.0,0.0,52.0,0,0,58.36748720886042,3,2,0
IPL26-150,Mayank Rawat,Indian,56.0,26.0,0.0,56.0,0,0,40.26114404312667,0,0,0
IPL26-151,Shreyas Iyer,Indian,83.0,31.0,0.0,83.0,0,0,66.50183847048935,4,0,0
IPL26-152,Arshdeep Singh,Indian,78.0,21.0,828.89,78.0,0,1,100.0,4,0,1
IPL26-153,Yuzvendra Chahal,Indian,100.0,35.0,0.0,100.0,0,0,85.2566979563313,0,0,1
IPL26-154,Marco Jansen,South African,,26.0,0.0,50.0,1,0,2.508416731114709,3,0,0
IPL26-155,Prabhsimran Singh,Indian,74.0,25.0,0.0,74.0,0,0,55.947875417167054,1,1,0
IPL26-156,Harpreet Brar,Indian,,30.0,492.23,50.0,0,0,96.89697868030242,4,0,0
IPL26-157,Shashank Singh,Indian,73.0,26.0,1092.28,73.0,0,0,100.0,0,0,0
IPL26-158,Azmatullah Omarzai,Afghan,,26.0,458.76,50.0,1,0,100.0,2,1,0
IPL26-159,Nehal Wadhera,Indian,68.0,25.0,0.0,68.0,0,0,44.34448070535861,0,0,0
IPL26-160,Xavier Bartlett,Australian,55.0,27.0,0.0,55.0,1,0,71.87844614056374,2,0,0
IPL26-161,Lockie Ferguson,New Zealander,74.0,35.0,0.0,74.0,1,0,49.1986729383528,3,1,0
IPL26-162,Marcus Stoinis,Australian,,36.0,0.0,50.0,1,0,31.47573222591389,1,0,0
IPL26-163,Mitch Owen,Australian,,22.0,0.0,50.0,1,1,23.746867416423513,0,0,0
IPL26-164,Musheer Khan,Indian,61.0,26.0,9.79,61.0,0,0,99.26251366624737,5,2,0
IPL26-165,Priyansh Arya,Indian,74.0,25.0,912.18,74.0,0,0,96.09762996837328,4,2,0
IPL26-166,Vyshak Vijaykumar,Indian,62.0,26.0,0.0,62.0,0,0,22.114288574193523,3,2,0
IPL26-167,Yash Thakur,Indian,67.0,26.0,223.54,67.0,0,0,100.0,0,0,0
IPL26-168,Pyla Avinash,Indian,63.0,25.0,0.0,63.0,0,0,63.302922724067194,4,2,0
IPL26-169,Harnoor Pannu,Indian,64.0,26.0,0.0,64.0,0,0,50.38516225099534,0,0,0
IPL26-170,Vishnu Vinod,Indian,62.0,32.0,15.19,62.0,0,0,100.0,2,2,0
IPL26-171,Suryansh Shedge,Indian,67.0,23.0,226.14,67.0,0,1,100.0,0,0,0
IPL26-172,Cooper Connolly,Australian,75.0,22.0,0.0,75.0,1,1,75.373960248313,5,2,0
IPL26-173,Ben Dwarshuis,Australian,56.0,31.0,0.0,56.0,1,0,29.27491318244029,0,0,0
IPL26-174,Praveen Dubey,Indian,59.0,32.0,0.0,59.0,0,0,52.373171035492305,0,0,0
IPL26-175,Vishal Nishad,Indian,51.0,26.0,0.0,51.0,0,0,14.277872402908793,5,0,0
IPL26-176,Yashasvi Jaiswal,Indian,78.0,24.0,0.0,78.0,0,0,73.12884266512255,3,2,0
IPL26-177,Ravindra Jadeja,Indian,,37.0,0.0,50.0,0,0,65.65363043079132,0,0,0
IPL26-178,Riyan Parag,Indian,,24.0,0.0,50.0,0,0,13.46489440456872,5,2,0
IPL26-179,Jofra Archer,English,80.0,31.0,0.0,80.0,1,0,63.5725036315441,4,0,0
IPL26-180,Dhruv Jurel,Indian,73.0,25.0,1059.22,73.0,0,0,100.0,2,1,0
IPL26-181,Shimron Hetmyer,West Indian,72.0,29.0,0.0,72.0,0,0,63.377491844955756,2,0,0
IPL26-182,Sam Curran,English,,114.0,0.0,50.0,1,0,29.205257335624548,0,0,0
IPL26-183,Sandeep Sharma,Indian,77.0,26.0,459.67,77.0,0,0,100.0,3,2,0
IPL26-184,Vaibhav Suryavanshi,Indian,80.0,15.0,0.0,80.0,0,1,33.841543976639876,3,2,1
IPL26-185,Tushar Deshpande,Indian,72.0,26.0,0.0,72.0,0,0,52.90792023132791,4,0,0
IPL26-186,Shubham Dubey,Indian,72.0,32.0,0.0,72.0,0,0,34.955882030140664,0,0,0
IPL26-187,Yudhvir Charak,Indian,66.0,26.0,0.0,66.0,0,0,47.031291681281374,2,1,0
IPL26-188,Kwena Maphaka,South African,52.0,20.0,0.0,52.0,1,1,21.460044361291466,3,1,0
IPL26-189,Lhuan-Dre Pretorius,South African,57.0,20.0,0.0,57.0,1,1,68.08578108506013,0,0,0
IPL26-190,Nandre Burger,South African,70.0,30.0,0.0,70.0,1,0,36.759683142199215,3,1,0
IPL26-191,Donovan Ferreira,South African,69.0,27.0,0.0,69.0,1,0,54.987359753038554,5,0,0
IPL26-192,Ravi Bishnoi,Indian,74.0,25.0,466.26,74.0,0,0,92.21208607069133,3,1,0
IPL26-193,Adam Milne,New Zealander,59.0,34.0,0.0,59.0,1,0,56.474576002481065,2,0,0
IPL26-194,Ravi Singh,Indian,59.0,26.0,4.35,59.0,0,0,80.10760117702705,1,0,0
IPL26-195,Sushant Mishra,Indian,75.0,25.0,0.0,75.0,0,0,35.51688234858537,4,0,0
IPL26-196,Kuldeep Sen,Indian,70.0,29.0,0.0,70.0,0,0,52.48161649334754,4,1,0
IPL26-197,Brijesh Sharma,Indian,67.0,26.0,210.22,67.0,0,0,100.0,2,1,0
IPL26-198,Aman Rao Perala,Indian,71.0,26.0,0.0,71.0,0,0,73.1370968640341,3,1,0
IPL26-199,Vignesh Puthur,Indian,73.0,25.0,0.0,73.0,0,0,18.900694764284054,0,0,0
IPL26-200,Virat Kohli,Indian,100.0,37.0,0.0,100.0,0,0,78.55264210528766,3,1,1
IPL26-201,Rajat Patidar,Indian,75.0,33.0,0.0,75.0,0,0,58.83049417348905,2,1,0
IPL26-202,Phil Salt,English,75.0,47.0,0.0,75.0,1,0,59.87885217823432,4,0,0
IPL26-203,Josh Hazlewood,Australian,79.0,35.0,0.0,79.0,1,0,38.07486775467925,3,2,0
IPL26-204,Yash Dayal,Indian,68.0,28.0,485.16,68.0,0,0,93.27657287378032,4,0,0
IPL26-205,Krunal Pandya,Indian,,35.0,0.0,50.0,0,0,8.342297650968902,0,0,0
IPL26-206,Bhuvneshwar Kumar,Indian,98.0,36.0,0.0,98.0,0,0,84.14600984764766,4,0,1
IPL26-207,Tim David,Singaporean,74.0,26.0,0.0,74.0,1,0,60.21354348146636,4,2,0
IPL26-208,Romario Shepherd,West Indian,,31.0,0.0,50.0,0,0,33.29859613519065,1,0,0
IPL26-209,Nuwan Thushara,Sri Lankan,68.0,31.0,0.0,68.0,1,0,55.71067174765842,1,1,0
IPL26-210,Swapnil Singh,Indian,66.0,35.0,131.12,66.0,0,0,100.0,5,2,0
IPL26-211,Jacob Bethell,English,64.0,20.0,0.0,64.0,1,1,38.95632914764419,1,1,0
IPL26-212,Devdutt Padikkal,Indian,73.0,25.0,0.0,73.0,0,0,60.85272066221563,4,2,0
IPL26-213,Suyash Sharma,Indian,64.0,26.0,369.66,64.0,0,0,100.0,2,2,0
IPL26-214,Rasikh Dar,Indian,71.0,26.0,0.0,71.0,0,0,70.92042424181383,4,0,0
IPL26-215,Jitesh Sharma,Indian,56.0,32.0,0.0,56.0,0,0,27.021741912816125,2,0,0
IPL26-216,Abhinandan Singh,Indian,59.0,26.0,38.42,59.0,0,0,100.0,2,1,0
IPL26-217,Venkatesh Iyer,Indian,,35.0,0.0,50.0,0,0,60.047709678391016,1,0,0
IPL26-218,Jordan Cox,English,80.0,34.0,0.0,80.0,1,0,66.69323923964735,3,0,0
IPL26-219,Mangesh Yadav,Indian,65.0,26.0,0.0,65.0,0,0,25.264621630894286,0,0,0
IPL26-220,Vicky Kanhaiya Ostwal,Indian,74.0,26.0,0.0,74.0,0,0,71.3969331217496,1,0,0
IPL26-221,Kanishk Chouhan,Indian,50.0,26.0,0.0,50.0,0,0,23.58229191102987,1,2,0
IPL26-222,Vihaan Malhotra,Indian,50.0,19.0,0.0,50.0,0,1,44.80518833596043,3,2,0
IPL26-223,Satvik Deswal,Indian,77.0,26.0,0.0,77.0,0,0,80.04666755762459,0,0,0
IPL26-224,Yash Raj Punja,Indian,68.0,26.0,128.95,68.0,0,0,93.61389767038459,4,1,0
IPL26-225,Pat Cummins,Australian,,33.0,0.0,50.0,1,0,9.945866112163284,5,1,0
IPL26-226,Heinrich Klaasen,South African,80.0,97.0,0.0,80.0,1,0,80.6822763676521,5,1,0
IPL26-227,Travis Head,Australian,75.0,32.0,0.0,75.0,1,0,60.55765641453237,4,2,0
IPL26-228,Abhishek Sharma,Indian,,26.0,1410.48,50.0,0,0,100.0,1,1,0
IPL26-229,Nitish Kumar Reddy,Indian,,23.0,0.0,50.0,0,1,38.74446265013696,0,0,0
IPL26-230,Ishan Kishan,Indian,78.0,27.0,1062.44,78.0,0,0,100.0,1,0,0
IPL26-231,Harshal Patel,Indian,88.0,35.0,0.0,88.0,0,0,88.74980138036402,2,1,1
IPL26-232,Jaydev Unadkat,Indian,81.0,33.0,0.0,81.0,0,0,50.3912528275435,1,1,0
IPL26-233,Zeeshan Ansari,Indian,59.0,26.0,99.75,59.0,0,0,100.0,1,2,0
IPL26-234,Brydon Carse,English,72.0,30.0,0.0,72.0,1,0,27.644748569723152,4,2,0
IPL26-235,Kamindu Mendis,Sri Lankan,65.0,27.0,0.0,65.0,1,0,33.55012789609173,4,2,0
IPL26-236,Harsh Dubey,Indian,70.0,23.0,174.77,70.0,0,1,99.46337002201712,4,2,0
IPL26-237,Aniket Verma,Indian,66.0,24.0,403.65,66.0,0,0,96.32024040399985,5,2,0
IPL26-238,Eshan Malinga,Sri Lankan,74.0,25.0,0.0,74.0,1,0,40.76314648256658,2,2,0
IPL26-239,Smaran Ravichandaran,Indian,73.0,26.0,0.0,73.0,0,0,47.605856893339386,4,1,0
IPL26-240,Liam Livingstone,English,,32.0,0.0,50.0,1,0,42.82855935249215,0,0,0
IPL26-241,Salil Arora,Indian,68.0,23.0,31.36,68.0,0,1,100.0,5,2,0
IPL26-242,Jack Edwards,Australian,,97.0,0.0,50.0,1,0,30.72167405600856,3,0,0
IPL26-243,Shivam Mavi,Indian,64.0,27.0,0.0,64.0,0,0,57.785373122883016,0,0,0
IPL26-244,Amit Kumar,Indian,56.0,26.0,0.0,56.0,0,0,29.569646023488374,0,0,0
IPL26-245,Onkar Tarmale,Indian,,26.0,0.0,50.0,0,0,57.168271952375385,4,1,0
IPL26-246,Sakib Hussain,Indian,71.0,21.0,221.1,71.0,0,1,100.0,3,2,0
IPL26-247,Praful Hinge,Indian,70.0,26.0,0.0,70.0,0,0,44.553836337892214,3,2,0
IPL26-248,Shivang Kumar,Indian,63.0,26.0,185.9,63.0,0,0,100.0,5,2,0
IPL26-249,Krains Fuletra,Indian,55.0,26.0,0.0,55.0,0,0,75.33371025123094,3,0,0
IPL26-250,Jake Fraser-McGurk,Australian,71.0,23.0,0.0,71.0,1,1,52.292721048073716,2,2,0
IPL26-251,Devon Conway,New Zealander,76.0,26.0,0.0,76.0,1,0,50.87265739175639,4,0,0
IPL26-252,Gus Atkinson,English,80.0,28.0,0.0,80.0,1,0,40.101846334671166,3,1,0
IPL26-253,Jamie Smith,English,71.0,37.0,0.0,71.0,1,0,54.43633986735818,5,2,0
IPL26-254,Deepak Hooda,Indian,,31.0,0.0,50.0,0,0,25.89595894780307,2,0,0
IPL26-255,Wiaan Mulder,South African,50.0,28.0,0.0,50.0,1,0,45.68775033819278,1,0,0
IPL26-256,Rahmanullah Gurbaz,Afghan,67.0,24.0,183.09,67.0,1,0,97.04348392453984,1,2,0
IPL26-257,Jonny Bairstow,English,75.0,36.0,0.0,75.0,1,0,52.33763826158595,2,1,0
IPL26-258,K.S. Bharat,Indian,67.0,26.0,0.0,67.0,0,0,41.47257600649924,5,1,0
IPL26-259,Gerald Coetzee,South African,67.0,25.0,0.0,67.0,1,0,36.41879632436888,2,1,0
IPL26-260,Spencer Johnson,Australian,57.0,38.0,0.0,57.0,1,0,25.226043068757967,4,0,0
IPL26-261,Fazalhaq Farooqi,Afghan,63.0,25.0,34.22,63.0,1,0,93.70040016813422,4,0,0
IPL26-262,Maheesh Theekshana,Sri Lankan,71.0,25.0,0.0,71.0,1,0,37.81976688159054,1,0,0
IPL26-263,Mujeeb Ur Rahman,Afghan,67.0,25.0,8.29,67.0,1,0,83.88702249580591,3,0,0
IPL26-264,Aarya Desai,Indian,55.0,23.0,0.0,55.0,0,1,39.66235695835539,5,1,0
IPL26-265,Yash Dhull,Indian,55.0,23.0,0.0,55.0,0,1,44.23986346236021,1,2,0
IPL26-266,Abhinav Manohar,Indian,62.0,31.0,0.0,62.0,0,0,30.78736119614208,3,0,0
IPL26-267,Anmolpreet Singh,Indian,63.0,28.0,4.93,63.0,0,0,75.53877946790202,3,0,0
IPL26-268,Atharva Taide,Indian,68.0,26.0,59.39,68.0,0,0,97.66143613929572,4,1,0
IPL26-269,Mahipal Lomror,Indian,65.0,26.0,0.0,65.0,0,0,56.553432822080865,0,0,0
IPL26-270,Vijay Shankar,Indian,,35.0,0.0,50.0,0,0,36.649300904215075,0,0,0
IPL26-271,Tanush Kotian,Indian,61.0,27.0,18.32,61.0,0,0,100.0,2,1,0
IPL26-272,Kamlesh Nagarkoti,Indian,57.0,26.0,0.0,57.0,0,0,21.15989374837393,4,1,0
IPL26-273,Ruchit Ahir,Indian,74.0,26.0,0.0,74.0,0,0,56.527095860301785,3,2,0
IPL26-274,Sanvir Singh,Indian,60.0,29.0,20.67,60.0,0,0,93.81329177276477,5,0,0
IPL26-275,Vansh Bedi,Indian,50.0,23.0,0.0,50.0,0,1,34.019375636157925,0,0,0
IPL26-276,Raj Limbani,Indian,75.0,26.0,0.0,75.0,0,0,38.810134286407234,3,1,0
IPL26-277,Simarjeet Singh,Indian,65.0,28.0,87.74,65.0,0,0,95.52718383793108,0,0,0
IPL26-278,Akash Madhwal,Indian,68.0,32.0,143.34,68.0,0,0,95.59446425236769,0,0,0
IPL26-279,Karn Sharma,Indian,80.0,38.0,0.0,80.0,0,0,73.44660292191796,0,0,0
IPL26-280,Sean Abbott,Australian,54.0,34.0,0.0,54.0,1,0,52.2701116478326,5,1,0
IPL26-281,Michael Bracewell,New Zealander,,35.0,0.0,50.0,1,0,45.18009196429255,4,1,0
IPL26-282,Daryl Mitchell,New Zealander,67.0,60.0,0.0,67.0,1,0,63.14579864433436,5,2,0
IPL26-283,Dasun Shanaka,Sri Lankan,62.0,34.0,0.0,62.0,1,0,23.335531853884717,1,2,0
IPL26-284,Chetan Sakariya,Indian,70.0,27.0,0.0,70.0,0,0,36.6727831920716,3,0,0
IPL26-285,Waqar Salamkheil,Afghan,72.0,29.0,0.0,72.0,1,0,51.35404040543675,4,1,0
IPL26-286,Taskin Ahmed,Bangladeshi,80.0,31.0,0.0,80.0,1,0,69.84614264963507,4,0,0
IPL26-287,Alzarri Joseph,West Indian,68.0,29.0,0.0,68.0,0,0,45.28627012158768,4,0,0
IPL26-288,Riley Meredith,Australian,69.0,29.0,0.0,69.0,1,0,96.33657904371191,4,0,0
IPL26-289,Jhye Richardson,Australian,58.0,29.0,0.0,58.0,1,0,49.0904933935216,5,0,0
IPL26-290,Daniel Lawrence,English,79.0,26.0,0.0,79.0,1,0,79.03345564233317,4,1,0
IPL26-291,Murugan Ashwin,Indian,72.0,35.0,0.0,72.0,0,0,62.25966103135058,2,0,0
IPL26-292,William Sutherland,Australian,,163.0,0.0,50.0,1,0,37.47868406865238,3,1,0
IPL26-293,Kartikeya Singh,Indian,79.0,26.0,0.0,79.0,0,0,51.30177878540255,4,1,0
IPL26-294,Shivam Shukla,Indian,63.0,26.0,0.0,63.0,0,0,53.87031749171866,3,2,0
IPL26-295,Wahidullah Zadran,Afghan,62.0,26.0,0.0,62.0,1,0,30.273650048758107,2,1,0
IPL26-296,KC Cariappa,Indian,59.0,32.0,0.0,59.0,0,0,38.79006154654542,2,2,0
IPL26-297,Sediqullah Atal,Afghan,64.0,24.0,14.99,64.0,1,0,97.41551568555109,3,1,0
IPL26-298,Nathan Smith,New Zealander,53.0,263.0,0.0,53.0,1,0,27.586527742131224,0,0,0
IPL26-299,Manan Vohra,Indian,68.0,32.0,0.0,68.0,0,0,51.763190913230794,1,1,0
IPL26-300,Jacob Duffy,New Zealander,67.0,25.0,0.0,67.0,1,0,82.71132538696195,0,0,0
IPL26-001,MS Dhoni,Indian,76.0,44.0,492.22,76.0,0,0,98.70197088775262,4,0,0
IPL26-002,Ruturaj Gaikwad,Indian,79.0,29.0,0.0,79.0,0,0,67.35393961654569,5,1,0
IPL26-003,Sanju Samson,Indian,85.0,31.0,0.0,85.0,0,0,66.68473684940011,1,2,1
IPL26-004,Shivam Dube,Indian,,32.0,0.0,50.0,0,0,43.91125241009195,1,2,0
IPL26-005,Ayush Mhatre,Indian,73.0,18.0,0.0,73.0,0,1,84.92231127025491,5,0,0
IPL26-006,Dewald Brevis,South African,68.0,23.0,0.0,68.0,1,1,39.537568197618654,0,0,0
IPL26-007,Urvil Patel,Indian,69.0,27.0,268.05,69.0,0,0,97.79996304502299,3,1,0
IPL26-008,Noor Ahmad,Afghan,76.0,21.0,701.28,76.0,1,1,91.932656698658,1,1,1
IPL26-009,Nathan Ellis,Australian,71.0,26.0,0.0,71.0,1,0,52.14299296740157,5,2,0
IPL26-010,Shreyas Gopal,Indian,76.0,32.0,0.0,76.0,0,0,78.01565470082714,5,2,0
IPL26-011,Khaleel Ahmed,Indian,80.0,119.0,0.0,80.0,0,0,72.54247584744026,2,0,0
IPL26-012,Ramakrishna Ghosh,Indian,55.0,28.0,0.0,55.0,0,0,24.936191363742523,3,2,0
IPL26-013,Mukesh Choudhary,Indian,68.0,30.0,140.19,68.0,0,0,98.36648002511087,4,1,0
IPL26-014,Jamie Overton,English,,32.0,0.0,50.0,1,0,44.25435118092276,0,0,0
IPL26-015,Gurjapneet Singh,Indian,58.0,27.0,99.53,58.0,0,0,100.0,4,0,0
IPL26-016,Anshul Kamboj,Indian,,31.0,0.0,50.0,0,0,22.491124319518338,3,1,0
IPL26-017,Prashant Veer,Indian,73.0,20.0,0.0,73.0,0,1,49.85312329382813,3,1,0
IPL26-018,Kartik Sharma,Indian,70.0,26.0,292.84,70.0,0,0,100.0,3,1,0
IPL26-019,Rahul Chahar,Indian,78.0,26.0,0.0,78.0,0,0,59.67230649005684,4,1,0
IPL26-020,Akeal Hosein,West Indian,71.0,33.0,0.0,71.0,0,0,14.95539852695199,3,0,0
IPL26-021,Matt Henry,New Zealander,54.0,47.0,0.0,54.0,1,0,3.630424377294312,5,0,0
IPL26-022,Matthew Short,Australian,64.0,338.0,0.0,64.0,1,0,28.863044044472826,4,2,0
IPL26-023,Sarfaraz Khan,Indian,67.0,326.0,0.0,67.0,0,0,37.629706424948175,3,1,0
IPL26-024,Zak Foulkes,English,81.0,24.0,0.0,81.0,1,0,72.40428607116752,5,2,0
IPL26-025,Aman Khan,Indian,64.0,77.0,0.0,64.0,0,0,38.31150826797692,2,0,0
IPL26-026,KL Rahul,Indian,87.0,34.0,1380.75,87.0,0,0,89.90222225511415,3,0,0
IPL26-027,Axar Patel,Indian,,32.0,0.0,50.0,0,0,14.172449031839234,4,0,0
IPL26-028,Kuldeep Yadav,Indian,77.0,26.0,718.52,77.0,0,0,100.0,1,0,0
IPL26-029,T. Natarajan,Indian,75.0,26.0,0.0,75.0,0,0,82.54467010287654,3,0,0
IPL26-030,Mitchell Starc,Australian,80.0,36.0,0.0,80.0,1,0,45.85720740334862,1,0,0
IPL26-031,Tristan Stubbs,South African,77.0,25.0,0.0,77.0,1,0,66.85441461230272,5,0,0
IPL26-032,Mukesh Kumar,Indian,67.0,26.0,521.18,67.0,0,0,100.0,2,1,0
IPL26-033,Nitish Rana,Indian,76.0,32.0,0.0,76.0,0,0,33.46678167429579,0,0,0
IPL26-034,Abishek Porel,Indian,69.0,23.0,743.92,69.0,0,1,100.0,2,0,0
IPL26-035,Ashutosh Sharma,Indian,72.0,65.0,869.41,72.0,0,0,94.75496538714756,3,1,0
IPL26-036,Sameer Rizvi,Indian,71.0,22.0,503.63,71.0,0,1,100.0,1,1,0
IPL26-037,Karun Nair,Indian,70.0,34.0,0.0,70.0,0,0,49.93640735764262,1,2,0
IPL26-038,Dushmantha Chameera,Sri Lankan,61.0,34.0,0.0,61.0,1,0,45.77582319826443,4,0,0
IPL26-039,Vipraj Nigam,Indian,,21.0,0.0,50.0,0,1,13.027103699178797,1,2,0
IPL26-040,Ajay Mandal,Indian,,26.0,0.0,50.0,0,0,36.08351107482312,4,0,0
IPL26-041,Madhav Tiwari,Indian,70.0,22.0,0.0,70.0,0,1,35.08344973472392,5,1,0
IPL26-042,Tripurana Vijay,Indian,50.0,24.0,0.0,50.0,0,0,24.874654296102218,0,0,0
IPL26-043,Auqib Nabi Dar,Indian,,26.0,0.0,50.0,0,0,12.80292413841021,3,1,0
IPL26-044,Pathum Nissanka,Sri Lankan,69.0,28.0,0.0,69.0,1,0,81.89637752960311,4,1,0
IPL26-045,David Miller,South African,80.0,116.0,0.0,80.0,1,0,48.86898921655428,0,0,0
IPL26-046,Ben Duckett,English,84.0,31.0,0.0,84.0,1,0,52.408837963765045,1,0,0
IPL26-047,Lungi Ngidi,South African,77.0,30.0,0.0,77.0,1,0,74.23522818571814,1,0,0
IPL26-048,Kyle Jamieson,New Zealander,,26.0,0.0,50.0,1,0,18.28116832907064,0,0,0
IPL26-049,Prithvi Shaw,Indian,72.0,26.0,0.0,72.0,0,0,55.56724974088035,1,0,0
IPL26-050,Sahil Parakh,Indian,61.0,26.0,0.0,61.0,0,0,16.18809047259101,5,1,0
IPL26-051,Shubman Gill,Indian,84.0,26.0,1502.36,84.0,0,0,99.20126679817392,5,0,0
IPL26-052,Rashid Khan,Afghan,,26.0,1036.91,50.0,1,0,94.06651441156033,0,0,0
IPL26-053,Jos Buttler,English,86.0,35.0,0.0,86.0,1,0,53.73087122921351,4,2,0
IPL26-054,Kagiso Rabada,South African,89.0,31.0,0.0,89.0,1,0,71.46848938996148,4,0,0
IPL26-055,Mohammed Siraj,Indian,79.0,32.0,835.35,79.0,0,0,92.95244341263403,0,0,0
IPL26-056,Sai Sudharsan,Indian,83.0,24.0,1572.25,83.0,0,0,97.6659252710511,4,0,0
IPL26-057,Prasidh Krishna,Indian,77.0,30.0,571.61,77.0,0,0,97.86337658715914,4,1,0
IPL26-058,Washington Sundar,Indian,,26.0,670.48,50.0,0,0,100.0,5,2,0
IPL26-059,Rahul Tewatia,Indian,,33.0,0.0,50.0,0,0,52.81223611679481,4,0,0
IPL26-060,Shahrukh Khan,Indian,66.0,60.0,378.48,66.0,0,0,100.0,2,1,0
IPL26-061,R. Sai Kishore,Indian,75.0,26.0,0.0,75.0,0,0,58.60474347783219,3,2,0
IPL26-062,Glenn Phillips,New Zealander,61.0,52.0,0.0,61.0,1,0,51.54415676198917,1,2,0
IPL26-063,Jayant Yadav,Indian,61.0,36.0,0.0,61.0,0,0,41.3779122657243,2,0,0
IPL26-064,Anuj Rawat,Indian,66.0,26.0,109.12,66.0,0,0,100.0,4,0,0
IPL26-065,Kumar Kushagra,Indian,56.0,21.0,18.97,56.0,0,1,97.60294070590953,5,0,0
IPL26-066,Gurnoor Singh Brar,Indian,65.0,26.0,0.0,65.0,0,0,24.403170525511392,0,0,0
IPL26-067,Nishant Sindhu,Indian,61.0,22.0,0.0,61.0,0,1,29.87038485361369,4,0,0
IPL26-068,Manav Suthar,Indian,58.0,23.0,0.0,58.0,0,1,31.547589073398168,5,2,0
IPL26-069,Ishant Sharma,Indian,78.0,37.0,0.0,78.0,0,0,80.4288455171311,3,2,0
IPL26-070,Arshad Khan,Indian,64.0,26.0,357.1,64.0,0,0,97.29838908431256,4,0,0
IPL26-071,Jason Holder,West Indian,,41.0,0.0,50.0,0,0,37.72197788434449,0,0,0
IPL26-072,Tom Banton,English,58.0,27.0,0.0,58.0,1,0,16.299097618746963,5,2,0
IPL26-073,Ashok Sharma,Indian,64.0,26.0,94.13,64.0,0,0,96.68943741587795,5,1,0
IPL26-074,Luke Wood,English,50.0,26.0,0.0,50.0,1,0,30.748152463476416,5,0,0
IPL26-075,Prithvi Raj,Indian,73.0,26.0,0.0,73.0,0,0,46.47205618085073,3,0,0
IPL26-076,Sunil Narine,West Indian,,37.0,0.0,50.0,0,0,17.538022044128315,4,2,0
IPL26-077,Varun Chakravarthy,Indian,85.0,34.0,0.0,85.0,0,0,79.93680737632053,3,0,0
IPL26-078,Rinku Singh,Indian,74.0,37.0,0.0,74.0,0,0,64.456151444616,1,1,0
IPL26-079,Harshit Rana,Indian,73.0,24.0,541.9,73.0,0,0,100.0,1,2,0
IPL26-080,Angkrish Raghuvanshi,Indian,73.0,22.0,0.0,73.0,0,1,79.69944345376535,4,0,0
IPL26-081,Ramandeep Singh,Indian,,26.0,355.97,50.0,0,0,100.0,3,2,0
IPL26-082,Ajinkya Rahane,Indian,84.0,38.0,0.0,84.0,0,0,54.30818787318484,0,0,0
IPL26-083,Rovman Powell,West Indian,67.0,32.0,0.0,67.0,0,0,48.16522684071741,5,0,0
IPL26-084,Vaibhav Arora,Indian,73.0,28.0,0.0,73.0,0,0,55.65420614392666,5,0,0
IPL26-085,Manish Pandey,Indian,79.0,26.0,0.0,79.0,0,0,68.22607876310838,4,1,0
IPL26-086,Anukul Roy,Indian,69.0,27.0,0.0,69.0,0,0,42.694942813134375,1,1,0
IPL26-087,Umran Malik,Indian,65.0,26.0,0.0,65.0,0,0,43.54213449178543,1,2,0
IPL26-088,Cameron Green,Australian,,26.0,0.0,50.0,1,0,5.313921416343771,5,0,0
IPL26-089,Matheesha Pathirana,Sri Lankan,77.0,24.0,0.0,77.0,1,0,40.93226021220383,4,0,0
IPL26-090,Mustafizur Rahman,Bangladeshi,77.0,30.0,258.07,77.0,1,0,100.0,3,1,0
IPL26-091,Tejasvi Singh,Indian,78.0,26.0,0.0,78.0,0,0,65.62314697079293,1,0,0
IPL26-092,Finn Allen,New Zealander,74.0,27.0,0.0,74.0,1,0,76.5213796704364,3,1,0
IPL26-093,Rachin Ravindra,New Zealander,67.0,26.0,0.0,67.0,1,0,50.38116647814566,1,0,0
IPL26-094,Tim Seifert,New Zealander,58.0,24.0,0.0,58.0,1,0,55.986384511030764,1,2,0
IPL26-095,Akash Deep,Indian,58.0,26.0,74.49,58.0,0,0,100.0,2,0,0
IPL26-096,Rahul Tripathi,Indian,73.0,26.0,0.0,73.0,0,0,57.20053916668301,1,0,0
IPL26-097,Prashant Solanki,Indian,75.0,26.0,0.0,75.0,0,0,39.685681992220154,0,0,0
IPL26-098,Kartik Tyagi,Indian,71.0,25.0,267.17,71.0,0,0,97.76426768808044,4,0,0
IPL26-099,Sarthak Ranjan,Indian,59.0,29.0,0.0,59.0,0,0,41.490648573273084,4,0,0
IPL26-100,Daksh Kamra,Indian,50.0,26.0,0.0,50.0,0,0,52.66925326595181,3,1,0
IPL26-101,Rishabh Pant,Indian,82.0,28.0,0.0,82.0,0,0,66.92896394065038,1,2,0
IPL26-102,Nicholas Pooran,West Indian,77.0,30.0,0.0,77.0,0,0,73.91045419638925,0,0,0
IPL26-103,Mayank Yadav,Indian,63.0,26.0,0.0,63.0,0,0,4.425073552740789,3,1,0
IPL26-104,Mohammed Shami,Indian,77.0,36.0,366.12,77.0,0,0,94.68299177241073,2,1,0
IPL26-105,Mohsin Khan,Indian,75.0,38.0,341.0,75.0,0,0,96.29976541088614,3,1,0
IPL26-106,Ayush Badoni,Indian,70.0,26.0,0.0,70.0,0,0,65.12224132868756,3,1,0
IPL26-107,Avesh Khan,Indian,73.0,29.0,614.92,73.0,0,0,94.0502747331715,1,1,0
IPL26-108,Abdul Samad,Indian,66.0,54.0,652.13,66.0,0,0,100.0,2,2,0
IPL26-109,Mitchell Marsh,Australian,,34.0,0.0,50.0,1,0,24.544883790448942,3,2,0
IPL26-110,Aiden Markram,South African,,31.0,0.0,50.0,1,0,28.849791760202788,0,0,0
IPL26-111,Shahbaz Ahmed,Indian,,57.0,458.64,50.0,0,0,92.25234365210744,0,0,0
IPL26-112,Matthew Breetzke,South African,61.0,27.0,0.0,61.0,1,0,39.28734825174946,4,1,0
IPL26-113,Digvesh Rathi,Indian,65.0,26.0,0.0,65.0,0,0,24.668938196634414,2,0,0
IPL26-114,Himmat Singh,Indian,66.0,29.0,101.92,66.0,0,0,100.0,2,1,0
IPL26-115,Arshin Kulkarni,Indian,56.0,26.0,0.0,56.0,0,0,30.642298419851596,4,1,0
IPL26-116,Manimaran Siddharth,Indian,68.0,27.0,0.0,68.0,0,0,55.30649150282571,3,2,0
IPL26-117,Akash Singh,Indian,67.0,39.0,96.39,67.0,0,0,100.0,2,0,0
IPL26-118,Arjun Tendulkar,Indian,64.0,26.0,32.51,64.0,0,0,100.0,0,0,0
IPL26-119,Prince Yadav,Indian,52.0,24.0,347.54,52.0,0,0,98.63267876772588,0,0,0
IPL26-120,Josh Inglis,Australian,74.0,31.0,0.0,74.0,1,0,72.42523410094108,1,2,0
IPL26-121,Akshat Raghuwanshi,Indian,59.0,22.0,22.82,59.0,0,1,100.0,2,2,0
IPL26-122,Mukul Choudhary,Indian,71.0,21.0,0.0,71.0,0,1,48.8794632689678,3,2,0
IPL26-123,Wanindu Hasaranga,Sri Lankan,76.0,28.0,0.0,76.0,1,0,52.45110512857412,4,0,0
IPL26-124,Anrich Nortje,South African,76.0,32.0,0.0,76.0,1,0,40.0373972289666,4,0,0
IPL26-125,Naman Tiwari,Indian,76.0,26.0,0.0,76.0,0,0,63.465407824525855,3,1,0
IPL26-126,Rohit Sharma,Indian,54.0,39.0,0.0,54.0,0,0,44.74088465563067,5,1,0
IPL26-127,Jasprit Bumrah,Indian,95.0,32.0,0.0,95.0,0,0,59.295944209743524,1,2,1
IPL26-128,Suryakumar Yadav,Indian,84.0,35.0,0.0,84.0,0,0,77.89176127126,4,2,0
IPL26-129,Hardik Pandya,Indian,,32.0,0.0,50.0,0,0,30.381500710293643,2,2,0
IPL26-130,Tilak Varma,Indian,76.0,23.0,1185.21,76.0,0,1,97.39543090331658,1,1,1
IPL26-131,Trent Boult,New Zealander,87.0,36.0,0.0,87.0,1,0,82.55681783935069,2,1,1
IPL26-132,Deepak Chahar,Indian,80.0,26.0,0.0,80.0,0,0,42.74236133066222,0,0,0
IPL26-133,Naman Dhir,Indian,71.0,26.0,863.67,71.0,0,0,100.0,1,1,0
IPL26-134,Will Jacks,English,,27.0,0.0,50.0,1,0,33.53325278950696,4,1,0
IPL26-135,Robin Minz,Indian,55.0,23.0,0.0,55.0,0,1,33.471258782088846,1,1,0
IPL26-136,Ryan Rickelton,South African,73.0,29.0,0.0,73.0,1,0,29.814732315247518,1,1,0
IPL26-137,Shardul Thakur,Indian,,34.0,0.0,50.0,0,0,26.751625617141435,1,2,0
IPL26-138,Sherfane Rutherford,West Indian,67.0,27.0,0.0,67.0,0,0,43.41789180168367,5,2,0
IPL26-139,Mayank Markande,Indian,72.0,28.0,0.0,72.0,0,0,45.428485338440375,1,2,0
IPL26-140,Allah Ghazanfar,Afghan,70.0,26.0,0.0,70.0,1,0,46.41980161381121,2,2,0
IPL26-141,Corbin Bosch,South African,,31.0,0.0,50.0,1,0,9.336439185606809,0,0,0
IPL26-142,Mitchell Santner,New Zealander,,34.0,0.0,50.0,1,0,28.032537712224592,3,0,0
IPL26-143,Ashwani Kumar,Indian,73.0,97.0,180.0,73.0,0,0,91.01985506758461,1,1,0
IPL26-144,Raj Angad Bawa,Indian,62.0,23.0,0.0,62.0,0,1,43.41533340406046,4,0,0
IPL26-145,Raghu Sharma,Indian,59.0,67.0,37.39,59.0,0,0,100.0,1,2,0
IPL26-146,Quinton de Kock,South African,79.0,33.0,0.0,79.0,1,0,45.33165949636504,4,1,0
IPL26-147,Atharva Ankolekar,Indian,,25.0,0.0,50.0,0,0,21.631906616349365,2,2,0
IPL26-148,Mohammad Izhar,Indian,76.0,68.0,0.0,76.0,0,0,68.30646606067367,4,1,0
IPL26-149,Danish Malewar,Indian,52.0,26.0,0.0,52.0,0,0,58.79231871197103,3,2,0
IPL26-150,Mayank Rawat,Indian,56.0,26.0,0.0,56.0,0,0,38.518572695755445,0,0,0
IPL26-151,Shreyas Iyer,Indian,83.0,31.0,0.0,83.0,0,0,68.78131571478113,4,0,0
IPL26-152,Arshdeep Singh,Indian,78.0,21.0,828.89,78.0,0,1,95.43400547109195,4,0,1
IPL26-153,Yuzvendra Chahal,Indian,100.0,35.0,0.0,100.0,0,0,77.47240836838125,0,0,1
IPL26-154,Marco Jansen,South African,,26.0,0.0,50.0,1,0,5.545016280616278,3,0,0
IPL26-155,Prabhsimran Singh,Indian,74.0,25.0,0.0,74.0,0,0,57.422772260743116,1,1,0
IPL26-156,Harpreet Brar,Indian,,30.0,492.23,50.0,0,0,100.0,4,0,0
IPL26-157,Shashank Singh,Indian,73.0,26.0,1092.28,73.0,0,0,94.22410124429784,0,0,0
IPL26-158,Azmatullah Omarzai,Afghan,,26.0,458.76,50.0,1,0,98.81709824635429,2,1,0
IPL26-159,Nehal Wadhera,Indian,68.0,25.0,0.0,68.0,0,0,46.92148397387638,0,0,0
IPL26-160,Xavier Bartlett,Australian,55.0,27.0,0.0,55.0,1,0,74.0745258986528,2,0,0
IPL26-161,Lockie Ferguson,New Zealander,74.0,35.0,0.0,74.0,1,0,52.792875476527655,3,1,0
IPL26-162,Marcus Stoinis,Australian,,36.0,0.0,50.0,1,0,35.30034678871887,1,0,0
IPL26-163,Mitch Owen,Australian,,22.0,0.0,50.0,1,1,41.807993231520996,0,0,0
IPL26-164,Musheer Khan,Indian,61.0,26.0,9.79,61.0,0,0,97.4959695992798,5,2,0
IPL26-165,Priyansh Arya,Indian,74.0,25.0,912.18,74.0,0,0,97.96088456965728,4,2,0
IPL26-166,Vyshak Vijaykumar,Indian,62.0,26.0,0.0,62.0,0,0,18.68608108402674,3,2,0
IPL26-167,Yash Thakur,Indian,67.0,26.0,223.54,67.0,0,0,92.31076337035564,0,0,0
IPL26-168,Pyla Avinash,Indian,63.0,25.0,0.0,63.0,0,0,54.04075533164643,4,2,0
IPL26-169,Harnoor Pannu,Indian,64.0,26.0,0.0,64.0,0,0,51.68558586308521,0,0,0
IPL26-170,Vishnu Vinod,Indian,62.0,32.0,15.19,62.0,0,0,100.0,2,2,0
IPL26-171,Suryansh Shedge,Indian,67.0,23.0,226.14,67.0,0,1,100.0,0,0,0
IPL26-172,Cooper Connolly,Australian,75.0,22.0,0.0,75.0,1,1,67.83213254040936,5,2,0
IPL26-173,Ben Dwarshuis,Australian,56.0,31.0,0.0,56.0,1,0,21.877821637068433,0,0,0
IPL26-174,Praveen Dubey,Indian,59.0,32.0,0.0,59.0,0,0,61.86841962915043,0,0,0
IPL26-175,Vishal Nishad,Indian,51.0,26.0,0.0,51.0,0,0,16.982594794205006,5,0,0
IPL26-176,Yashasvi Jaiswal,Indian,78.0,24.0,0.0,78.0,0,0,56.83320222566388,3,2,0
IPL26-177,Ravindra Jadeja,Indian,,37.0,0.0,50.0,0,0,68.94852096507658,0,0,0
IPL26-178,Riyan Parag,Indian,,24.0,0.0,50.0,0,0,2.5667628603646406,5,2,0
IPL26-179,Jofra Archer,English,80.0,31.0,0.0,80.0,1,0,51.64654761356806,4,0,0
IPL26-180,Dhruv Jurel,Indian,73.0,25.0,1059.22,73.0,0,0,100.0,2,1,0
IPL26-181,Shimron Hetmyer,West Indian,72.0,29.0,0.0,72.0,0,0,56.89806017397234,2,0,0
IPL26-182,Sam Curran,English,,114.0,0.0,50.0,1,0,24.313159864860197,0,0,0
IPL26-183,Sandeep Sharma,Indian,77.0,26.0,459.67,77.0,0,0,100.0,3,2,0
IPL26-184,Vaibhav Suryavanshi,Indian,80.0,15.0,0.0,80.0,0,1,33.22473404400229,3,2,1
IPL26-185,Tushar Deshpande,Indian,72.0,26.0,0.0,72.0,0,0,55.19828173441565,4,0,0
IPL26-186,Shubham Dubey,Indian,72.0,32.0,0.0,72.0,0,0,38.956029781477895,0,0,0
IPL26-187,Yudhvir Charak,Indian,66.0,26.0,0.0,66.0,0,0,50.49187578839259,2,1,0
IPL26-188,Kwena Maphaka,South African,52.0,20.0,0.0,52.0,1,1,16.03808558901305,3,1,0
IPL26-189,Lhuan-Dre Pretorius,South African,57.0,20.0,0.0,57.0,1,1,57.530118909146395,0,0,0
IPL26-190,Nandre Burger,South African,70.0,30.0,0.0,70.0,1,0,38.687775484999264,3,1,0
IPL26-191,Donovan Ferreira,South African,69.0,27.0,0.0,69.0,1,0,46.902535285771435,5,0,0
IPL26-192,Ravi Bishnoi,Indian,74.0,25.0,466.26,74.0,0,0,100.0,3,1,0
IPL26-193,Adam Milne,New Zealander,59.0,34.0,0.0,59.0,1,0,54.750067347694326,2,0,0
IPL26-194,Ravi Singh,Indian,59.0,26.0,4.35,59.0,0,0,61.90426357013226,1,0,0
IPL26-195,Sushant Mishra,Indian,75.0,25.0,0.0,75.0,0,0,35.44577943477649,4,0,0
IPL26-196,Kuldeep Sen,Indian,70.0,29.0,0.0,70.0,0,0,48.29480246730871,4,1,0
IPL26-197,Brijesh Sharma,Indian,67.0,26.0,210.22,67.0,0,0,100.0,2,1,0
IPL26-198,Aman Rao Perala,Indian,71.0,26.0,0.0,71.0,0,0,72.04172845759804,3,1,0
IPL26-199,Vignesh Puthur,Indian,73.0,25.0,0.0,73.0,0,0,28.30964090679431,0,0,0
IPL26-200,Virat Kohli,Indian,100.0,37.0,0.0,100.0,0,0,85.32090293064492,3,1,1
IPL26-201,Rajat Patidar,Indian,75.0,33.0,0.0,75.0,0,0,63.88730550504649,2,1,0
IPL26-202,Phil Salt,English,75.0,47.0,0.0,75.0,1,0,66.42474046512811,4,0,0
IPL26-203,Josh Hazlewood,Australian,79.0,35.0,0.0,79.0,1,0,35.18726489633026,3,2,0
IPL26-204,Yash Dayal,Indian,68.0,28.0,485.16,68.0,0,0,92.09371214540259,4,0,0
IPL26-205,Krunal Pandya,Indian,,35.0,0.0,50.0,0,0,10.373701680386494,0,0,0
IPL26-206,Bhuvneshwar Kumar,Indian,98.0,36.0,0.0,98.0,0,0,87.03845699182118,4,0,1
IPL26-207,Tim David,Singaporean,74.0,26.0,0.0,74.0,1,0,53.60715065089789,4,2,0
IPL26-208,Romario Shepherd,West Indian,,31.0,0.0,50.0,0,0,37.386226871003316,1,0,0
IPL26-209,Nuwan Thushara,Sri Lankan,68.0,31.0,0.0,68.0,1,0,50.90193871333177,1,1,0
IPL26-210,Swapnil Singh,Indian,66.0,35.0,131.12,66.0,0,0,91.71783567414425,5,2,0
IPL26-211,Jacob Bethell,English,64.0,20.0,0.0,64.0,1,1,40.08181088804859,1,1,0
IPL26-212,Devdutt Padikkal,Indian,73.0,25.0,0.0,73.0,0,0,62.20374505342587,4,2,0
IPL26-213,Suyash Sharma,Indian,64.0,26.0,369.66,64.0,0,0,89.92200281668451,2,2,0
IPL26-214,Rasikh Dar,Indian,71.0,26.0,0.0,71.0,0,0,52.58308569121176,4,0,0
IPL26-215,Jitesh Sharma,Indian,56.0,32.0,0.0,56.0,0,0,22.2768103225331,2,0,0
IPL26-216,Abhinandan Singh,Indian,59.0,26.0,38.42,59.0,0,0,100.0,2,1,0
IPL26-217,Venkatesh Iyer,Indian,,35.0,0.0,50.0,0,0,57.49015411696306,1,0,0
IPL26-218,Jordan Cox,English,80.0,34.0,0.0,80.0,1,0,59.62810282339972,3,0,0
IPL26-219,Mangesh Yadav,Indian,65.0,26.0,0.0,65.0,0,0,31.540971453164666,0,0,0
IPL26-220,Vicky Kanhaiya Ostwal,Indian,74.0,26.0,0.0,74.0,0,0,57.694426400677045,1,0,0
IPL26-221,Kanishk Chouhan,Indian,50.0,26.0,0.0,50.0,0,0,14.078072492981372,1,2,0
IPL26-222,Vihaan Malhotra,Indian,50.0,19.0,0.0,50.0,0,1,37.9574246667324,3,2,0
IPL26-223,Satvik Deswal,Indian,77.0,26.0,0.0,77.0,0,0,71.57665819371137,0,0,0
IPL26-224,Yash Raj Punja,Indian,68.0,26.0,128.95,68.0,0,0,100.0,4,1,0
IPL26-225,Pat Cummins,Australian,,33.0,0.0,50.0,1,0,25.29641603138517,5,1,0
IPL26-226,Heinrich Klaasen,South African,80.0,97.0,0.0,80.0,1,0,68.07879820676794,5,1,0
IPL26-227,Travis Head,Australian,75.0,32.0,0.0,75.0,1,0,64.32209603158657,4,2,0
IPL26-228,Abhishek Sharma,Indian,,26.0,1410.48,50.0,0,0,96.33623185155002,1,1,0
IPL26-229,Nitish Kumar Reddy,Indian,,23.0,0.0,50.0,0,1,38.822542849796974,0,0,0
IPL26-230,Ishan Kishan,Indian,78.0,27.0,1062.44,78.0,0,0,100.0,1,0,0
IPL26-231,Harshal Patel,Indian,88.0,35.0,0.0,88.0,0,0,91.31238091124072,2,1,1
IPL26-232,Jaydev Unadkat,Indian,81.0,33.0,0.0,81.0,0,0,59.67219126383217,1,1,0
IPL26-233,Zeeshan Ansari,Indian,59.0,26.0,99.75,59.0,0,0,100.0,1,2,0
IPL26-234,Brydon Carse,English,72.0,30.0,0.0,72.0,1,0,38.531296226142565,4,2,0
IPL26-235,Kamindu Mendis,Sri Lankan,65.0,27.0,0.0,65.0,1,0,38.29267406568548,4,2,0
IPL26-236,Harsh Dubey,Indian,70.0,23.0,174.77,70.0,0,1,93.63587693969247,4,2,0
IPL26-237,Aniket Verma,Indian,66.0,24.0,403.65,66.0,0,0,100.0,5,2,0
IPL26-238,Eshan Malinga,Sri Lankan,74.0,25.0,0.0,74.0,1,0,32.042908578092764,2,2,0
IPL26-239,Smaran Ravichandaran,Indian,73.0,26.0,0.0,73.0,0,0,65.34204506088598,4,1,0
IPL26-240,Liam Livingstone,English,,32.0,0.0,50.0,1,0,33.08626842914049,0,0,0
IPL26-241,Salil Arora,Indian,68.0,23.0,31.36,68.0,0,1,94.18846421806191,5,2,0
IPL26-242,Jack Edwards,Australian,,97.0,0.0,50.0,1,0,32.98700244735029,3,0,0
IPL26-243,Shivam Mavi,Indian,64.0,27.0,0.0,64.0,0,0,51.17535902241822,0,0,0
IPL26-244,Amit Kumar,Indian,56.0,26.0,0.0,56.0,0,0,38.12985487244132,0,0,0
IPL26-245,Onkar Tarmale,Indian,,26.0,0.0,50.0,0,0,58.641297814710484,4,1,0
IPL26-246,Sakib Hussain,Indian,71.0,21.0,221.1,71.0,0,1,95.03271886971662,3,2,0
IPL26-247,Praful Hinge,Indian,70.0,26.0,0.0,70.0,0,0,48.92714369730068,3,2,0
IPL26-248,Shivang Kumar,Indian,63.0,26.0,185.9,63.0,0,0,92.3363231555212,5,2,0
IPL26-249,Krains Fuletra,Indian,55.0,26.0,0.0,55.0,0,0,80.96731116498735,3,0,0
IPL26-250,Jake Fraser-McGurk,Australian,71.0,23.0,0.0,71.0,1,1,62.46619205111307,2,2,0
IPL26-251,Devon Conway,New Zealander,76.0,26.0,0.0,76.0,1,0,48.52355326040736,4,0,0
IPL26-252,Gus Atkinson,English,80.0,28.0,0.0,80.0,1,0,43.32487801587779,3,1,0
IPL26-253,Jamie Smith,English,71.0,37.0,0.0,71.0,1,0,56.06130323937403,5,2,0
IPL26-254,Deepak Hooda,Indian,,31.0,0.0,50.0,0,0,30.7286454003989,2,0,0
IPL26-255,Wiaan Mulder,South African,50.0,28.0,0.0,50.0,1,0,34.16976480358929,1,0,0
IPL26-256,Rahmanullah Gurbaz,Afghan,67.0,24.0,183.09,67.0,1,0,91.28587834133212,1,2,0
IPL26-257,Jonny Bairstow,English,75.0,36.0,0.0,75.0,1,0,62.07375444840298,2,1,0
IPL26-258,K.S. Bharat,Indian,67.0,26.0,0.0,67.0,0,0,43.95958327585295,5,1,0
IPL26-259,Gerald Coetzee,South African,67.0,25.0,0.0,67.0,1,0,37.06726088788165,2,1,0
IPL26-260,Spencer Johnson,Australian,57.0,38.0,0.0,57.0,1,0,19.735048751282015,4,0,0
IPL26-261,Fazalhaq Farooqi,Afghan,63.0,25.0,34.22,63.0,1,0,100.0,4,0,0
IPL26-262,Maheesh Theekshana,Sri Lankan,71.0,25.0,0.0,71.0,1,0,49.36179227812841,1,0,0
IPL26-263,Mujeeb Ur Rahman,Afghan,67.0,25.0,8.29,67.0,1,0,93.05526166666081,3,0,0
IPL26-264,Aarya Desai,Indian,55.0,23.0,0.0,55.0,0,1,50.318960656457584,5,1,0
IPL26-265,Yash Dhull,Indian,55.0,23.0,0.0,55.0,0,1,37.628120112791706,1,2,0
IPL26-266,Abhinav Manohar,Indian,62.0,31.0,0.0,62.0,0,0,25.63914562439609,3,0,0
IPL26-267,Anmolpreet Singh,Indian,63.0,28.0,4.93,63.0,0,0,75.48326414281757,3,0,0
IPL26-268,Atharva Taide,Indian,68.0,26.0,59.39,68.0,0,0,100.0,4,1,0
IPL26-269,Mahipal Lomror,Indian,65.0,26.0,0.0,65.0,0,0,46.764093722333534,0,0,0
IPL26-270,Vijay Shankar,Indian,,35.0,0.0,50.0,0,0,39.82440669828904,0,0,0
IPL26-271,Tanush Kotian,Indian,61.0,27.0,18.32,61.0,0,0,96.44773725082524,2,1,0
IPL26-272,Kamlesh Nagarkoti,Indian,57.0,26.0,0.0,57.0,0,0,23.650393352462473,4,1,0
IPL26-273,Ruchit Ahir,Indian,74.0,26.0,0.0,74.0,0,0,62.86479609022079,3,2,0
IPL26-274,Sanvir Singh,Indian,60.0,29.0,20.67,60.0,0,0,95.25639088539437,5,0,0
IPL26-275,Vansh Bedi,Indian,50.0,23.0,0.0,50.0,0,1,20.063903467926842,0,0,0
IPL26-276,Raj Limbani,Indian,75.0,26.0,0.0,75.0,0,0,39.68773136403052,3,1,0
IPL26-277,Simarjeet Singh,Indian,65.0,28.0,87.74,65.0,0,0,98.7152275482325,0,0,0
IPL26-278,Akash Madhwal,Indian,68.0,32.0,143.34,68.0,0,0,100.0,0,0,0
IPL26-279,Karn Sharma,Indian,80.0,38.0,0.0,80.0,0,0,64.71423500573927,0,0,0
IPL26-280,Sean Abbott,Australian,54.0,34.0,0.0,54.0,1,0,39.390072537706956,5,1,0
IPL26-281,Michael Bracewell,New Zealander,,35.0,0.0,50.0,1,0,45.86668166853809,4,1,0
IPL26-282,Daryl Mitchell,New Zealander,67.0,60.0,0.0,67.0,1,0,68.2723737135896,5,2,0
IPL26-283,Dasun Shanaka,Sri Lankan,62.0,34.0,0.0,62.0,1,0,24.21180761660551,1,2,0
IPL26-284,Chetan Sakariya,Indian,70.0,27.0,0.0,70.0,0,0,23.763113118532985,3,0,0
IPL26-285,Waqar Salamkheil,Afghan,72.0,29.0,0.0,72.0,1,0,60.65436646856375,4,1,0
IPL26-286,Taskin Ahmed,Bangladeshi,80.0,31.0,0.0,80.0,1,0,68.88559992569016,4,0,0
IPL26-287,Alzarri Joseph,West Indian,68.0,29.0,0.0,68.0,0,0,55.634465468588125,4,0,0
IPL26-288,Riley Meredith,Australian,69.0,29.0,0.0,69.0,1,0,96.94555054215705,4,0,0
IPL26-289,Jhye Richardson,Australian,58.0,29.0,0.0,58.0,1,0,52.53601703292973,5,0,0
IPL26-290,Daniel Lawrence,English,79.0,26.0,0.0,79.0,1,0,82.25365434338329,4,1,0
IPL26-291,Murugan Ashwin,Indian,72.0,35.0,0.0,72.0,0,0,55.294224148268725,2,0,0
IPL26-292,William Sutherland,Australian,,163.0,0.0,50.0,1,0,35.781071380879744,3,1,0
IPL26-293,Kartikeya Singh,Indian,79.0,26.0,0.0,79.0,0,0,53.54730807396622,4,1,0
IPL26-294,Shivam Shukla,Indian,63.0,26.0,0.0,63.0,0,0,59.127079325982365,3,2,0
IPL26-295,Wahidullah Zadran,Afghan,62.0,26.0,0.0,62.0,1,0,30.581886163895255,2,1,0
IPL26-296,KC Cariappa,Indian,59.0,32.0,0.0,59.0,0,0,32.02975189807525,2,2,0
IPL26-297,Sediqullah Atal,Afghan,64.0,24.0,14.99,64.0,1,0,100.0,3,1,0
IPL26-298,Nathan Smith,New Zealander,53.0,263.0,0.0,53.0,1,0,24.662866354808486,0,0,0
IPL26-299,Manan Vohra,Indian,68.0,32.0,0.0,68.0,0,0,48.64110779502004,1,1,0
IPL26-300,Jacob Duffy,New Zealander,67.0,25.0,0.0,67.0,1,0,81.58408633308224,0,0,0
IPL26-001,MS Dhoni,Indian,76.0,44.0,492.22,76.0,0,0,100.0,4,0,0
IPL26-002,Ruturaj Gaikwad,Indian,79.0,29.0,0.0,79.0,0,0,64.90796428679955,5,1,0
IPL26-003,Sanju Samson,Indian,85.0,31.0,0.0,85.0,0,0,66.36076794566834,1,2,1
IPL26-004,Shivam Dube,Indian,,32.0,0.0,50.0,0,0,39.34998322947502,1,2,0
IPL26-005,Ayush Mhatre,Indian,73.0,18.0,0.0,73.0,0,1,70.510364914031,5,0,0
IPL26-006,Dewald Brevis,South African,68.0,23.0,0.0,68.0,1,1,44.303817850672715,0,0,0
IPL26-007,Urvil Patel,Indian,69.0,27.0,268.05,69.0,0,0,94.92393298427393,3,1,0
IPL26-008,Noor Ahmad,Afghan,76.0,21.0,701.28,76.0,1,1,100.0,1,1,1
IPL26-009,Nathan Ellis,Australian,71.0,26.0,0.0,71.0,1,0,51.635315291919625,5,2,0
IPL26-010,Shreyas Gopal,Indian,76.0,32.0,0.0,76.0,0,0,74.3200472026003,5,2,0
IPL26-011,Khaleel Ahmed,Indian,80.0,119.0,0.0,80.0,0,0,73.33288796631582,2,0,0
IPL26-012,Ramakrishna Ghosh,Indian,55.0,28.0,0.0,55.0,0,0,23.81269691920968,3,2,0
IPL26-013,Mukesh Choudhary,Indian,68.0,30.0,140.19,68.0,0,0,100.0,4,1,0
IPL26-014,Jamie Overton,English,,32.0,0.0,50.0,1,0,42.43942186389189,0,0,0
IPL26-015,Gurjapneet Singh,Indian,58.0,27.0,99.53,58.0,0,0,89.35243462944979,4,0,0
IPL26-016,Anshul Kamboj,Indian,,31.0,0.0,50.0,0,0,17.47635547345634,3,1,0
IPL26-017,Prashant Veer,Indian,73.0,20.0,0.0,73.0,0,1,44.16915647089654,3,1,0
IPL26-018,Kartik Sharma,Indian,70.0,26.0,292.84,70.0,0,0,100.0,3,1,0
IPL26-019,Rahul Chahar,Indian,78.0,26.0,0.0,78.0,0,0,60.797517426698896,4,1,0
IPL26-020,Akeal Hosein,West Indian,71.0,33.0,0.0,71.0,0,0,22.071392420228438,3,0,0
IPL26-021,Matt Henry,New Zealander,54.0,47.0,0.0,54.0,1,0,18.34115513906079,5,0,0
IPL26-022,Matthew Short,Australian,64.0,338.0,0.0,64.0,1,0,29.503400667139275,4,2,0
IPL26-023,Sarfaraz Khan,Indian,67.0,326.0,0.0,67.0,0,0,37.48495827679749,3,1,0
IPL26-024,Zak Foulkes,English,81.0,24.0,0.0,81.0,1,0,63.96381935315703,5,2,0
IPL26-025,Aman Khan,Indian,64.0,77.0,0.0,64.0,0,0,33.12701282967551,2,0,0
IPL26-026,KL Rahul,Indian,87.0,34.0,1380.75,87.0,0,0,100.0,3,0,0
IPL26-027,Axar Patel,Indian,,32.0,0.0,50.0,0,0,12.258834598397756,4,0,0
IPL26-028,Kuldeep Yadav,Indian,77.0,26.0,718.52,77.0,0,0,100.0,1,0,0
IPL26-029,T. Natarajan,Indian,75.0,26.0,0.0,75.0,0,0,84.98034320957018,3,0,0
IPL26-030,Mitchell Starc,Australian,80.0,36.0,0.0,80.0,1,0,62.23734871566792,1,0,0
IPL26-031,Tristan Stubbs,South African,77.0,25.0,0.0,77.0,1,0,54.01595268951168,5,0,0
IPL26-032,Mukesh Kumar,Indian,67.0,26.0,521.18,67.0,0,0,100.0,2,1,0
IPL26-033,Nitish Rana,Indian,76.0,32.0,0.0,76.0,0,0,26.041298536094352,0,0,0
IPL26-034,Abishek Porel,Indian,69.0,23.0,743.92,69.0,0,1,97.29923305812875,2,0,0
IPL26-035,Ashutosh Sharma,Indian,72.0,65.0,869.41,72.0,0,0,100.0,3,1,0
IPL26-036,Sameer Rizvi,Indian,71.0,22.0,503.63,71.0,0,1,96.9894732360937,1,1,0
IPL26-037,Karun Nair,Indian,70.0,34.0,0.0,70.0,0,0,43.20109286198188,1,2,0
IPL26-038,Dushmantha Chameera,Sri Lankan,61.0,34.0,0.0,61.0,1,0,42.5969157673828,4,0,0
IPL26-039,Vipraj Nigam,Indian,,21.0,0.0,50.0,0,1,15.417180000640672,1,2,0
IPL26-040,Ajay Mandal,Indian,,26.0,0.0,50.0,0,0,33.51447516504452,4,0,0
IPL26-041,Madhav Tiwari,Indian,70.0,22.0,0.0,70.0,0,1,36.28967507903436,5,1,0
IPL26-042,Tripurana Vijay,Indian,50.0,24.0,0.0,50.0,0,0,33.01522788396715,0,0,0
IPL26-043,Auqib Nabi Dar,Indian,,26.0,0.0,50.0,0,0,18.495917103109324,3,1,0
IPL26-044,Pathum Nissanka,Sri Lankan,69.0,28.0,0.0,69.0,1,0,80.08422573321965,4,1,0
IPL26-045,David Miller,South African,80.0,116.0,0.0,80.0,1,0,66.97377676129368,0,0,0
IPL26-046,Ben Duckett,English,84.0,31.0,0.0,84.0,1,0,48.947686060649154,1,0,0
IPL26-047,Lungi Ngidi,South African,77.0,30.0,0.0,77.0,1,0,65.05664083433209,1,0,0
IPL26-048,Kyle Jamieson,New Zealander,,26.0,0.0,50.0,1,0,10.794295377697946,0,0,0
IPL26-049,Prithvi Shaw,Indian,72.0,26.0,0.0,72.0,0,0,60.2206585081051,1,0,0
IPL26-050,Sahil Parakh,Indian,61.0,26.0,0.0,61.0,0,0,12.63618587049268,5,1,0
IPL26-051,Shubman Gill,Indian,84.0,26.0,1502.36,84.0,0,0,93.97429103897862,5,0,0
IPL26-052,Rashid Khan,Afghan,,26.0,1036.91,50.0,1,0,100.0,0,0,0
IPL26-053,Jos Buttler,English,86.0,35.0,0.0,86.0,1,0,49.92486661177853,4,2,0
IPL26-054,Kagiso Rabada,South African,89.0,31.0,0.0,89.0,1,0,70.17635910744718,4,0,0
IPL26-055,Mohammed Siraj,Indian,79.0,32.0,835.35,79.0,0,0,100.0,0,0,0
IPL26-056,Sai Sudharsan,Indian,83.0,24.0,1572.25,83.0,0,0,100.0,4,0,0
IPL26-057,Prasidh Krishna,Indian,77.0,30.0,571.61,77.0,0,0,99.01285230678981,4,1,0
IPL26-058,Washington Sundar,Indian,,26.0,670.48,50.0,0,0,93.53232128203169,5,2,0
IPL26-059,Rahul Tewatia,Indian,,33.0,0.0,50.0,0,0,46.46676817545994,4,0,0
IPL26-060,Shahrukh Khan,Indian,66.0,60.0,378.48,66.0,0,0,100.0,2,1,0
IPL26-061,R. Sai Kishore,Indian,75.0,26.0,0.0,75.0,0,0,60.48995568972612,3,2,0
IPL26-062,Glenn Phillips,New Zealander,61.0,52.0,0.0,61.0,1,0,46.98790578256686,1,2,0
IPL26-063,Jayant Yadav,Indian,61.0,36.0,0.0,61.0,0,0,41.20941320122864,2,0,0
IPL26-064,Anuj Rawat,Indian,66.0,26.0,109.12,66.0,0,0,100.0,4,0,0
IPL26-065,Kumar Kushagra,Indian,56.0,21.0,18.97,56.0,0,1,88.93386325986584,5,0,0
IPL26-066,Gurnoor Singh Brar,Indian,65.0,26.0,0.0,65.0,0,0,28.80664490350067,0,0,0
IPL26-067,Nishant Sindhu,Indian,61.0,22.0,0.0,61.0,0,1,30.617739445489626,4,0,0
IPL26-068,Manav Suthar,Indian,58.0,23.0,0.0,58.0,0,1,32.65287683688888,5,2,0
IPL26-069,Ishant Sharma,Indian,78.0,37.0,0.0,78.0,0,0,75.45349934175067,3,2,0
IPL26-070,Arshad Khan,Indian,64.0,26.0,357.1,64.0,0,0,100.0,4,0,0
IPL26-071,Jason Holder,West Indian,,41.0,0.0,50.0,0,0,40.765149487535346,0,0,0
IPL26-072,Tom Banton,English,58.0,27.0,0.0,58.0,1,0,14.725603384855102,5,2,0
IPL26-073,Ashok Sharma,Indian,64.0,26.0,94.13,64.0,0,0,100.0,5,1,0
IPL26-074,Luke Wood,English,50.0,26.0,0.0,50.0,1,0,36.01882323739978,5,0,0
IPL26-075,Prithvi Raj,Indian,73.0,26.0,0.0,73.0,0,0,30.465713209231858,3,0,0
IPL26-076,Sunil Narine,West Indian,,37.0,0.0,50.0,0,0,18.408214898159677,4,2,0
IPL26-077,Varun Chakravarthy,Indian,85.0,34.0,0.0,85.0,0,0,69.46719674585978,3,0,0
IPL26-078,Rinku Singh,Indian,74.0,37.0,0.0,74.0,0,0,75.5186905321347,1,1,0
IPL26-079,Harshit Rana,Indian,73.0,24.0,541.9,73.0,0,0,100.0,1,2,0
IPL26-080,Angkrish Raghuvanshi,Indian,73.0,22.0,0.0,73.0,0,1,64.67851685067431,4,0,0
IPL26-081,Ramandeep Singh,Indian,,26.0,355.97,50.0,0,0,98.21141408865378,3,2,0
IPL26-082,Ajinkya Rahane,Indian,84.0,38.0,0.0,84.0,0,0,49.44183033514831,0,0,0
IPL26-083,Rovman Powell,West Indian,67.0,32.0,0.0,67.0,0,0,40.30268359063719,5,0,0
IPL26-084,Vaibhav Arora,Indian,73.0,28.0,0.0,73.0,0,0,50.74616425342947,5,0,0
IPL26-085,Manish Pandey,Indian,79.0,26.0,0.0,79.0,0,0,65.32677944044654,4,1,0
IPL26-086,Anukul Roy,Indian,69.0,27.0,0.0,69.0,0,0,41.95762029422937,1,1,0
IPL26-087,Umran Malik,Indian,65.0,26.0,0.0,65.0,0,0,47.59168604683952,1,2,0
IPL26-088,Cameron Green,Australian,,26.0,0.0,50.0,1,0,10.716526902770262,5,0,0
IPL26-089,Matheesha Pathirana,Sri Lankan,77.0,24.0,0.0,77.0,1,0,40.574124393410166,4,0,0
IPL26-090,Mustafizur Rahman,Bangladeshi,77.0,30.0,258.07,77.0,1,0,100.0,3,1,0
IPL26-091,Tejasvi Singh,Indian,78.0,26.0,0.0,78.0,0,0,65.22099630799369,1,0,0
IPL26-092,Finn Allen,New Zealander,74.0,27.0,0.0,74.0,1,0,74.24372328496283,3,1,0
IPL26-093,Rachin Ravindra,New Zealander,67.0,26.0,0.0,67.0,1,0,42.587245769927414,1,0,0
IPL26-094,Tim Seifert,New Zealander,58.0,24.0,0.0,58.0,1,0,61.08359092753683,1,2,0
IPL26-095,Akash Deep,Indian,58.0,26.0,74.49,58.0,0,0,100.0,2,0,0
IPL26-096,Rahul Tripathi,Indian,73.0,26.0,0.0,73.0,0,0,53.46282617634026,1,0,0
IPL26-097,Prashant Solanki,Indian,75.0,26.0,0.0,75.0,0,0,47.252625596344764,0,0,0
IPL26-098,Kartik Tyagi,Indian,71.0,25.0,267.17,71.0,0,0,100.0,4,0,0
IPL26-099,Sarthak Ranjan,Indian,59.0,29.0,0.0,59.0,0,0,48.66258158450786,4,0,0
IPL26-100,Daksh Kamra,Indian,50.0,26.0,0.0,50.0,0,0,53.47836367191137,3,1,0
IPL26-101,Rishabh Pant,Indian,82.0,28.0,0.0,82.0,0,0,67.99539672217246,1,2,0
IPL26-102,Nicholas Pooran,West Indian,77.0,30.0,0.0,77.0,0,0,75.94708139226293,0,0,0
IPL26-103,Mayank Yadav,Indian,63.0,26.0,0.0,63.0,0,0,2.1883587166803737,3,1,0
IPL26-104,Mohammed Shami,Indian,77.0,36.0,366.12,77.0,0,0,95.61178790120212,2,1,0
IPL26-105,Mohsin Khan,Indian,75.0,38.0,341.0,75.0,0,0,100.0,3,1,0
IPL26-106,Ayush Badoni,Indian,70.0,26.0,0.0,70.0,0,0,59.4153531941311,3,1,0
IPL26-107,Avesh Khan,Indian,73.0,29.0,614.92,73.0,0,0,99.14375412281457,1,1,0
IPL26-108,Abdul Samad,Indian,66.0,54.0,652.13,66.0,0,0,100.0,2,2,0
IPL26-109,Mitchell Marsh,Australian,,34.0,0.0,50.0,1,0,34.79695559246165,3,2,0
IPL26-110,Aiden Markram,South African,,31.0,0.0,50.0,1,0,20.979258011735734,0,0,0
IPL26-111,Shahbaz Ahmed,Indian,,57.0,458.64,50.0,0,0,100.0,0,0,0
IPL26-112,Matthew Breetzke,South African,61.0,27.0,0.0,61.0,1,0,44.654859991368795,4,1,0
IPL26-113,Digvesh Rathi,Indian,65.0,26.0,0.0,65.0,0,0,9.7779520830846,2,0,0
IPL26-114,Himmat Singh,Indian,66.0,29.0,101.92,66.0,0,0,93.36142052121693,2,1,0
IPL26-115,Arshin Kulkarni,Indian,56.0,26.0,0.0,56.0,0,0,32.625823131126985,4,1,0
IPL26-116,Manimaran Siddharth,Indian,68.0,27.0,0.0,68.0,0,0,57.60715851926024,3,2,0
IPL26-117,Akash Singh,Indian,67.0,39.0,96.39,67.0,0,0,100.0,2,0,0
IPL26-118,Arjun Tendulkar,Indian,64.0,26.0,32.51,64.0,0,0,100.0,0,0,0
IPL26-119,Prince Yadav,Indian,52.0,24.0,347.54,52.0,0,0,100.0,0,0,0
IPL26-120,Josh Inglis,Australian,74.0,31.0,0.0,74.0,1,0,78.72709901651777,1,2,0
IPL26-121,Akshat Raghuwanshi,Indian,59.0,22.0,22.82,59.0,0,1,95.72334742805371,2,2,0
IPL26-122,Mukul Choudhary,Indian,71.0,21.0,0.0,71.0,0,1,51.66088604102225,3,2,0
IPL26-123,Wanindu Hasaranga,Sri Lankan,76.0,28.0,0.0,76.0,1,0,52.242288047214785,4,0,0
IPL26-124,Anrich Nortje,South African,76.0,32.0,0.0,76.0,1,0,50.617705919335435,4,0,0
IPL26-125,Naman Tiwari,Indian,76.0,26.0,0.0,76.0,0,0,70.71753386549537,3,1,0
IPL26-126,Rohit Sharma,Indian,54.0,39.0,0.0,54.0,0,0,36.87416178159842,5,1,0
IPL26-127,Jasprit Bumrah,Indian,95.0,32.0,0.0,95.0,0,0,69.69734117249271,1,2,1
IPL26-128,Suryakumar Yadav,Indian,84.0,35.0,0.0,84.0,0,0,68.24242464161645,4,2,0
IPL26-129,Hardik Pandya,Indian,,32.0,0.0,50.0,0,0,20.33810308524295,2,2,0
IPL26-130,Tilak Varma,Indian,76.0,23.0,1185.21,76.0,0,1,86.42946349754456,1,1,1
IPL26-131,Trent Boult,New Zealander,87.0,36.0,0.0,87.0,1,0,77.5321831921759,2,1,1
IPL26-132,Deepak Chahar,Indian,80.0,26.0,0.0,80.0,0,0,50.251094206431105,0,0,0
IPL26-133,Naman Dhir,Indian,71.0,26.0,863.67,71.0,0,0,100.0,1,1,0
IPL26-134,Will Jacks,English,,27.0,0.0,50.0,1,0,22.65128275848705,4,1,0
IPL26-135,Robin Minz,Indian,55.0,23.0,0.0,55.0,0,1,29.827553538732154,1,1,0
IPL26-136,Ryan Rickelton,South African,73.0,29.0,0.0,73.0,1,0,29.676133992745566,1,1,0
IPL26-137,Shardul Thakur,Indian,,34.0,0.0,50.0,0,0,29.445240367717954,1,2,0
IPL26-138,Sherfane Rutherford,West Indian,67.0,27.0,0.0,67.0,0,0,50.647106537852714,5,2,0
IPL26-139,Mayank Markande,Indian,72.0,28.0,0.0,72.0,0,0,56.14148741146516,1,2,0
IPL26-140,Allah Ghazanfar,Afghan,70.0,26.0,0.0,70.0,1,0,41.71088426064118,2,2,0
IPL26-141,Corbin Bosch,South African,,31.0,0.0,50.0,1,0,4.001415804145296,0,0,0
IPL26-142,Mitchell Santner,New Zealander,,34.0,0.0,50.0,1,0,18.344067188758824,3,0,0
IPL26-143,Ashwani Kumar,Indian,73.0,97.0,180.0,73.0,0,0,90.31740632745942,1,1,0
IPL26-144,Raj Angad Bawa,Indian,62.0,23.0,0.0,62.0,0,1,34.45827038136336,4,0,0
IPL26-145,Raghu Sharma,Indian,59.0,67.0,37.39,59.0,0,0,100.0,1,2,0
IPL26-146,Quinton de Kock,South African,79.0,33.0,0.0,79.0,1,0,47.83542138084453,4,1,0
IPL26-147,Atharva Ankolekar,Indian,,25.0,0.0,50.0,0,0,26.734459904728332,2,2,0
IPL26-148,Mohammad Izhar,Indian,76.0,68.0,0.0,76.0,0,0,62.70608684341892,4,1,0
IPL26-149,Danish Malewar,Indian,52.0,26.0,0.0,52.0,0,0,57.847881081012154,3,2,0
IPL26-150,Mayank Rawat,Indian,56.0,26.0,0.0,56.0,0,0,28.879234006160225,0,0,0
IPL26-151,Shreyas Iyer,Indian,83.0,31.0,0.0,83.0,0,0,70.78184976991429,4,0,0
IPL26-152,Arshdeep Singh,Indian,78.0,21.0,828.89,78.0,0,1,100.0,4,0,1
IPL26-153,Yuzvendra Chahal,Indian,100.0,35.0,0.0,100.0,0,0,75.24252738316856,0,0,1
IPL26-154,Marco Jansen,South African,,26.0,0.0,50.0,1,0,0.46425366748159935,3,0,0
IPL26-155,Prabhsimran Singh,Indian,74.0,25.0,0.0,74.0,0,0,52.417296012960946,1,1,0
IPL26-156,Harpreet Brar,Indian,,30.0,492.23,50.0,0,0,100.0,4,0,0
IPL26-157,Shashank Singh,Indian,73.0,26.0,1092.28,73.0,0,0,100.0,0,0,0
IPL26-158,Azmatullah Omarzai,Afghan,,26.0,458.76,50.0,1,0,100.0,2,1,0
IPL26-159,Nehal Wadhera,Indian,68.0,25.0,0.0,68.0,0,0,47.01888202204592,0,0,0
IPL26-160,Xavier Bartlett,Australian,55.0,27.0,0.0,55.0,1,0,74.66095099478048,2,0,0
IPL26-161,Lockie Ferguson,New Zealander,74.0,35.0,0.0,74.0,1,0,57.38636987114673,3,1,0
IPL26-162,Marcus Stoinis,Australian,,36.0,0.0,50.0,1,0,36.564935956978076,1,0,0
IPL26-163,Mitch Owen,Australian,,22.0,0.0,50.0,1,1,29.45582643222049,0,0,0
IPL26-164,Musheer Khan,Indian,61.0,26.0,9.79,61.0,0,0,100.0,5,2,0
IPL26-165,Priyansh Arya,Indian,74.0,25.0,912.18,74.0,0,0,96.48364238718263,4,2,0
IPL26-166,Vyshak Vijaykumar,Indian,62.0,26.0,0.0,62.0,0,0,21.683423815186615,3,2,0
IPL26-167,Yash Thakur,Indian,67.0,26.0,223.54,67.0,0,0,94.67982882399451,0,0,0
IPL26-168,Pyla Avinash,Indian,63.0,25.0,0.0,63.0,0,0,61.67766480057652,4,2,0
IPL26-169,Harnoor Pannu,Indian,64.0,26.0,0.0,64.0,0,0,54.62198096019042,0,0,0
IPL26-170,Vishnu Vinod,Indian,62.0,32.0,15.19,62.0,0,0,95.8844096932596,2,2,0
IPL26-171,Suryansh Shedge,Indian,67.0,23.0,226.14,67.0,0,1,99.17910294189747,0,0,0
IPL26-172,Cooper Connolly,Australian,75.0,22.0,0.0,75.0,1,1,69.21547050946155,5,2,0
IPL26-173,Ben Dwarshuis,Australian,56.0,31.0,0.0,56.0,1,0,31.932749708068876,0,0,0
IPL26-174,Praveen Dubey,Indian,59.0,32.0,0.0,59.0,0,0,65.10225398756077,0,0,0
IPL26-175,Vishal Nishad,Indian,51.0,26.0,0.0,51.0,0,0,0.0,5,0,0
IPL26-176,Yashasvi Jaiswal,Indian,78.0,24.0,0.0,78.0,0,0,67.99939874110578,3,2,0
IPL26-177,Ravindra Jadeja,Indian,,37.0,0.0,50.0,0,0,70.00345570071394,0,0,0
IPL26-178,Riyan Parag,Indian,,24.0,0.0,50.0,0,0,8.452587666988514,5,2,0
IPL26-179,Jofra Archer,English,80.0,31.0,0.0,80.0,1,0,54.26333040702054,4,0,0
IPL26-180,Dhruv Jurel,Indian,73.0,25.0,1059.22,73.0,0,0,98.81678907234478,2,1,0
IPL26-181,Shimron Hetmyer,West Indian,72.0,29.0,0.0,72.0,0,0,59.24622313089542,2,0,0
IPL26-182,Sam Curran,English,,114.0,0.0,50.0,1,0,24.469151163324273,0,0,0
IPL26-183,Sandeep Sharma,Indian,77.0,26.0,459.67,77.0,0,0,95.57992272720396,3,2,0
IPL26-184,Vaibhav Suryavanshi,Indian,80.0,15.0,0.0,80.0,0,1,35.735791142554916,3,2,1
IPL26-185,Tushar Deshpande,Indian,72.0,26.0,0.0,72.0,0,0,52.3199662418523,4,0,0
IPL26-186,Shubham Dubey,Indian,72.0,32.0,0.0,72.0,0,0,35.449553220058185,0,0,0
IPL26-187,Yudhvir Charak,Indian,66.0,26.0,0.0,66.0,0,0,58.70020118340403,2,1,0
IPL26-188,Kwena Maphaka,South African,52.0,20.0,0.0,52.0,1,1,13.995536879541802,3,1,0
IPL26-189,Lhuan-Dre Pretorius,South African,57.0,20.0,0.0,57.0,1,1,65.26427262356901,0,0,0
IPL26-190,Nandre Burger,South African,70.0,30.0,0.0,70.0,1,0,36.739952235348845,3,1,0
IPL26-191,Donovan Ferreira,South African,69.0,27.0,0.0,69.0,1,0,45.286632788560695,5,0,0
IPL26-192,Ravi Bishnoi,Indian,74.0,25.0,466.26,74.0,0,0,100.0,3,1,0
IPL26-193,Adam Milne,New Zealander,59.0,34.0,0.0,59.0,1,0,51.09373157013587,2,0,0
IPL26-194,Ravi Singh,Indian,59.0,26.0,4.35,59.0,0,0,71.68198582777339,1,0,0
IPL26-195,Sushant Mishra,Indian,75.0,25.0,0.0,75.0,0,0,43.823828044845776,4,0,0
IPL26-196,Kuldeep Sen,Indian,70.0,29.0,0.0,70.0,0,0,57.62414864359266,4,1,0
IPL26-197,Brijesh Sharma,Indian,67.0,26.0,210.22,67.0,0,0,98.18642155210036,2,1,0
IPL26-198,Aman Rao Perala,Indian,71.0,26.0,0.0,71.0,0,0,78.52107758484689,3,1,0
IPL26-199,Vignesh Puthur,Indian,73.0,25.0,0.0,73.0,0,0,30.261156851545852,0,0,0
IPL26-200,Virat Kohli,Indian,100.0,37.0,0.0,100.0,0,0,84.55762917460403,3,1,1
IPL26-201,Rajat Patidar,Indian,75.0,33.0,0.0,75.0,0,0,54.7116465170694,2,1,0
IPL26-202,Phil Salt,English,75.0,47.0,0.0,75.0,1,0,64.23984978463395,4,0,0
IPL26-203,Josh Hazlewood,Australian,79.0,35.0,0.0,79.0,1,0,37.00322179719289,3,2,0
IPL26-204,Yash Dayal,Indian,68.0,28.0,485.16,68.0,0,0,100.0,4,0,0
IPL26-205,Krunal Pandya,Indian,,35.0,0.0,50.0,0,0,13.3870662009769,0,0,0
IPL26-206,Bhuvneshwar Kumar,Indian,98.0,36.0,0.0,98.0,0,0,87.66528498136454,4,0,1
IPL26-207,Tim David,Singaporean,74.0,26.0,0.0,74.0,1,0,66.3949908788457,4,2,0
IPL26-208,Romario Shepherd,West Indian,,31.0,0.0,50.0,0,0,29.318602729131975,1,0,0
IPL26-209,Nuwan Thushara,Sri Lankan,68.0,31.0,0.0,68.0,1,0,53.771068360149044,1,1,0
IPL26-210,Swapnil Singh,Indian,66.0,35.0,131.12,66.0,0,0,93.58530335350852,5,2,0
IPL26-211,Jacob Bethell,English,64.0,20.0,0.0,64.0,1,1,29.19027431830633,1,1,0
IPL26-212,Devdutt Padikkal,Indian,73.0,25.0,0.0,73.0,0,0,62.80669734410737,4,2,0
IPL26-213,Suyash Sharma,Indian,64.0,26.0,369.66,64.0,0,0,97.68417566764268,2,2,0
IPL26-214,Rasikh Dar,Indian,71.0,26.0,0.0,71.0,0,0,51.37926811917887,4,0,0
IPL26-215,Jitesh Sharma,Indian,56.0,32.0,0.0,56.0,0,0,14.634844351689745,2,0,0
IPL26-216,Abhinandan Singh,Indian,59.0,26.0,38.42,59.0,0,0,95.93322676105541,2,1,0
IPL26-217,Venkatesh Iyer,Indian,,35.0,0.0,50.0,0,0,56.96021629619645,1,0,0
IPL26-218,Jordan Cox,English,80.0,34.0,0.0,80.0,1,0,60.32047901474576,3,0,0
IPL26-219,Mangesh Yadav,Indian,65.0,26.0,0.0,65.0,0,0,25.81653059704793,0,0,0
IPL26-220,Vicky Kanhaiya Ostwal,Indian,74.0,26.0,0.0,74.0,0,0,70.20145943279856,1,0,0
IPL26-221,Kanishk Chouhan,Indian,50.0,26.0,0.0,50.0,0,0,11.843248244948516,1,2,0
IPL26-222,Vihaan Malhotra,Indian,50.0,19.0,0.0,50.0,0,1,37.089353809287104,3,2,0
IPL26-223,Satvik Deswal,Indian,77.0,26.0,0.0,77.0,0,0,68.7594263507856,0,0,0
IPL26-224,Yash Raj Punja,Indian,68.0,26.0,128.95,68.0,0,0,94.291179537421,4,1,0
IPL26-225,Pat Cummins,Australian,,33.0,0.0,50.0,1,0,20.36765245916649,5,1,0
IPL26-226,Heinrich Klaasen,South African,80.0,97.0,0.0,80.0,1,0,74.69398562308008,5,1,0
IPL26-227,Travis Head,Australian,75.0,32.0,0.0,75.0,1,0,65.97599830042535,4,2,0
IPL26-228,Abhishek Sharma,Indian,,26.0,1410.48,50.0,0,0,100.0,1,1,0
IPL26-229,Nitish Kumar Reddy,Indian,,23.0,0.0,50.0,0,1,33.17894674037161,0,0,0
IPL26-230,Ishan Kishan,Indian,78.0,27.0,1062.44,78.0,0,0,100.0,1,0,0
IPL26-231,Harshal Patel,Indian,88.0,35.0,0.0,88.0,0,0,90.8587980676414,2,1,1
IPL26-232,Jaydev Unadkat,Indian,81.0,33.0,0.0,81.0,0,0,61.263674750124196,1,1,0
IPL26-233,Zeeshan Ansari,Indian,59.0,26.0,99.75,59.0,0,0,98.64043999463281,1,2,0
IPL26-234,Brydon Carse,English,72.0,30.0,0.0,72.0,1,0,40.83057133895852,4,2,0
IPL26-235,Kamindu Mendis,Sri Lankan,65.0,27.0,0.0,65.0,1,0,25.241396415968108,4,2,0
IPL26-236,Harsh Dubey,Indian,70.0,23.0,174.77,70.0,0,1,97.86786487443416,4,2,0
IPL26-237,Aniket Verma,Indian,66.0,24.0,403.65,66.0,0,0,100.0,5,2,0
IPL26-238,Eshan Malinga,Sri Lankan,74.0,25.0,0.0,74.0,1,0,48.54323645955196,2,2,0
IPL26-239,Smaran Ravichandaran,Indian,73.0,26.0,0.0,73.0,0,0,47.870671721745666,4,1,0
IPL26-240,Liam Livingstone,English,,32.0,0.0,50.0,1,0,32.363821764598086,0,0,0
IPL26-241,Salil Arora,Indian,68.0,23.0,31.36,68.0,0,1,100.0,5,2,0
IPL26-242,Jack Edwards,Australian,,97.0,0.0,50.0,1,0,29.85366057145373,3,0,0
IPL26-243,Shivam Mavi,Indian,64.0,27.0,0.0,64.0,0,0,62.11967445541099,0,0,0
IPL26-244,Amit Kumar,Indian,56.0,26.0,0.0,56.0,0,0,36.14959550453733,0,0,0
IPL26-245,Onkar Tarmale,Indian,,26.0,0.0,50.0,0,0,53.318625965318965,4,1,0
IPL26-246,Sakib Hussain,Indian,71.0,21.0,221.1,71.0,0,1,100.0,3,2,0
IPL26-247,Praful Hinge,Indian,70.0,26.0,0.0,70.0,0,0,42.949044734397624,3,2,0
IPL26-248,Shivang Kumar,Indian,63.0,26.0,185.9,63.0,0,0,100.0,5,2,0
IPL26-249,Krains Fuletra,Indian,55.0,26.0,0.0,55.0,0,0,71.94068857727278,3,0,0
IPL26-250,Jake Fraser-McGurk,Australian,71.0,23.0,0.0,71.0,1,1,57.87449519598069,2,2,0
IPL26-251,Devon Conway,New Zealander,76.0,26.0,0.0,76.0,1,0,45.936091483922134,4,0,0
IPL26-252,Gus Atkinson,English,80.0,28.0,0.0,80.0,1,0,45.40358230729284,3,1,0
IPL26-253,Jamie Smith,English,71.0,37.0,0.0,71.0,1,0,57.862261474452545,5,2,0
IPL26-254,Deepak Hooda,Indian,,31.0,0.0,50.0,0,0,20.354399973797182,2,0,0
IPL26-255,Wiaan Mulder,South African,50.0,28.0,0.0,50.0,1,0,35.664215964633236,1,0,0
IPL26-256,Rahmanullah Gurbaz,Afghan,67.0,24.0,183.09,67.0,1,0,100.0,1,2,0
IPL26-257,Jonny Bairstow,English,75.0,36.0,0.0,75.0,1,0,65.75926718602875,2,1,0
IPL26-258,K.S. Bharat,Indian,67.0,26.0,0.0,67.0,0,0,40.35933878754312,5,1,0
IPL26-259,Gerald Coetzee,South African,67.0,25.0,0.0,67.0,1,0,30.098967991713085,2,1,0
IPL26-260,Spencer Johnson,Australian,57.0,38.0,0.0,57.0,1,0,14.948217500600629,4,0,0
IPL26-261,Fazalhaq Farooqi,Afghan,63.0,25.0,34.22,63.0,1,0,100.0,4,0,0
IPL26-262,Maheesh Theekshana,Sri Lankan,71.0,25.0,0.0,71.0,1,0,36.18248967518948,1,0,0
IPL26-263,Mujeeb Ur Rahman,Afghan,67.0,25.0,8.29,67.0,1,0,92.25781506719993,3,0,0
IPL26-264,Aarya Desai,Indian,55.0,23.0,0.0,55.0,0,1,44.85414286370099,5,1,0
IPL26-265,Yash Dhull,Indian,55.0,23.0,0.0,55.0,0,1,46.416639310597844,1,2,0
IPL26-266,Abhinav Manohar,Indian,62.0,31.0,0.0,62.0,0,0,24.55991103299846,3,0,0
IPL26-267,Anmolpreet Singh,Indian,63.0,28.0,4.93,63.0,0,0,76.75736724937951,3,0,0
IPL26-268,Atharva Taide,Indian,68.0,26.0,59.39,68.0,0,0,100.0,4,1,0
IPL26-269,Mahipal Lomror,Indian,65.0,26.0,0.0,65.0,0,0,41.52807698450491,0,0,0
IPL26-270,Vijay Shankar,Indian,,35.0,0.0,50.0,0,0,45.49914516147557,0,0,0
IPL26-271,Tanush Kotian,Indian,61.0,27.0,18.32,61.0,0,0,91.88544376274413,2,1,0
IPL26-272,Kamlesh Nagarkoti,Indian,57.0,26.0,0.0,57.0,0,0,27.72065416548172,4,1,0
IPL26-273,Ruchit Ahir,Indian,74.0,26.0,0.0,74.0,0,0,59.39919627658616,3,2,0
IPL26-274,Sanvir Singh,Indian,60.0,29.0,20.67,60.0,0,0,97.6149881004352,5,0,0
IPL26-275,Vansh Bedi,Indian,50.0,23.0,0.0,50.0,0,1,34.20538236025694,0,0,0
IPL26-276,Raj Limbani,Indian,75.0,26.0,0.0,75.0,0,0,36.26757953842197,3,1,0
IPL26-277,Simarjeet Singh,Indian,65.0,28.0,87.74,65.0,0,0,96.6226927757211,0,0,0
IPL26-278,Akash Madhwal,Indian,68.0,32.0,143.34,68.0,0,0,100.0,0,0,0
IPL26-279,Karn Sharma,Indian,80.0,38.0,0.0,80.0,0,0,60.33400544978473,0,0,0
IPL26-280,Sean Abbott,Australian,54.0,34.0,0.0,54.0,1,0,41.290492101735666,5,1,0
IPL26-281,Michael Bracewell,New Zealander,,35.0,0.0,50.0,1,0,43.27488490397937,4,1,0
IPL26-282,Daryl Mitchell,New Zealander,67.0,60.0,0.0,67.0,1,0,61.12713323265882,5,2,0
IPL26-283,Dasun Shanaka,Sri Lankan,62.0,34.0,0.0,62.0,1,0,23.498602476294554,1,2,0
IPL26-284,Chetan Sakariya,Indian,70.0,27.0,0.0,70.0,0,0,32.960792539542126,3,0,0
IPL26-285,Waqar Salamkheil,Afghan,72.0,29.0,0.0,72.0,1,0,58.763909442768075,4,1,0
IPL26-286,Taskin Ahmed,Bangladeshi,80.0,31.0,0.0,80.0,1,0,65.19106300417523,4,0,0
IPL26-287,Alzarri Joseph,West Indian,68.0,29.0,0.0,68.0,0,0,62.94569862246345,4,0,0
IPL26-288,Riley Meredith,Australian,69.0,29.0,0.0,69.0,1,0,100.0,4,0,0
IPL26-289,Jhye Richardson,Australian,58.0,29.0,0.0,58.0,1,0,47.663705825231105,5,0,0
IPL26-290,Daniel Lawrence,English,79.0,26.0,0.0,79.0,1,0,79.4505771258261,4,1,0
IPL26-291,Murugan Ashwin,Indian,72.0,35.0,0.0,72.0,0,0,63.3393535685236,2,0,0
IPL26-292,William Sutherland,Australian,,163.0,0.0,50.0,1,0,44.06715489458617,3,1,0
IPL26-293,Kartikeya Singh,Indian,79.0,26.0,0.0,79.0,0,0,56.00185005955853,4,1,0
IPL26-294,Shivam Shukla,Indian,63.0,26.0,0.0,63.0,0,0,46.58008379362869,3,2,0
IPL26-295,Wahidullah Zadran,Afghan,62.0,26.0,0.0,62.0,1,0,23.2674676164326,2,1,0
IPL26-296,KC Cariappa,Indian,59.0,32.0,0.0,59.0,0,0,32.58623563497954,2,2,0
IPL26-297,Sediqullah Atal,Afghan,64.0,24.0,14.99,64.0,1,0,93.39496752067414,3,1,0
IPL26-298,Nathan Smith,New Zealander,53.0,263.0,0.0,53.0,1,0,24.52815447906553,0,0,0
IPL26-299,Manan Vohra,Indian,68.0,32.0,0.0,68.0,0,0,44.159422133715516,1,1,0
IPL26-300,Jacob Duffy,New Zealander,67.0,25.0,0.0,67.0,1,0,81.23126323474803,0,0,0
IPL26-001,MS Dhoni,Indian,76.0,44.0,492.22,76.0,0,0,100.0,4,0,0
IPL26-002,Ruturaj Gaikwad,Indian,79.0,29.0,0.0,79.0,0,0,66.20382777738756,5,1,0
IPL26-003,Sanju Samson,Indian,85.0,31.0,0.0,85.0,0,0,61.41121320792259,1,2,1
IPL26-004,Shivam Dube,Indian,,32.0,0.0,50.0,0,0,41.656541310437106,1,2,0
IPL26-005,Ayush Mhatre,Indian,73.0,18.0,0.0,73.0,0,1,72.36334888150736,5,0,0
IPL26-006,Dewald Brevis,South African,68.0,23.0,0.0,68.0,1,1,48.70477092612996,0,0,0
IPL26-007,Urvil Patel,Indian,69.0,27.0,268.05,69.0,0,0,100.0,3,1,0
IPL26-008,Noor Ahmad,Afghan,76.0,21.0,701.28,76.0,1,1,100.0,1,1,1
IPL26-009,Nathan Ellis,Australian,71.0,26.0,0.0,71.0,1,0,48.259524803930226,5,2,0
IPL26-010,Shreyas Gopal,Indian,76.0,32.0,0.0,76.0,0,0,89.89692178542514,5,2,0
IPL26-011,Khaleel Ahmed,Indian,80.0,119.0,0.0,80.0,0,0,76.22308198863297,2,0,0
IPL26-012,Ramakrishna Ghosh,Indian,55.0,28.0,0.0,55.0,0,0,38.95551736678239,3,2,0
IPL26-013,Mukesh Choudhary,Indian,68.0,30.0,140.19,68.0,0,0,100.0,4,1,0
IPL26-014,Jamie Overton,English,,32.0,0.0,50.0,1,0,30.77994344043603,0,0,0
IPL26-015,Gurjapneet Singh,Indian,58.0,27.0,99.53,58.0,0,0,98.68913148568079,4,0,0
IPL26-016,Anshul Kamboj,Indian,,31.0,0.0,50.0,0,0,14.547710235072735,3,1,0
IPL26-017,Prashant Veer,Indian,73.0,20.0,0.0,73.0,0,1,48.65556886978074,3,1,0
IPL26-018,Kartik Sharma,Indian,70.0,26.0,292.84,70.0,0,0,100.0,3,1,0
IPL26-019,Rahul Chahar,Indian,78.0,26.0,0.0,78.0,0,0,57.19985409369412,4,1,0
IPL26-020,Akeal Hosein,West Indian,71.0,33.0,0.0,71.0,0,0,19.022614431898766,3,0,0
IPL26-021,Matt Henry,New Zealander,54.0,47.0,0.0,54.0,1,0,8.869986993480584,5,0,0
IPL26-022,Matthew Short,Australian,64.0,338.0,0.0,64.0,1,0,29.575166745064323,4,2,0
IPL26-023,Sarfaraz Khan,Indian,67.0,326.0,0.0,67.0,0,0,25.44173434877098,3,1,0
IPL26-024,Zak Foulkes,English,81.0,24.0,0.0,81.0,1,0,71.90687022913471,5,2,0
IPL26-025,Aman Khan,Indian,64.0,77.0,0.0,64.0,0,0,30.953191958001682,2,0,0
IPL26-026,KL Rahul,Indian,87.0,34.0,1380.75,87.0,0,0,97.20945321147022,3,0,0
IPL26-027,Axar Patel,Indian,,32.0,0.0,50.0,0,0,0.35485003718453,4,0,0
IPL26-028,Kuldeep Yadav,Indian,77.0,26.0,718.52,77.0,0,0,100.0,1,0,0
IPL26-029,T. Natarajan,Indian,75.0,26.0,0.0,75.0,0,0,73.56214047273846,3,0,0
IPL26-030,Mitchell Starc,Australian,80.0,36.0,0.0,80.0,1,0,65.91677772205466,1,0,0
IPL26-031,Tristan Stubbs,South African,77.0,25.0,0.0,77.0,1,0,62.30947355878608,5,0,0
IPL26-032,Mukesh Kumar,Indian,67.0,26.0,521.18,67.0,0,0,95.95929072796366,2,1,0
IPL26-033,Nitish Rana,Indian,76.0,32.0,0.0,76.0,0,0,31.051418721140788,0,0,0
IPL26-034,Abishek Porel,Indian,69.0,23.0,743.92,69.0,0,1,100.0,2,0,0
IPL26-035,Ashutosh Sharma,Indian,72.0,65.0,869.41,72.0,0,0,99.57870276582747,3,1,0
IPL26-036,Sameer Rizvi,Indian,71.0,22.0,503.63,71.0,0,1,97.43344385838316,1,1,0
IPL26-037,Karun Nair,Indian,70.0,34.0,0.0,70.0,0,0,41.97286757450511,1,2,0
IPL26-038,Dushmantha Chameera,Sri Lankan,61.0,34.0,0.0,61.0,1,0,40.07427559537904,4,0,0
IPL26-039,Vipraj Nigam,Indian,,21.0,0.0,50.0,0,1,13.940338724206281,1,2,0
IPL26-040,Ajay Mandal,Indian,,26.0,0.0,50.0,0,0,35.25635216759376,4,0,0
IPL26-041,Madhav Tiwari,Indian,70.0,22.0,0.0,70.0,0,1,45.36795955377547,5,1,0
IPL26-042,Tripurana Vijay,Indian,50.0,24.0,0.0,50.0,0,0,23.681723236905214,0,0,0
IPL26-043,Auqib Nabi Dar,Indian,,26.0,0.0,50.0,0,0,16.550318983110813,3,1,0
IPL26-044,Pathum Nissanka,Sri Lankan,69.0,28.0,0.0,69.0,1,0,75.03924928451613,4,1,0
IPL26-045,David Miller,South African,80.0,116.0,0.0,80.0,1,0,58.02212213781076,0,0,0
IPL26-046,Ben Duckett,English,84.0,31.0,0.0,84.0,1,0,47.746666989691526,1,0,0
IPL26-047,Lungi Ngidi,South African,77.0,30.0,0.0,77.0,1,0,72.51087512183395,1,0,0
IPL26-048,Kyle Jamieson,New Zealander,,26.0,0.0,50.0,1,0,14.58689008779427,0,0,0
IPL26-049,Prithvi Shaw,Indian,72.0,26.0,0.0,72.0,0,0,61.13124730436417,1,0,0
IPL26-050,Sahil Parakh,Indian,61.0,26.0,0.0,61.0,0,0,7.547499753135744,5,1,0
IPL26-051,Shubman Gill,Indian,84.0,26.0,1502.36,84.0,0,0,100.0,5,0,0
IPL26-052,Rashid Khan,Afghan,,26.0,1036.91,50.0,1,0,100.0,0,0,0
IPL26-053,Jos Buttler,English,86.0,35.0,0.0,86.0,1,0,42.70610723496422,4,2,0
IPL26-054,Kagiso Rabada,South African,89.0,31.0,0.0,89.0,1,0,70.91476327312496,4,0,0
IPL26-055,Mohammed Siraj,Indian,79.0,32.0,835.35,79.0,0,0,91.25011062890601,0,0,0
IPL26-056,Sai Sudharsan,Indian,83.0,24.0,1572.25,83.0,0,0,100.0,4,0,0
IPL26-057,Prasidh Krishna,Indian,77.0,30.0,571.61,77.0,0,0,98.92250898840065,4,1,0
IPL26-058,Washington Sundar,Indian,,26.0,670.48,50.0,0,0,100.0,5,2,0
IPL26-059,Rahul Tewatia,Indian,,33.0,0.0,50.0,0,0,42.10724628932872,4,0,0
IPL26-060,Shahrukh Khan,Indian,66.0,60.0,378.48,66.0,0,0,99.07417385512564,2,1,0
IPL26-061,R. Sai Kishore,Indian,75.0,26.0,0.0,75.0,0,0,49.606510221087134,3,2,0
IPL26-062,Glenn Phillips,New Zealander,61.0,52.0,0.0,61.0,1,0,32.19051271059419,1,2,0
IPL26-063,Jayant Yadav,Indian,61.0,36.0,0.0,61.0,0,0,23.51771364445196,2,0,0
IPL26-064,Anuj Rawat,Indian,66.0,26.0,109.12,66.0,0,0,97.18693258585672,4,0,0
IPL26-065,Kumar Kushagra,Indian,56.0,21.0,18.97,56.0,0,1,100.0,5,0,0
IPL26-066,Gurnoor Singh Brar,Indian,65.0,26.0,0.0,65.0,0,0,16.38243319689859,0,0,0
IPL26-067,Nishant Sindhu,Indian,61.0,22.0,0.0,61.0,0,1,17.04517745697984,4,0,0
IPL26-068,Manav Suthar,Indian,58.0,23.0,0.0,58.0,0,1,35.90376303353084,5,2,0
IPL26-069,Ishant Sharma,Indian,78.0,37.0,0.0,78.0,0,0,85.67542273976724,3,2,0
IPL26-070,Arshad Khan,Indian,64.0,26.0,357.1,64.0,0,0,100.0,4,0,0
IPL26-071,Jason Holder,West Indian,,41.0,0.0,50.0,0,0,36.597936317126724,0,0,0
IPL26-072,Tom Banton,English,58.0,27.0,0.0,58.0,1,0,10.004987301340234,5,2,0
IPL26-073,Ashok Sharma,Indian,64.0,26.0,94.13,64.0,0,0,91.0287138474497,5,1,0
IPL26-074,Luke Wood,English,50.0,26.0,0.0,50.0,1,0,27.60769995220454,5,0,0
IPL26-075,Prithvi Raj,Indian,73.0,26.0,0.0,73.0,0,0,45.639999146762655,3,0,0
IPL26-076,Sunil Narine,West Indian,,37.0,0.0,50.0,0,0,17.3038932952619,4,2,0
IPL26-077,Varun Chakravarthy,Indian,85.0,34.0,0.0,85.0,0,0,73.59927969376331,3,0,0
IPL26-078,Rinku Singh,Indian,74.0,37.0,0.0,74.0,0,0,73.61161695708006,1,1,0
IPL26-079,Harshit Rana,Indian,73.0,24.0,541.9,73.0,0,0,97.09081084041489,1,2,0
IPL26-080,Angkrish Raghuvanshi,Indian,73.0,22.0,0.0,73.0,0,1,71.21778556876605,4,0,0
IPL26-081,Ramandeep Singh,Indian,,26.0,355.97,50.0,0,0,97.12355145048615,3,2,0
IPL26-082,Ajinkya Rahane,Indian,84.0,38.0,0.0,84.0,0,0,56.602935115989204,0,0,0
IPL26-083,Rovman Powell,West Indian,67.0,32.0,0.0,67.0,0,0,42.7936521975989,5,0,0
IPL26-084,Vaibhav Arora,Indian,73.0,28.0,0.0,73.0,0,0,55.789799766445896,5,0,0
IPL26-085,Manish Pandey,Indian,79.0,26.0,0.0,79.0,0,0,73.97964720957984,4,1,0
IPL26-086,Anukul Roy,Indian,69.0,27.0,0.0,69.0,0,0,40.34469222153282,1,1,0
IPL26-087,Umran Malik,Indian,65.0,26.0,0.0,65.0,0,0,42.780786538442605,1,2,0
IPL26-088,Cameron Green,Australian,,26.0,0.0,50.0,1,0,17.195506382496937,5,0,0
IPL26-089,Matheesha Pathirana,Sri Lankan,77.0,24.0,0.0,77.0,1,0,38.62082264671169,4,0,0
IPL26-090,Mustafizur Rahman,Bangladeshi,77.0,30.0,258.07,77.0,1,0,98.1521557357311,3,1,0
IPL26-091,Tejasvi Singh,Indian,78.0,26.0,0.0,78.0,0,0,64.57030631135883,1,0,0
IPL26-092,Finn Allen,New Zealander,74.0,27.0,0.0,74.0,1,0,77.23949052502091,3,1,0
IPL26-093,Rachin Ravindra,New Zealander,67.0,26.0,0.0,67.0,1,0,47.661209308308614,1,0,0
IPL26-094,Tim Seifert,New Zealander,58.0,24.0,0.0,58.0,1,0,47.14327921374276,1,2,0
IPL26-095,Akash Deep,Indian,58.0,26.0,74.49,58.0,0,0,100.0,2,0,0
IPL26-096,Rahul Tripathi,Indian,73.0,26.0,0.0,73.0,0,0,52.433620212702834,1,0,0
IPL26-097,Prashant Solanki,Indian,75.0,26.0,0.0,75.0,0,0,50.4693126370926,0,0,0
IPL26-098,Kartik Tyagi,Indian,71.0,25.0,267.17,71.0,0,0,100.0,4,0,0
IPL26-099,Sarthak Ranjan,Indian,59.0,29.0,0.0,59.0,0,0,46.51926169561656,4,0,0
IPL26-100,Daksh Kamra,Indian,50.0,26.0,0.0,50.0,0,0,51.185572701154356,3,1,0
IPL26-101,Rishabh Pant,Indian,82.0,28.0,0.0,82.0,0,0,64.34150832668298,1,2,0
IPL26-102,Nicholas Pooran,West Indian,77.0,30.0,0.0,77.0,0,0,85.851514813416,0,0,0
IPL26-103,Mayank Yadav,Indian,63.0,26.0,0.0,63.0,0,0,6.665583044194702,3,1,0
IPL26-104,Mohammed Shami,Indian,77.0,36.0,366.12,77.0,0,0,96.64874989136881,2,1,0
IPL26-105,Mohsin Khan,Indian,75.0,38.0,341.0,75.0,0,0,100.0,3,1,0
IPL26-106,Ayush Badoni,Indian,70.0,26.0,0.0,70.0,0,0,67.98871249710353,3,1,0
IPL26-107,Avesh Khan,Indian,73.0,29.0,614.92,73.0,0,0,100.0,1,1,0
IPL26-108,Abdul Samad,Indian,66.0,54.0,652.13,66.0,0,0,98.97393512750402,2,2,0
IPL26-109,Mitchell Marsh,Australian,,34.0,0.0,50.0,1,0,35.59512155422972,3,2,0
IPL26-110,Aiden Markram,South African,,31.0,0.0,50.0,1,0,31.187292343433583,0,0,0
IPL26-111,Shahbaz Ahmed,Indian,,57.0,458.64,50.0,0,0,95.93797500505119,0,0,0
IPL26-112,Matthew Breetzke,South African,61.0,27.0,0.0,61.0,1,0,51.28680323833994,4,1,0
IPL26-113,Digvesh Rathi,Indian,65.0,26.0,0.0,65.0,0,0,9.860542860569378,2,0,0
IPL26-114,Himmat Singh,Indian,66.0,29.0,101.92,66.0,0,0,100.0,2,1,0
IPL26-115,Arshin Kulkarni,Indian,56.0,26.0,0.0,56.0,0,0,34.231520580172656,4,1,0
IPL26-116,Manimaran Siddharth,Indian,68.0,27.0,0.0,68.0,0,0,53.634566372666995,3,2,0
IPL26-117,Akash Singh,Indian,67.0,39.0,96.39,67.0,0,0,100.0,2,0,0
IPL26-118,Arjun Tendulkar,Indian,64.0,26.0,32.51,64.0,0,0,98.493723823366,0,0,0
IPL26-119,Prince Yadav,Indian,52.0,24.0,347.54,52.0,0,0,98.41327203635696,0,0,0
IPL26-120,Josh Inglis,Australian,74.0,31.0,0.0,74.0,1,0,82.82580470811172,1,2,0
IPL26-121,Akshat Raghuwanshi,Indian,59.0,22.0,22.82,59.0,0,1,100.0,2,2,0
IPL26-122,Mukul Choudhary,Indian,71.0,21.0,0.0,71.0,0,1,49.636441330688065,3,2,0
IPL26-123,Wanindu Hasaranga,Sri Lankan,76.0,28.0,0.0,76.0,1,0,44.45694286830775,4,0,0
IPL26-124,Anrich Nortje,South African,76.0,32.0,0.0,76.0,1,0,50.05835743129276,4,0,0
IPL26-125,Naman Tiwari,Indian,76.0,26.0,0.0,76.0,0,0,79.23570983050399,3,1,0
IPL26-126,Rohit Sharma,Indian,54.0,39.0,0.0,54.0,0,0,34.751496246991785,5,1,0
IPL26-127,Jasprit Bumrah,Indian,95.0,32.0,0.0,95.0,0,0,66.5392117230361,1,2,1
IPL26-128,Suryakumar Yadav,Indian,84.0,35.0,0.0,84.0,0,0,75.69028185382756,4,2,0
IPL26-129,Hardik Pandya,Indian,,32.0,0.0,50.0,0,0,30.476859139781414,2,2,0
IPL26-130,Tilak Varma,Indian,76.0,23.0,1185.21,76.0,0,1,97.14927060358482,1,1,1
IPL26-131,Trent Boult,New Zealander,87.0,36.0,0.0,87.0,1,0,84.62209742192596,2,1,1
IPL26-132,Deepak Chahar,Indian,80.0,26.0,0.0,80.0,0,0,56.148231924297185,0,0,0
IPL26-133,Naman Dhir,Indian,71.0,26.0,863.67,71.0,0,0,99.29582818597072,1,1,0
IPL26-134,Will Jacks,English,,27.0,0.0,50.0,1,0,24.242119696979728,4,1,0
IPL26-135,Robin Minz,Indian,55.0,23.0,0.0,55.0,0,1,25.879937574600483,1,1,0
IPL26-136,Ryan Rickelton,South African,73.0,29.0,0.0,73.0,1,0,29.56739156098955,1,1,0
IPL26-137,Shardul Thakur,Indian,,34.0,0.0,50.0,0,0,39.85983455511957,1,2,0
IPL26-138,Sherfane Rutherford,West Indian,67.0,27.0,0.0,67.0,0,0,51.32114343616662,5,2,0
IPL26-139,Mayank Markande,Indian,72.0,28.0,0.0,72.0,0,0,48.05174854498547,1,2,0
IPL26-140,Allah Ghazanfar,Afghan,70.0,26.0,0.0,70.0,1,0,47.79300490099111,2,2,0
IPL26-141,Corbin Bosch,South African,,31.0,0.0,50.0,1,0,14.02540892417399,0,0,0
IPL26-142,Mitchell Santner,New Zealander,,34.0,0.0,50.0,1,0,20.88089184078247,3,0,0
IPL26-143,Ashwani Kumar,Indian,73.0,97.0,180.0,73.0,0,0,93.35697390202219,1,1,0
IPL26-144,Raj Angad Bawa,Indian,62.0,23.0,0.0,62.0,0,1,47.81340805146222,4,0,0
IPL26-145,Raghu Sharma,Indian,59.0,67.0,37.39,59.0,0,0,93.10735324978377,1,2,0
IPL26-146,Quinton de Kock,South African,79.0,33.0,0.0,79.0,1,0,45.17072814239679,4,1,0
IPL26-147,Atharva Ankolekar,Indian,,25.0,0.0,50.0,0,0,28.74135688430321,2,2,0
IPL26-148,Mohammad Izhar,Indian,76.0,68.0,0.0,76.0,0,0,60.69862434599662,4,1,0
IPL26-149,Danish Malewar,Indian,52.0,26.0,0.0,52.0,0,0,59.91823429488286,3,2,0
IPL26-150,Mayank Rawat,Indian,56.0,26.0,0.0,56.0,0,0,41.50285803185056,0,0,0
IPL26-151,Shreyas Iyer,Indian,83.0,31.0,0.0,83.0,0,0,54.9046475722775,4,0,0
IPL26-152,Arshdeep Singh,Indian,78.0,21.0,828.89,78.0,0,1,93.66552764238074,4,0,1
IPL26-153,Yuzvendra Chahal,Indian,100.0,35.0,0.0,100.0,0,0,79.10460819385914,0,0,1
IPL26-154,Marco Jansen,South African,,26.0,0.0,50.0,1,0,0.0,3,0,0
IPL26-155,Prabhsimran Singh,Indian,74.0,25.0,0.0,74.0,0,0,54.24934815963973,1,1,0
IPL26-156,Harpreet Brar,Indian,,30.0,492.23,50.0,0,0,100.0,4,0,0
IPL26-157,Shashank Singh,Indian,73.0,26.0,1092.28,73.0,0,0,89.42040002264504,0,0,0
IPL26-158,Azmatullah Omarzai,Afghan,,26.0,458.76,50.0,1,0,100.0,2,1,0
IPL26-159,Nehal Wadhera,Indian,68.0,25.0,0.0,68.0,0,0,46.41211373361365,0,0,0
IPL26-160,Xavier Bartlett,Australian,55.0,27.0,0.0,55.0,1,0,67.62106576339926,2,0,0
IPL26-161,Lockie Ferguson,New Zealander,74.0,35.0,0.0,74.0,1,0,52.15636200807956,3,1,0
IPL26-162,Marcus Stoinis,Australian,,36.0,0.0,50.0,1,0,35.0590112739154,1,0,0
IPL26-163,Mitch Owen,Australian,,22.0,0.0,50.0,1,1,35.46277754269454,0,0,0
IPL26-164,Musheer Khan,Indian,61.0,26.0,9.79,61.0,0,0,100.0,5,2,0
IPL26-165,Priyansh Arya,Indian,74.0,25.0,912.18,74.0,0,0,100.0,4,2,0
IPL26-166,Vyshak Vijaykumar,Indian,62.0,26.0,0.0,62.0,0,0,19.77894255856849,3,2,0
IPL26-167,Yash Thakur,Indian,67.0,26.0,223.54,67.0,0,0,100.0,0,0,0
IPL26-168,Pyla Avinash,Indian,63.0,25.0,0.0,63.0,0,0,54.56860368110086,4,2,0
IPL26-169,Harnoor Pannu,Indian,64.0,26.0,0.0,64.0,0,0,55.76737476810301,0,0,0
IPL26-170,Vishnu Vinod,Indian,62.0,32.0,15.19,62.0,0,0,99.42856022199057,2,2,0
IPL26-171,Suryansh Shedge,Indian,67.0,23.0,226.14,67.0,0,1,99.21351287399548,0,0,0
IPL26-172,Cooper Connolly,Australian,75.0,22.0,0.0,75.0,1,1,66.12284144383753,5,2,0
IPL26-173,Ben Dwarshuis,Australian,56.0,31.0,0.0,56.0,1,0,26.041135529001902,0,0,0
IPL26-174,Praveen Dubey,Indian,59.0,32.0,0.0,59.0,0,0,52.005116379028586,0,0,0
IPL26-175,Vishal Nishad,Indian,51.0,26.0,0.0,51.0,0,0,5.473294744194925,5,0,0
IPL26-176,Yashasvi Jaiswal,Indian,78.0,24.0,0.0,78.0,0,0,66.59999727327818,3,2,0
IPL26-177,Ravindra Jadeja,Indian,,37.0,0.0,50.0,0,0,56.963518939793424,0,0,0
IPL26-178,Riyan Parag,Indian,,24.0,0.0,50.0,0,0,15.372525654044896,5,2,0
IPL26-179,Jofra Archer,English,80.0,31.0,0.0,80.0,1,0,51.25127144975305,4,0,0
IPL26-180,Dhruv Jurel,Indian,73.0,25.0,1059.22,73.0,0,0,92.98121677473708,2,1,0
IPL26-181,Shimron Hetmyer,West Indian,72.0,29.0,0.0,72.0,0,0,46.228944745043236,2,0,0
IPL26-182,Sam Curran,English,,114.0,0.0,50.0,1,0,9.328924010510683,0,0,0
IPL26-183,Sandeep Sharma,Indian,77.0,26.0,459.67,77.0,0,0,93.89664975159043,3,2,0
IPL26-184,Vaibhav Suryavanshi,Indian,80.0,15.0,0.0,80.0,0,1,36.81166482506101,3,2,1
IPL26-185,Tushar Deshpande,Indian,72.0,26.0,0.0,72.0,0,0,53.8093837367948,4,0,0
IPL26-186,Shubham Dubey,Indian,72.0,32.0,0.0,72.0,0,0,37.07494209225069,0,0,0
IPL26-187,Yudhvir Charak,Indian,66.0,26.0,0.0,66.0,0,0,49.214292396190814,2,1,0
IPL26-188,Kwena Maphaka,South African,52.0,20.0,0.0,52.0,1,1,18.117119066385506,3,1,0
IPL26-189,Lhuan-Dre Pretorius,South African,57.0,20.0,0.0,57.0,1,1,62.23523912147036,0,0,0
IPL26-190,Nandre Burger,South African,70.0,30.0,0.0,70.0,1,0,31.91102286745068,3,1,0
IPL26-191,Donovan Ferreira,South African,69.0,27.0,0.0,69.0,1,0,44.78572262886757,5,0,0
IPL26-192,Ravi Bishnoi,Indian,74.0,25.0,466.26,74.0,0,0,100.0,3,1,0
IPL26-193,Adam Milne,New Zealander,59.0,34.0,0.0,59.0,1,0,48.74889761143064,2,0,0
IPL26-194,Ravi Singh,Indian,59.0,26.0,4.35,59.0,0,0,77.06117165174801,1,0,0
IPL26-195,Sushant Mishra,Indian,75.0,25.0,0.0,75.0,0,0,34.19986353436582,4,0,0
IPL26-196,Kuldeep Sen,Indian,70.0,29.0,0.0,70.0,0,0,49.11159474344657,4,1,0
IPL26-197,Brijesh Sharma,Indian,67.0,26.0,210.22,67.0,0,0,100.0,2,1,0
IPL26-198,Aman Rao Perala,Indian,71.0,26.0,0.0,71.0,0,0,80.77361016156871,3,1,0
IPL26-199,Vignesh Puthur,Indian,73.0,25.0,0.0,73.0,0,0,29.314519576020633,0,0,0
IPL26-200,Virat Kohli,Indian,100.0,37.0,0.0,100.0,0,0,85.94404689855317,3,1,1
IPL26-201,Rajat Patidar,Indian,75.0,33.0,0.0,75.0,0,0,56.35465580823713,2,1,0
IPL26-202,Phil Salt,English,75.0,47.0,0.0,75.0,1,0,60.51926197767951,4,0,0
IPL26-203,Josh Hazlewood,Australian,79.0,35.0,0.0,79.0,1,0,41.27706756633244,3,2,0
IPL26-204,Yash Dayal,Indian,68.0,28.0,485.16,68.0,0,0,100.0,4,0,0
IPL26-205,Krunal Pandya,Indian,,35.0,0.0,50.0,0,0,8.403595351830043,0,0,0
IPL26-206,Bhuvneshwar Kumar,Indian,98.0,36.0,0.0,98.0,0,0,88.984406074361,4,0,1
IPL26-207,Tim David,Singaporean,74.0,26.0,0.0,74.0,1,0,55.18437004942619,4,2,0
IPL26-208,Romario Shepherd,West Indian,,31.0,0.0,50.0,0,0,29.246961425929438,1,0,0
IPL26-209,Nuwan Thushara,Sri Lankan,68.0,31.0,0.0,68.0,1,0,58.49993779488546,1,1,0
IPL26-210,Swapnil Singh,Indian,66.0,35.0,131.12,66.0,0,0,100.0,5,2,0
IPL26-211,Jacob Bethell,English,64.0,20.0,0.0,64.0,1,1,30.627913647144247,1,1,0
IPL26-212,Devdutt Padikkal,Indian,73.0,25.0,0.0,73.0,0,0,65.07805790943917,4,2,0
IPL26-213,Suyash Sharma,Indian,64.0,26.0,369.66,64.0,0,0,98.56446653734875,2,2,0
IPL26-214,Rasikh Dar,Indian,71.0,26.0,0.0,71.0,0,0,55.82000142270001,4,0,0
IPL26-215,Jitesh Sharma,Indian,56.0,32.0,0.0,56.0,0,0,24.861466020362343,2,0,0
IPL26-216,Abhinandan Singh,Indian,59.0,26.0,38.42,59.0,0,0,100.0,2,1,0
IPL26-217,Venkatesh Iyer,Indian,,35.0,0.0,50.0,0,0,59.343725136176054,1,0,0
IPL26-218,Jordan Cox,English,80.0,34.0,0.0,80.0,1,0,68.3973046215851,3,0,0
IPL26-219,Mangesh Yadav,Indian,65.0,26.0,0.0,65.0,0,0,22.03263938336084,0,0,0
IPL26-220,Vicky Kanhaiya Ostwal,Indian,74.0,26.0,0.0,74.0,0,0,55.40549254555903,1,0,0
IPL26-221,Kanishk Chouhan,Indian,50.0,26.0,0.0,50.0,0,0,21.09057508785449,1,2,0
IPL26-222,Vihaan Malhotra,Indian,50.0,19.0,0.0,50.0,0,1,39.07903906143807,3,2,0
IPL26-223,Satvik Deswal,Indian,77.0,26.0,0.0,77.0,0,0,74.13376681794368,0,0,0
IPL26-224,Yash Raj Punja,Indian,68.0,26.0,128.95,68.0,0,0,100.0,4,1,0
IPL26-225,Pat Cummins,Australian,,33.0,0.0,50.0,1,0,25.834813241470684,5,1,0
IPL26-226,Heinrich Klaasen,South African,80.0,97.0,0.0,80.0,1,0,75.25743156187737,5,1,0
IPL26-227,Travis Head,Australian,75.0,32.0,0.0,75.0,1,0,59.21772608942699,4,2,0
IPL26-228,Abhishek Sharma,Indian,,26.0,1410.48,50.0,0,0,97.38227809356572,1,1,0
IPL26-229,Nitish Kumar Reddy,Indian,,23.0,0.0,50.0,0,1,42.144118193707655,0,0,0
IPL26-230,Ishan Kishan,Indian,78.0,27.0,1062.44,78.0,0,0,95.45317615179694,1,0,0
IPL26-231,Harshal Patel,Indian,88.0,35.0,0.0,88.0,0,0,96.59627335555426,2,1,1
IPL26-232,Jaydev Unadkat,Indian,81.0,33.0,0.0,81.0,0,0,57.05907981766687,1,1,0
IPL26-233,Zeeshan Ansari,Indian,59.0,26.0,99.75,59.0,0,0,100.0,1,2,0
IPL26-234,Brydon Carse,English,72.0,30.0,0.0,72.0,1,0,40.275951841683046,4,2,0
IPL26-235,Kamindu Mendis,Sri Lankan,65.0,27.0,0.0,65.0,1,0,22.0348427503729,4,2,0
IPL26-236,Harsh Dubey,Indian,70.0,23.0,174.77,70.0,0,1,100.0,4,2,0
IPL26-237,Aniket Verma,Indian,66.0,24.0,403.65,66.0,0,0,100.0,5,2,0
IPL26-238,Eshan Malinga,Sri Lankan,74.0,25.0,0.0,74.0,1,0,52.17458944599635,2,2,0
IPL26-239,Smaran Ravichandaran,Indian,73.0,26.0,0.0,73.0,0,0,46.05687442386601,4,1,0
IPL26-240,Liam Livingstone,English,,32.0,0.0,50.0,1,0,34.0081457159682,0,0,0
IPL26-241,Salil Arora,Indian,68.0,23.0,31.36,68.0,0,1,100.0,5,2,0
IPL26-242,Jack Edwards,Australian,,97.0,0.0,50.0,1,0,36.83231885137258,3,0,0
IPL26-243,Shivam Mavi,Indian,64.0,27.0,0.0,64.0,0,0,57.94243727233812,0,0,0
IPL26-244,Amit Kumar,Indian,56.0,26.0,0.0,56.0,0,0,25.196974785665837,0,0,0
IPL26-245,Onkar Tarmale,Indian,,26.0,0.0,50.0,0,0,43.24081386953818,4,1,0
IPL26-246,Sakib Hussain,Indian,71.0,21.0,221.1,71.0,0,1,100.0,3,2,0
IPL26-247,Praful Hinge,Indian,70.0,26.0,0.0,70.0,0,0,54.50679516577911,3,2,0
IPL26-248,Shivang Kumar,Indian,63.0,26.0,185.9,63.0,0,0,99.46674354281802,5,2,0
IPL26-249,Krains Fuletra,Indian,55.0,26.0,0.0,55.0,0,0,82.7546748708762,3,0,0
IPL26-250,Jake Fraser-McGurk,Australian,71.0,23.0,0.0,71.0,1,1,55.2688713857586,2,2,0
IPL26-251,Devon Conway,New Zealander,76.0,26.0,0.0,76.0,1,0,39.170506386412356,4,0,0
IPL26-252,Gus Atkinson,English,80.0,28.0,0.0,80.0,1,0,38.42521091976757,3,1,0
IPL26-253,Jamie Smith,English,71.0,37.0,0.0,71.0,1,0,53.98748850020455,5,2,0
IPL26-254,Deepak Hooda,Indian,,31.0,0.0,50.0,0,0,30.26153826772533,2,0,0
IPL26-255,Wiaan Mulder,South African,50.0,28.0,0.0,50.0,1,0,36.39824554606416,1,0,0
IPL26-256,Rahmanullah Gurbaz,Afghan,67.0,24.0,183.09,67.0,1,0,100.0,1,2,0
IPL26-257,Jonny Bairstow,English,75.0,36.0,0.0,75.0,1,0,64.39891740034037,2,1,0
IPL26-258,K.S. Bharat,Indian,67.0,26.0,0.0,67.0,0,0,51.330201542622355,5,1,0
IPL26-259,Gerald Coetzee,South African,67.0,25.0,0.0,67.0,1,0,36.74779714297429,2,1,0
IPL26-260,Spencer Johnson,Australian,57.0,38.0,0.0,57.0,1,0,20.348639882008428,4,0,0
IPL26-261,Fazalhaq Farooqi,Afghan,63.0,25.0,34.22,63.0,1,0,95.66000000230727,4,0,0
IPL26-262,Maheesh Theekshana,Sri Lankan,71.0,25.0,0.0,71.0,1,0,51.536943409992475,1,0,0
IPL26-263,Mujeeb Ur Rahman,Afghan,67.0,25.0,8.29,67.0,1,0,92.15469442795717,3,0,0
IPL26-264,Aarya Desai,Indian,55.0,23.0,0.0,55.0,0,1,53.89231246969578,5,1,0
IPL26-265,Yash Dhull,Indian,55.0,23.0,0.0,55.0,0,1,31.013585895072136,1,2,0
IPL26-266,Abhinav Manohar,Indian,62.0,31.0,0.0,62.0,0,0,24.216834352361996,3,0,0
IPL26-267,Anmolpreet Singh,Indian,63.0,28.0,4.93,63.0,0,0,75.37619358390833,3,0,0
IPL26-268,Atharva Taide,Indian,68.0,26.0,59.39,68.0,0,0,96.90381767510279,4,1,0
IPL26-269,Mahipal Lomror,Indian,65.0,26.0,0.0,65.0,0,0,49.163308036504056,0,0,0
IPL26-270,Vijay Shankar,Indian,,35.0,0.0,50.0,0,0,43.477794935940125,0,0,0
IPL26-271,Tanush Kotian,Indian,61.0,27.0,18.32,61.0,0,0,96.5192382051844,2,1,0
IPL26-272,Kamlesh Nagarkoti,Indian,57.0,26.0,0.0,57.0,0,0,28.551410238007698,4,1,0
IPL26-273,Ruchit Ahir,Indian,74.0,26.0,0.0,74.0,0,0,50.66876130845037,3,2,0
IPL26-274,Sanvir Singh,Indian,60.0,29.0,20.67,60.0,0,0,100.0,5,0,0
IPL26-275,Vansh Bedi,Indian,50.0,23.0,0.0,50.0,0,1,34.796132368873536,0,0,0
IPL26-276,Raj Limbani,Indian,75.0,26.0,0.0,75.0,0,0,46.481032193833514,3,1,0
IPL26-277,Simarjeet Singh,Indian,65.0,28.0,87.74,65.0,0,0,100.0,0,0,0
IPL26-278,Akash Madhwal,Indian,68.0,32.0,143.34,68.0,0,0,100.0,0,0,0
IPL26-279,Karn Sharma,Indian,80.0,38.0,0.0,80.0,0,0,69.33147510765383,0,0,0
IPL26-280,Sean Abbott,Australian,54.0,34.0,0.0,54.0,1,0,41.72953057875266,5,1,0
IPL26-281,Michael Bracewell,New Zealander,,35.0,0.0,50.0,1,0,38.156599119837544,4,1,0
IPL26-282,Daryl Mitchell,New Zealander,67.0,60.0,0.0,67.0,1,0,65.04402751285751,5,2,0
IPL26-283,Dasun Shanaka,Sri Lankan,62.0,34.0,0.0,62.0,1,0,17.55744280764486,1,2,0
IPL26-284,Chetan Sakariya,Indian,70.0,27.0,0.0,70.0,0,0,30.424314824376147,3,0,0
IPL26-285,Waqar Salamkheil,Afghan,72.0,29.0,0.0,72.0,1,0,62.906994850322945,4,1,0
IPL26-286,Taskin Ahmed,Bangladeshi,80.0,31.0,0.0,80.0,1,0,66.31124688918466,4,0,0
IPL26-287,Alzarri Joseph,West Indian,68.0,29.0,0.0,68.0,0,0,60.86423732761917,4,0,0
IPL26-288,Riley Meredith,Australian,69.0,29.0,0.0,69.0,1,0,96.05529615620465,4,0,0
IPL26-289,Jhye Richardson,Australian,58.0,29.0,0.0,58.0,1,0,44.20921277782838,5,0,0
IPL26-290,Daniel Lawrence,English,79.0,26.0,0.0,79.0,1,0,81.78496473421595,4,1,0
IPL26-291,Murugan Ashwin,Indian,72.0,35.0,0.0,72.0,0,0,67.70923975738607,2,0,0
IPL26-292,William Sutherland,Australian,,163.0,0.0,50.0,1,0,32.38422856505627,3,1,0
IPL26-293,Kartikeya Singh,Indian,79.0,26.0,0.0,79.0,0,0,55.559765744695376,4,1,0
IPL26-294,Shivam Shukla,Indian,63.0,26.0,0.0,63.0,0,0,61.79073105034303,3,2,0
IPL26-295,Wahidullah Zadran,Afghan,62.0,26.0,0.0,62.0,1,0,28.01473455882909,2,1,0
IPL26-296,KC Cariappa,Indian,59.0,32.0,0.0,59.0,0,0,38.43800938116441,2,2,0
IPL26-297,Sediqullah Atal,Afghan,64.0,24.0,14.99,64.0,1,0,95.75306542422048,3,1,0
IPL26-298,Nathan Smith,New Zealander,53.0,263.0,0.0,53.0,1,0,25.035630407716305,0,0,0
IPL26-299,Manan Vohra,Indian,68.0,32.0,0.0,68.0,0,0,54.67728977304701,1,1,0
IPL26-300,Jacob Duffy,New Zealander,67.0,25.0,0.0,67.0,1,0,82.8160368388775,0,0,0
IPL26-001,MS Dhoni,Indian,76.0,44.0,492.22,76.0,0,0,100.0,4,0,0
IPL26-002,Ruturaj Gaikwad,Indian,79.0,29.0,0.0,79.0,0,0,68.57722431630779,5,1,0
IPL26-003,Sanju Samson,Indian,85.0,31.0,0.0,85.0,0,0,74.01973386843645,1,2,1
IPL26-004,Shivam Dube,Indian,,32.0,0.0,50.0,0,0,31.89076122541404,1,2,0
IPL26-005,Ayush Mhatre,Indian,73.0,18.0,0.0,73.0,0,1,74.75948109581556,5,0,0
IPL26-006,Dewald Brevis,South African,68.0,23.0,0.0,68.0,1,1,39.0650304126897,0,0,0
IPL26-007,Urvil Patel,Indian,69.0,27.0,268.05,69.0,0,0,94.91875412770875,3,1,0
IPL26-008,Noor Ahmad,Afghan,76.0,21.0,701.28,76.0,1,1,94.9640815309698,1,1,1
IPL26-009,Nathan Ellis,Australian,71.0,26.0,0.0,71.0,1,0,48.326574756018395,5,2,0
IPL26-010,Shreyas Gopal,Indian,76.0,32.0,0.0,76.0,0,0,80.81969690672021,5,2,0
IPL26-011,Khaleel Ahmed,Indian,80.0,119.0,0.0,80.0,0,0,73.6488005622692,2,0,0
IPL26-012,Ramakrishna Ghosh,Indian,55.0,28.0,0.0,55.0,0,0,22.34258141025296,3,2,0
IPL26-013,Mukesh Choudhary,Indian,68.0,30.0,140.19,68.0,0,0,98.37887590500854,4,1,0
IPL26-014,Jamie Overton,English,,32.0,0.0,50.0,1,0,33.31692745500763,0,0,0
IPL26-015,Gurjapneet Singh,Indian,58.0,27.0,99.53,58.0,0,0,100.0,4,0,0
IPL26-016,Anshul Kamboj,Indian,,31.0,0.0,50.0,0,0,18.6973968569082,3,1,0
IPL26-017,Prashant Veer,Indian,73.0,20.0,0.0,73.0,0,1,44.94549293646674,3,1,0
IPL26-018,Kartik Sharma,Indian,70.0,26.0,292.84,70.0,0,0,100.0,3,1,0
IPL26-019,Rahul Chahar,Indian,78.0,26.0,0.0,78.0,0,0,58.55129070100269,4,1,0
IPL26-020,Akeal Hosein,West Indian,71.0,33.0,0.0,71.0,0,0,25.770188555036302,3,0,0
IPL26-021,Matt Henry,New Zealander,54.0,47.0,0.0,54.0,1,0,16.10663118997025,5,0,0
IPL26-022,Matthew Short,Australian,64.0,338.0,0.0,64.0,1,0,36.51424570501304,4,2,0
IPL26-023,Sarfaraz Khan,Indian,67.0,326.0,0.0,67.0,0,0,36.315587767825676,3,1,0
IPL26-024,Zak Foulkes,English,81.0,24.0,0.0,81.0,1,0,55.3466055442472,5,2,0
IPL26-025,Aman Khan,Indian,64.0,77.0,0.0,64.0,0,0,28.234379232942587,2,0,0
IPL26-026,KL Rahul,Indian,87.0,34.0,1380.75,87.0,0,0,100.0,3,0,0
IPL26-027,Axar Patel,Indian,,32.0,0.0,50.0,0,0,3.5506190879690918,4,0,0
IPL26-028,Kuldeep Yadav,Indian,77.0,26.0,718.52,77.0,0,0,100.0,1,0,0
IPL26-029,T. Natarajan,Indian,75.0,26.0,0.0,75.0,0,0,82.28443431411907,3,0,0
IPL26-030,Mitchell Starc,Australian,80.0,36.0,0.0,80.0,1,0,47.215552352651855,1,0,0
IPL26-031,Tristan Stubbs,South African,77.0,25.0,0.0,77.0,1,0,52.06755874129962,5,0,0
IPL26-032,Mukesh Kumar,Indian,67.0,26.0,521.18,67.0,0,0,100.0,2,1,0
IPL26-033,Nitish Rana,Indian,76.0,32.0,0.0,76.0,0,0,36.93087585399839,0,0,0
IPL26-034,Abishek Porel,Indian,69.0,23.0,743.92,69.0,0,1,100.0,2,0,0
IPL26-035,Ashutosh Sharma,Indian,72.0,65.0,869.41,72.0,0,0,100.0,3,1,0
IPL26-036,Sameer Rizvi,Indian,71.0,22.0,503.63,71.0,0,1,100.0,1,1,0
IPL26-037,Karun Nair,Indian,70.0,34.0,0.0,70.0,0,0,46.35166267482566,1,2,0
IPL26-038,Dushmantha Chameera,Sri Lankan,61.0,34.0,0.0,61.0,1,0,40.591548336796365,4,0,0
IPL26-039,Vipraj Nigam,Indian,,21.0,0.0,50.0,0,1,9.692165908633353,1,2,0
IPL26-040,Ajay Mandal,Indian,,26.0,0.0,50.0,0,0,34.792937120510736,4,0,0
IPL26-041,Madhav Tiwari,Indian,70.0,22.0,0.0,70.0,0,1,41.98785936260499,5,1,0
IPL26-042,Tripurana Vijay,Indian,50.0,24.0,0.0,50.0,0,0,22.333226537094255,0,0,0
IPL26-043,Auqib Nabi Dar,Indian,,26.0,0.0,50.0,0,0,19.005614234192986,3,1,0
IPL26-044,Pathum Nissanka,Sri Lankan,69.0,28.0,0.0,69.0,1,0,78.77268162017054,4,1,0
IPL26-045,David Miller,South African,80.0,116.0,0.0,80.0,1,0,60.58629553407957,0,0,0
IPL26-046,Ben Duckett,English,84.0,31.0,0.0,84.0,1,0,47.2076504515827,1,0,0
IPL26-047,Lungi Ngidi,South African,77.0,30.0,0.0,77.0,1,0,60.632827131234585,1,0,0
IPL26-048,Kyle Jamieson,New Zealander,,26.0,0.0,50.0,1,0,11.669805290391967,0,0,0
IPL26-049,Prithvi Shaw,Indian,72.0,26.0,0.0,72.0,0,0,50.28293408752612,1,0,0
IPL26-050,Sahil Parakh,Indian,61.0,26.0,0.0,61.0,0,0,16.520361667832866,5,1,0
IPL26-051,Shubman Gill,Indian,84.0,26.0,1502.36,84.0,0,0,98.45639423360745,5,0,0
IPL26-052,Rashid Khan,Afghan,,26.0,1036.91,50.0,1,0,95.01883971888739,0,0,0
IPL26-053,Jos Buttler,English,86.0,35.0,0.0,86.0,1,0,45.76949289712329,4,2,0
IPL26-054,Kagiso Rabada,South African,89.0,31.0,0.0,89.0,1,0,78.30641646349781,4,0,0
IPL26-055,Mohammed Siraj,Indian,79.0,32.0,835.35,79.0,0,0,100.0,0,0,0
IPL26-056,Sai Sudharsan,Indian,83.0,24.0,1572.25,83.0,0,0,100.0,4,0,0
IPL26-057,Prasidh Krishna,Indian,77.0,30.0,571.61,77.0,0,0,93.36952470476572,4,1,0
IPL26-058,Washington Sundar,Indian,,26.0,670.48,50.0,0,0,100.0,5,2,0
IPL26-059,Rahul Tewatia,Indian,,33.0,0.0,50.0,0,0,37.968862829751636,4,0,0
IPL26-060,Shahrukh Khan,Indian,66.0,60.0,378.48,66.0,0,0,100.0,2,1,0
IPL26-061,R. Sai Kishore,Indian,75.0,26.0,0.0,75.0,0,0,55.94370982609249,3,2,0
IPL26-062,Glenn Phillips,New Zealander,61.0,52.0,0.0,61.0,1,0,43.45281512659259,1,2,0
IPL26-063,Jayant Yadav,Indian,61.0,36.0,0.0,61.0,0,0,43.01781504553704,2,0,0
IPL26-064,Anuj Rawat,Indian,66.0,26.0,109.12,66.0,0,0,100.0,4,0,0
IPL26-065,Kumar Kushagra,Indian,56.0,21.0,18.97,56.0,0,1,100.0,5,0,0
IPL26-066,Gurnoor Singh Brar,Indian,65.0,26.0,0.0,65.0,0,0,22.329975213710426,0,0,0
IPL26-067,Nishant Sindhu,Indian,61.0,22.0,0.0,61.0,0,1,28.03250616371532,4,0,0
IPL26-068,Manav Suthar,Indian,58.0,23.0,0.0,58.0,0,1,31.78191188453224,5,2,0
IPL26-069,Ishant Sharma,Indian,78.0,37.0,0.0,78.0,0,0,72.15726086443765,3,2,0
IPL26-070,Arshad Khan,Indian,64.0,26.0,357.1,64.0,0,0,100.0,4,0,0
IPL26-071,Jason Holder,West Indian,,41.0,0.0,50.0,0,0,30.192482911074354,0,0,0
IPL26-072,Tom Banton,English,58.0,27.0,0.0,58.0,1,0,16.564823752511035,5,2,0
IPL26-073,Ashok Sharma,Indian,64.0,26.0,94.13,64.0,0,0,100.0,5,1,0
IPL26-074,Luke Wood,English,50.0,26.0,0.0,50.0,1,0,36.01062058154161,5,0,0
IPL26-075,Prithvi Raj,Indian,73.0,26.0,0.0,73.0,0,0,54.62319629332445,3,0,0
IPL26-076,Sunil Narine,West Indian,,37.0,0.0,50.0,0,0,21.338057258416516,4,2,0
IPL26-077,Varun Chakravarthy,Indian,85.0,34.0,0.0,85.0,0,0,71.00060973390094,3,0,0
IPL26-078,Rinku Singh,Indian,74.0,37.0,0.0,74.0,0,0,70.9236447237063,1,1,0
IPL26-079,Harshit Rana,Indian,73.0,24.0,541.9,73.0,0,0,99.08410865547386,1,2,0
IPL26-080,Angkrish Raghuvanshi,Indian,73.0,22.0,0.0,73.0,0,1,69.48562513082624,4,0,0
IPL26-081,Ramandeep Singh,Indian,,26.0,355.97,50.0,0,0,100.0,3,2,0
IPL26-082,Ajinkya Rahane,Indian,84.0,38.0,0.0,84.0,0,0,47.11629743984007,0,0,0
IPL26-083,Rovman Powell,West Indian,67.0,32.0,0.0,67.0,0,0,48.33849495224586,5,0,0
IPL26-084,Vaibhav Arora,Indian,73.0,28.0,0.0,73.0,0,0,56.694452246711165,5,0,0
IPL26-085,Manish Pandey,Indian,79.0,26.0,0.0,79.0,0,0,75.85124652024628,4,1,0
IPL26-086,Anukul Roy,Indian,69.0,27.0,0.0,69.0,0,0,44.89753728392413,1,1,0
IPL26-087,Umran Malik,Indian,65.0,26.0,0.0,65.0,0,0,44.0520588031959,1,2,0
IPL26-088,Cameron Green,Australian,,26.0,0.0,50.0,1,0,12.859432801646731,5,0,0
IPL26-089,Matheesha Pathirana,Sri Lankan,77.0,24.0,0.0,77.0,1,0,36.61391272882662,4,0,0
IPL26-090,Mustafizur Rahman,Bangladeshi,77.0,30.0,258.07,77.0,1,0,98.6550274634833,3,1,0
IPL26-091,Tejasvi Singh,Indian,78.0,26.0,0.0,78.0,0,0,78.01374699855737,1,0,0
IPL26-092,Finn Allen,New Zealander,74.0,27.0,0.0,74.0,1,0,70.01426824291704,3,1,0
IPL26-093,Rachin Ravindra,New Zealander,67.0,26.0,0.0,67.0,1,0,42.32363148648016,1,0,0
IPL26-094,Tim Seifert,New Zealander,58.0,24.0,0.0,58.0,1,0,49.23724935266179,1,2,0
IPL26-095,Akash Deep,Indian,58.0,26.0,74.49,58.0,0,0,100.0,2,0,0
IPL26-096,Rahul Tripathi,Indian,73.0,26.0,0.0,73.0,0,0,50.801013125775484,1,0,0
IPL26-097,Prashant Solanki,Indian,75.0,26.0,0.0,75.0,0,0,38.55540440025117,0,0,0
IPL26-098,Kartik Tyagi,Indian,71.0,25.0,267.17,71.0,0,0,98.69522583520371,4,0,0
IPL26-099,Sarthak Ranjan,Indian,59.0,29.0,0.0,59.0,0,0,37.982056856135024,4,0,0
IPL26-100,Daksh Kamra,Indian,50.0,26.0,0.0,50.0,0,0,47.03919195057553,3,1,0
IPL26-101,Rishabh Pant,Indian,82.0,28.0,0.0,82.0,0,0,55.06126736653603,1,2,0
IPL26-102,Nicholas Pooran,West Indian,77.0,30.0,0.0,77.0,0,0,76.23659629154346,0,0,0
IPL26-103,Mayank Yadav,Indian,63.0,26.0,0.0,63.0,0,0,7.360055972005866,3,1,0
IPL26-104,Mohammed Shami,Indian,77.0,36.0,366.12,77.0,0,0,100.0,2,1,0
IPL26-105,Mohsin Khan,Indian,75.0,38.0,341.0,75.0,0,0,100.0,3,1,0
IPL26-106,Ayush Badoni,Indian,70.0,26.0,0.0,70.0,0,0,71.74034685819575,3,1,0
IPL26-107,Avesh Khan,Indian,73.0,29.0,614.92,73.0,0,0,100.0,1,1,0
IPL26-108,Abdul Samad,Indian,66.0,54.0,652.13,66.0,0,0,100.0,2,2,0
IPL26-109,Mitchell Marsh,Australian,,34.0,0.0,50.0,1,0,31.96121647700216,3,2,0
IPL26-110,Aiden Markram,South African,,31.0,0.0,50.0,1,0,28.114214003073332,0,0,0
IPL26-111,Shahbaz Ahmed,Indian,,57.0,458.64,50.0,0,0,100.0,0,0,0
IPL26-112,Matthew Breetzke,South African,61.0,27.0,0.0,61.0,1,0,44.232475988316686,4,1,0
IPL26-113,Digvesh Rathi,Indian,65.0,26.0,0.0,65.0,0,0,20.952659173712807,2,0,0
IPL26-114,Himmat Singh,Indian,66.0,29.0,101.92,66.0,0,0,95.32824195710745,2,1,0
IPL26-115,Arshin Kulkarni,Indian,56.0,26.0,0.0,56.0,0,0,29.373728061146185,4,1,0
IPL26-116,Manimaran Siddharth,Indian,68.0,27.0,0.0,68.0,0,0,54.91703656165104,3,2,0
IPL26-117,Akash Singh,Indian,67.0,39.0,96.39,67.0,0,0,100.0,2,0,0
IPL26-118,Arjun Tendulkar,Indian,64.0,26.0,32.51,64.0,0,0,96.90032906297552,0,0,0
IPL26-119,Prince Yadav,Indian,52.0,24.0,347.54,52.0,0,0,100.0,0,0,0
IPL26-120,Josh Inglis,Australian,74.0,31.0,0.0,74.0,1,0,77.03138119069708,1,2,0
IPL26-121,Akshat Raghuwanshi,Indian,59.0,22.0,22.82,59.0,0,1,97.78637473907669,2,2,0
IPL26-122,Mukul Choudhary,Indian,71.0,21.0,0.0,71.0,0,1,43.98404086269844,3,2,0
IPL26-123,Wanindu Hasaranga,Sri Lankan,76.0,28.0,0.0,76.0,1,0,43.99972946966036,4,0,0
IPL26-124,Anrich Nortje,South African,76.0,32.0,0.0,76.0,1,0,49.41265708568739,4,0,0
IPL26-125,Naman Tiwari,Indian,76.0,26.0,0.0,76.0,0,0,61.76244668877595,3,1,0
IPL26-126,Rohit Sharma,Indian,54.0,39.0,0.0,54.0,0,0,45.3910001277296,5,1,0
IPL26-127,Jasprit Bumrah,Indian,95.0,32.0,0.0,95.0,0,0,73.79774404569017,1,2,1
IPL26-128,Suryakumar Yadav,Indian,84.0,35.0,0.0,84.0,0,0,79.05061535688276,4,2,0
IPL26-129,Hardik Pandya,Indian,,32.0,0.0,50.0,0,0,33.083322032902096,2,2,0
IPL26-130,Tilak Varma,Indian,76.0,23.0,1185.21,76.0,0,1,100.0,1,1,1
IPL26-131,Trent Boult,New Zealander,87.0,36.0,0.0,87.0,1,0,77.1985401179571,2,1,1
IPL26-132,Deepak Chahar,Indian,80.0,26.0,0.0,80.0,0,0,53.63370023482666,0,0,0
IPL26-133,Naman Dhir,Indian,71.0,26.0,863.67,71.0,0,0,100.0,1,1,0
IPL26-134,Will Jacks,English,,27.0,0.0,50.0,1,0,22.783034722837264,4,1,0
IPL26-135,Robin Minz,Indian,55.0,23.0,0.0,55.0,0,1,33.442101161221835,1,1,0
IPL26-136,Ryan Rickelton,South African,73.0,29.0,0.0,73.0,1,0,35.56452095847372,1,1,0
IPL26-137,Shardul Thakur,Indian,,34.0,0.0,50.0,0,0,34.7448483343433,1,2,0
IPL26-138,Sherfane Rutherford,West Indian,67.0,27.0,0.0,67.0,0,0,53.107741983340354,5,2,0
IPL26-139,Mayank Markande,Indian,72.0,28.0,0.0,72.0,0,0,46.91811678996911,1,2,0
IPL26-140,Allah Ghazanfar,Afghan,70.0,26.0,0.0,70.0,1,0,52.697110185444586,2,2,0
IPL26-141,Corbin Bosch,South African,,31.0,0.0,50.0,1,0,4.275372929069277,0,0,0
IPL26-142,Mitchell Santner,New Zealander,,34.0,0.0,50.0,1,0,20.163191918123736,3,0,0
IPL26-143,Ashwani Kumar,Indian,73.0,97.0,180.0,73.0,0,0,100.0,1,1,0
IPL26-144,Raj Angad Bawa,Indian,62.0,23.0,0.0,62.0,0,1,42.431863673190755,4,0,0
IPL26-145,Raghu Sharma,Indian,59.0,67.0,37.39,59.0,0,0,100.0,1,2,0
IPL26-146,Quinton de Kock,South African,79.0,33.0,0.0,79.0,1,0,46.94171785215006,4,1,0
IPL26-147,Atharva Ankolekar,Indian,,25.0,0.0,50.0,0,0,31.44578113627892,2,2,0
IPL26-148,Mohammad Izhar,Indian,76.0,68.0,0.0,76.0,0,0,53.61547060557359,4,1,0
IPL26-149,Danish Malewar,Indian,52.0,26.0,0.0,52.0,0,0,56.696188567510184,3,2,0
IPL26-150,Mayank Rawat,Indian,56.0,26.0,0.0,56.0,0,0,35.12391499515958,0,0,0
IPL26-151,Shreyas Iyer,Indian,83.0,31.0,0.0,83.0,0,0,73.12432040964055,4,0,0
IPL26-152,Arshdeep Singh,Indian,78.0,21.0,828.89,78.0,0,1,100.0,4,0,1
IPL26-153,Yuzvendra Chahal,Indian,100.0,35.0,0.0,100.0,0,0,79.8065751430305,0,0,1
IPL26-154,Marco Jansen,South African,,26.0,0.0,50.0,1,0,2.6271070896612487,3,0,0
IPL26-155,Prabhsimran Singh,Indian,74.0,25.0,0.0,74.0,0,0,61.44398824841237,1,1,0
IPL26-156,Harpreet Brar,Indian,,30.0,492.23,50.0,0,0,99.14910166746724,4,0,0
IPL26-157,Shashank Singh,Indian,73.0,26.0,1092.28,73.0,0,0,93.4296634573298,0,0,0
IPL26-158,Azmatullah Omarzai,Afghan,,26.0,458.76,50.0,1,0,100.0,2,1,0
IPL26-159,Nehal Wadhera,Indian,68.0,25.0,0.0,68.0,0,0,49.8126483351407,0,0,0
IPL26-160,Xavier Bartlett,Australian,55.0,27.0,0.0,55.0,1,0,76.7169900781082,2,0,0
IPL26-161,Lockie Ferguson,New Zealander,74.0,35.0,0.0,74.0,1,0,50.890761491350624,3,1,0
IPL26-162,Marcus Stoinis,Australian,,36.0,0.0,50.0,1,0,30.32976251648472,1,0,0
IPL26-163,Mitch Owen,Australian,,22.0,0.0,50.0,1,1,31.493432059836234,0,0,0
IPL26-164,Musheer Khan,Indian,61.0,26.0,9.79,61.0,0,0,99.00087535370714,5,2,0
IPL26-165,Priyansh Arya,Indian,74.0,25.0,912.18,74.0,0,0,100.0,4,2,0
IPL26-166,Vyshak Vijaykumar,Indian,62.0,26.0,0.0,62.0,0,0,32.5526819062941,3,2,0
IPL26-167,Yash Thakur,Indian,67.0,26.0,223.54,67.0,0,0,94.5064876130765,0,0,0
IPL26-168,Pyla Avinash,Indian,63.0,25.0,0.0,63.0,0,0,61.57193552010522,4,2,0
IPL26-169,Harnoor Pannu,Indian,64.0,26.0,0.0,64.0,0,0,51.184012039508225,0,0,0
IPL26-170,Vishnu Vinod,Indian,62.0,32.0,15.19,62.0,0,0,87.04727013439971,2,2,0
IPL26-171,Suryansh Shedge,Indian,67.0,23.0,226.14,67.0,0,1,99.75517405488888,0,0,0
IPL26-172,Cooper Connolly,Australian,75.0,22.0,0.0,75.0,1,1,67.02059389064473,5,2,0
IPL26-173,Ben Dwarshuis,Australian,56.0,31.0,0.0,56.0,1,0,25.47679869283271,0,0,0
IPL26-174,Praveen Dubey,Indian,59.0,32.0,0.0,59.0,0,0,58.95421092112176,0,0,0
IPL26-175,Vishal Nishad,Indian,51.0,26.0,0.0,51.0,0,0,2.5272322824959286,5,0,0
IPL26-176,Yashasvi Jaiswal,Indian,78.0,24.0,0.0,78.0,0,0,62.69069852072974,3,2,0
IPL26-177,Ravindra Jadeja,Indian,,37.0,0.0,50.0,0,0,69.44162857058319,0,0,0
IPL26-178,Riyan Parag,Indian,,24.0,0.0,50.0,0,0,10.958815476586519,5,2,0
IPL26-179,Jofra Archer,English,80.0,31.0,0.0,80.0,1,0,59.421661704420956,4,0,0
IPL26-180,Dhruv Jurel,Indian,73.0,25.0,1059.22,73.0,0,0,100.0,2,1,0
IPL26-181,Shimron Hetmyer,West Indian,72.0,29.0,0.0,72.0,0,0,51.905867454634276,2,0,0
IPL26-182,Sam Curran,English,,114.0,0.0,50.0,1,0,18.802469372743516,0,0,0
IPL26-183,Sandeep Sharma,Indian,77.0,26.0,459.67,77.0,0,0,100.0,3,2,0
IPL26-184,Vaibhav Suryavanshi,Indian,80.0,15.0,0.0,80.0,0,1,35.535492308539915,3,2,1
IPL26-185,Tushar Deshpande,Indian,72.0,26.0,0.0,72.0,0,0,45.30019392359062,4,0,0
IPL26-186,Shubham Dubey,Indian,72.0,32.0,0.0,72.0,0,0,38.87702739722472,0,0,0
IPL26-187,Yudhvir Charak,Indian,66.0,26.0,0.0,66.0,0,0,55.19020369881865,2,1,0
IPL26-188,Kwena Maphaka,South African,52.0,20.0,0.0,52.0,1,1,23.897167500066843,3,1,0
IPL26-189,Lhuan-Dre Pretorius,South African,57.0,20.0,0.0,57.0,1,1,61.99699107206458,0,0,0
IPL26-190,Nandre Burger,South African,70.0,30.0,0.0,70.0,1,0,35.50546572972786,3,1,0
IPL26-191,Donovan Ferreira,South African,69.0,27.0,0.0,69.0,1,0,50.51747145492554,5,0,0
IPL26-192,Ravi Bishnoi,Indian,74.0,25.0,466.26,74.0,0,0,100.0,3,1,0
IPL26-193,Adam Milne,New Zealander,59.0,34.0,0.0,59.0,1,0,52.368788080471084,2,0,0
IPL26-194,Ravi Singh,Indian,59.0,26.0,4.35,59.0,0,0,72.05160957266486,1,0,0
IPL26-195,Sushant Mishra,Indian,75.0,25.0,0.0,75.0,0,0,29.920680137965146,4,0,0
IPL26-196,Kuldeep Sen,Indian,70.0,29.0,0.0,70.0,0,0,50.37426730732956,4,1,0
IPL26-197,Brijesh Sharma,Indian,67.0,26.0,210.22,67.0,0,0,100.0,2,1,0
IPL26-198,Aman Rao Perala,Indian,71.0,26.0,0.0,71.0,0,0,67.82073981242293,3,1,0
IPL26-199,Vignesh Puthur,Indian,73.0,25.0,0.0,73.0,0,0,21.603562134614975,0,0,0
IPL26-200,Virat Kohli,Indian,100.0,37.0,0.0,100.0,0,0,100.0,3,1,1
IPL26-201,Rajat Patidar,Indian,75.0,33.0,0.0,75.0,0,0,51.58121212159291,2,1,0
IPL26-202,Phil Salt,English,75.0,47.0,0.0,75.0,1,0,78.01110005883024,4,0,0
IPL26-203,Josh Hazlewood,Australian,79.0,35.0,0.0,79.0,1,0,38.908622113837474,3,2,0
IPL26-204,Yash Dayal,Indian,68.0,28.0,485.16,68.0,0,0,99.57718500428096,4,0,0
IPL26-205,Krunal Pandya,Indian,,35.0,0.0,50.0,0,0,6.83175944279786,0,0,0
IPL26-206,Bhuvneshwar Kumar,Indian,98.0,36.0,0.0,98.0,0,0,89.74330930794294,4,0,1
IPL26-207,Tim David,Singaporean,74.0,26.0,0.0,74.0,1,0,51.25589903294737,4,2,0
IPL26-208,Romario Shepherd,West Indian,,31.0,0.0,50.0,0,0,24.55574757401729,1,0,0
IPL26-209,Nuwan Thushara,Sri Lankan,68.0,31.0,0.0,68.0,1,0,61.247580789347666,1,1,0
IPL26-210,Swapnil Singh,Indian,66.0,35.0,131.12,66.0,0,0,95.98013800596512,5,2,0
IPL26-211,Jacob Bethell,English,64.0,20.0,0.0,64.0,1,1,37.53006977402106,1,1,0
IPL26-212,Devdutt Padikkal,Indian,73.0,25.0,0.0,73.0,0,0,51.05652507293397,4,2,0
IPL26-213,Suyash Sharma,Indian,64.0,26.0,369.66,64.0,0,0,100.0,2,2,0
IPL26-214,Rasikh Dar,Indian,71.0,26.0,0.0,71.0,0,0,63.81381959337247,4,0,0
IPL26-215,Jitesh Sharma,Indian,56.0,32.0,0.0,56.0,0,0,22.6491218025289,2,0,0
IPL26-216,Abhinandan Singh,Indian,59.0,26.0,38.42,59.0,0,0,90.3327944660701,2,1,0
IPL26-217,Venkatesh Iyer,Indian,,35.0,0.0,50.0,0,0,66.43058723372087,1,0,0
IPL26-218,Jordan Cox,English,80.0,34.0,0.0,80.0,1,0,71.73871542130126,3,0,0
IPL26-219,Mangesh Yadav,Indian,65.0,26.0,0.0,65.0,0,0,24.76259137310373,0,0,0
IPL26-220,Vicky Kanhaiya Ostwal,Indian,74.0,26.0,0.0,74.0,0,0,62.75854386316421,1,0,0
IPL26-221,Kanishk Chouhan,Indian,50.0,26.0,0.0,50.0,0,0,9.826513965341748,1,2,0
IPL26-222,Vihaan Malhotra,Indian,50.0,19.0,0.0,50.0,0,1,48.907553718346584,3,2,0
IPL26-223,Satvik Deswal,Indian,77.0,26.0,0.0,77.0,0,0,71.70535564605784,0,0,0
IPL26-224,Yash Raj Punja,Indian,68.0,26.0,128.95,68.0,0,0,92.90645731226263,4,1,0
IPL26-225,Pat Cummins,Australian,,33.0,0.0,50.0,1,0,18.7579946322867,5,1,0
IPL26-226,Heinrich Klaasen,South African,80.0,97.0,0.0,80.0,1,0,70.15057513077213,5,1,0
IPL26-227,Travis Head,Australian,75.0,32.0,0.0,75.0,1,0,56.04164102473194,4,2,0
IPL26-228,Abhishek Sharma,Indian,,26.0,1410.48,50.0,0,0,97.84950398119027,1,1,0
IPL26-229,Nitish Kumar Reddy,Indian,,23.0,0.0,50.0,0,1,42.7626789774192,0,0,0
IPL26-230,Ishan Kishan,Indian,78.0,27.0,1062.44,78.0,0,0,93.09445122042627,1,0,0
IPL26-231,Harshal Patel,Indian,88.0,35.0,0.0,88.0,0,0,100.0,2,1,1
IPL26-232,Jaydev Unadkat,Indian,81.0,33.0,0.0,81.0,0,0,60.70497682028588,1,1,0
IPL26-233,Zeeshan Ansari,Indian,59.0,26.0,99.75,59.0,0,0,98.17318504613634,1,2,0
IPL26-234,Brydon Carse,English,72.0,30.0,0.0,72.0,1,0,36.17724010315266,4,2,0
IPL26-235,Kamindu Mendis,Sri Lankan,65.0,27.0,0.0,65.0,1,0,31.211156291033827,4,2,0
IPL26-236,Harsh Dubey,Indian,70.0,23.0,174.77,70.0,0,1,100.0,4,2,0
IPL26-237,Aniket Verma,Indian,66.0,24.0,403.65,66.0,0,0,100.0,5,2,0
IPL26-238,Eshan Malinga,Sri Lankan,74.0,25.0,0.0,74.0,1,0,47.05536722777431,2,2,0
IPL26-239,Smaran Ravichandaran,Indian,73.0,26.0,0.0,73.0,0,0,49.44158690388682,4,1,0
IPL26-240,Liam Livingstone,English,,32.0,0.0,50.0,1,0,20.49265372626627,0,0,0
IPL26-241,Salil Arora,Indian,68.0,23.0,31.36,68.0,0,1,100.0,5,2,0
IPL26-242,Jack Edwards,Australian,,97.0,0.0,50.0,1,0,33.31438127458853,3,0,0
IPL26-243,Shivam Mavi,Indian,64.0,27.0,0.0,64.0,0,0,59.738579062898665,0,0,0
IPL26-244,Amit Kumar,Indian,56.0,26.0,0.0,56.0,0,0,44.54117215137012,0,0,0
IPL26-245,Onkar Tarmale,Indian,,26.0,0.0,50.0,0,0,63.97505432354816,4,1,0
IPL26-246,Sakib Hussain,Indian,71.0,21.0,221.1,71.0,0,1,96.7508926092959,3,2,0
IPL26-247,Praful Hinge,Indian,70.0,26.0,0.0,70.0,0,0,46.69994703725889,3,2,0
IPL26-248,Shivang Kumar,Indian,63.0,26.0,185.9,63.0,0,0,100.0,5,2,0
IPL26-249,Krains Fuletra,Indian,55.0,26.0,0.0,55.0,0,0,71.5811424062293,3,0,0
IPL26-250,Jake Fraser-McGurk,Australian,71.0,23.0,0.0,71.0,1,1,57.474452247522954,2,2,0
IPL26-251,Devon Conway,New Zealander,76.0,26.0,0.0,76.0,1,0,40.20244376146138,4,0,0
IPL26-252,Gus Atkinson,English,80.0,28.0,0.0,80.0,1,0,43.79616096204321,3,1,0
IPL26-253,Jamie Smith,English,71.0,37.0,0.0,71.0,1,0,57.13646782719793,5,2,0
IPL26-254,Deepak Hooda,Indian,,31.0,0.0,50.0,0,0,23.679081608830614,2,0,0
IPL26-255,Wiaan Mulder,South African,50.0,28.0,0.0,50.0,1,0,35.881220333350086,1,0,0
IPL26-256,Rahmanullah Gurbaz,Afghan,67.0,24.0,183.09,67.0,1,0,100.0,1,2,0
IPL26-257,Jonny Bairstow,English,75.0,36.0,0.0,75.0,1,0,68.78771947343375,2,1,0
IPL26-258,K.S. Bharat,Indian,67.0,26.0,0.0,67.0,0,0,53.32114028100899,5,1,0
IPL26-259,Gerald Coetzee,South African,67.0,25.0,0.0,67.0,1,0,31.8927264420515,2,1,0
IPL26-260,Spencer Johnson,Australian,57.0,38.0,0.0,57.0,1,0,18.54591499099842,4,0,0
IPL26-261,Fazalhaq Farooqi,Afghan,63.0,25.0,34.22,63.0,1,0,100.0,4,0,0
IPL26-262,Maheesh Theekshana,Sri Lankan,71.0,25.0,0.0,71.0,1,0,41.44891897592806,1,0,0
IPL26-263,Mujeeb Ur Rahman,Afghan,67.0,25.0,8.29,67.0,1,0,95.12109109354097,3,0,0
IPL26-264,Aarya Desai,Indian,55.0,23.0,0.0,55.0,0,1,44.7629566446246,5,1,0
IPL26-265,Yash Dhull,Indian,55.0,23.0,0.0,55.0,0,1,36.33052314804461,1,2,0
IPL26-266,Abhinav Manohar,Indian,62.0,31.0,0.0,62.0,0,0,16.43026980680203,3,0,0
IPL26-267,Anmolpreet Singh,Indian,63.0,28.0,4.93,63.0,0,0,72.32889451283387,3,0,0
IPL26-268,Atharva Taide,Indian,68.0,26.0,59.39,68.0,0,0,100.0,4,1,0
IPL26-269,Mahipal Lomror,Indian,65.0,26.0,0.0,65.0,0,0,55.44238636615521,0,0,0
IPL26-270,Vijay Shankar,Indian,,35.0,0.0,50.0,0,0,34.01228346492412,0,0,0
IPL26-271,Tanush Kotian,Indian,61.0,27.0,18.32,61.0,0,0,94.80915426456534,2,1,0
IPL26-272,Kamlesh Nagarkoti,Indian,57.0,26.0,0.0,57.0,0,0,31.228983311653632,4,1,0
IPL26-273,Ruchit Ahir,Indian,74.0,26.0,0.0,74.0,0,0,53.78311440376183,3,2,0
IPL26-274,Sanvir Singh,Indian,60.0,29.0,20.67,60.0,0,0,91.25809171929568,5,0,0
IPL26-275,Vansh Bedi,Indian,50.0,23.0,0.0,50.0,0,1,31.53859945237392,0,0,0
IPL26-276,Raj Limbani,Indian,75.0,26.0,0.0,75.0,0,0,36.23157816614478,3,1,0
IPL26-277,Simarjeet Singh,Indian,65.0,28.0,87.74,65.0,0,0,100.0,0,0,0
IPL26-278,Akash Madhwal,Indian,68.0,32.0,143.34,68.0,0,0,100.0,0,0,0
IPL26-279,Karn Sharma,Indian,80.0,38.0,0.0,80.0,0,0,64.63509863695006,0,0,0
IPL26-280,Sean Abbott,Australian,54.0,34.0,0.0,54.0,1,0,37.7892818492455,5,1,0
IPL26-281,Michael Bracewell,New Zealander,,35.0,0.0,50.0,1,0,47.89660285359399,4,1,0
IPL26-282,Daryl Mitchell,New Zealander,67.0,60.0,0.0,67.0,1,0,70.09058053083251,5,2,0
IPL26-283,Dasun Shanaka,Sri Lankan,62.0,34.0,0.0,62.0,1,0,22.894030398029937,1,2,0
IPL26-284,Chetan Sakariya,Indian,70.0,27.0,0.0,70.0,0,0,31.69547594068343,3,0,0
IPL26-285,Waqar Salamkheil,Afghan,72.0,29.0,0.0,72.0,1,0,62.419560066889666,4,1,0
IPL26-286,Taskin Ahmed,Bangladeshi,80.0,31.0,0.0,80.0,1,0,67.46375478931905,4,0,0
IPL26-287,Alzarri Joseph,West Indian,68.0,29.0,0.0,68.0,0,0,57.96878081118153,4,0,0
IPL26-288,Riley Meredith,Australian,69.0,29.0,0.0,69.0,1,0,98.2259632490789,4,0,0
IPL26-289,Jhye Richardson,Australian,58.0,29.0,0.0,58.0,1,0,44.671881289091445,5,0,0
IPL26-290,Daniel Lawrence,English,79.0,26.0,0.0,79.0,1,0,73.94458561555008,4,1,0
IPL26-291,Murugan Ashwin,Indian,72.0,35.0,0.0,72.0,0,0,71.02121720988484,2,0,0
IPL26-292,William Sutherland,Australian,,163.0,0.0,50.0,1,0,37.92974239338151,3,1,0
IPL26-293,Kartikeya Singh,Indian,79.0,26.0,0.0,79.0,0,0,51.97230767352369,4,1,0
IPL26-294,Shivam Shukla,Indian,63.0,26.0,0.0,63.0,0,0,49.67420879958718,3,2,0
IPL26-295,Wahidullah Zadran,Afghan,62.0,26.0,0.0,62.0,1,0,32.67769079052026,2,1,0
IPL26-296,KC Cariappa,Indian,59.0,32.0,0.0,59.0,0,0,37.00622990955596,2,2,0
IPL26-297,Sediqullah Atal,Afghan,64.0,24.0,14.99,64.0,1,0,97.75615887755684,3,1,0
IPL26-298,Nathan Smith,New Zealander,53.0,263.0,0.0,53.0,1,0,22.172653244774143,0,0,0
IPL26-299,Manan Vohra,Indian,68.0,32.0,0.0,68.0,0,0,58.6089791569334,1,1,0
IPL26-300,Jacob Duffy,New Zealander,67.0,25.0,0.0,67.0,1,0,72.31766322447844,0,0,0
IPL26-001,MS Dhoni,Indian,76.0,44.0,492.22,76.0,0,0,100.0,4,0,0
IPL26-002,Ruturaj Gaikwad,Indian,79.0,29.0,0.0,79.0,0,0,72.90773003624852,5,1,0
IPL26-003,Sanju Samson,Indian,85.0,31.0,0.0,85.0,0,0,45.991966674990735,1,2,1
IPL26-004,Shivam Dube,Indian,,32.0,0.0,50.0,0,0,43.68602837189128,1,2,0
IPL26-005,Ayush Mhatre,Indian,73.0,18.0,0.0,73.0,0,1,74.74417483863994,5,0,0
IPL26-006,Dewald Brevis,South African,68.0,23.0,0.0,68.0,1,1,45.76797370056626,0,0,0
IPL26-007,Urvil Patel,Indian,69.0,27.0,268.05,69.0,0,0,98.38381017738955,3,1,0
IPL26-008,Noor Ahmad,Afghan,76.0,21.0,701.28,76.0,1,1,100.0,1,1,1
IPL26-009,Nathan Ellis,Australian,71.0,26.0,0.0,71.0,1,0,49.30354235411908,5,2,0
IPL26-010,Shreyas Gopal,Indian,76.0,32.0,0.0,76.0,0,0,80.34679168028245,5,2,0
IPL26-011,Khaleel Ahmed,Indian,80.0,119.0,0.0,80.0,0,0,67.01721790250066,2,0,0
IPL26-012,Ramakrishna Ghosh,Indian,55.0,28.0,0.0,55.0,0,0,37.36934538014666,3,2,0
IPL26-013,Mukesh Choudhary,Indian,68.0,30.0,140.19,68.0,0,0,100.0,4,1,0
IPL26-014,Jamie Overton,English,,32.0,0.0,50.0,1,0,49.58742964109176,0,0,0
IPL26-015,Gurjapneet Singh,Indian,58.0,27.0,99.53,58.0,0,0,100.0,4,0,0
IPL26-016,Anshul Kamboj,Indian,,31.0,0.0,50.0,0,0,14.156979771486164,3,1,0
IPL26-017,Prashant Veer,Indian,73.0,20.0,0.0,73.0,0,1,42.739323892432694,3,1,0
IPL26-018,Kartik Sharma,Indian,70.0,26.0,292.84,70.0,0,0,94.81524497012529,3,1,0
IPL26-019,Rahul Chahar,Indian,78.0,26.0,0.0,78.0,0,0,61.388403666055204,4,1,0
IPL26-020,Akeal Hosein,West Indian,71.0,33.0,0.0,71.0,0,0,23.236616432563842,3,0,0
IPL26-021,Matt Henry,New Zealander,54.0,47.0,0.0,54.0,1,0,9.27586485177166,5,0,0
IPL26-022,Matthew Short,Australian,64.0,338.0,0.0,64.0,1,0,40.83633044148031,4,2,0
IPL26-023,Sarfaraz Khan,Indian,67.0,326.0,0.0,67.0,0,0,39.27544704152799,3,1,0
IPL26-024,Zak Foulkes,English,81.0,24.0,0.0,81.0,1,0,70.55114873512231,5,2,0
IPL26-025,Aman Khan,Indian,64.0,77.0,0.0,64.0,0,0,27.574962796063105,2,0,0
IPL26-026,KL Rahul,Indian,87.0,34.0,1380.75,87.0,0,0,96.0898806744628,3,0,0
IPL26-027,Axar Patel,Indian,,32.0,0.0,50.0,0,0,8.829253659390309,4,0,0
IPL26-028,Kuldeep Yadav,Indian,77.0,26.0,718.52,77.0,0,0,100.0,1,0,0
IPL26-029,T. Natarajan,Indian,75.0,26.0,0.0,75.0,0,0,76.0687748052377,3,0,0
IPL26-030,Mitchell Starc,Australian,80.0,36.0,0.0,80.0,1,0,49.88593131144085,1,0,0
IPL26-031,Tristan Stubbs,South African,77.0,25.0,0.0,77.0,1,0,61.42322061320286,5,0,0
IPL26-032,Mukesh Kumar,Indian,67.0,26.0,521.18,67.0,0,0,98.03842615633049,2,1,0
IPL26-033,Nitish Rana,Indian,76.0,32.0,0.0,76.0,0,0,32.516213534687935,0,0,0
IPL26-034,Abishek Porel,Indian,69.0,23.0,743.92,69.0,0,1,99.72693662970954,2,0,0
IPL26-035,Ashutosh Sharma,Indian,72.0,65.0,869.41,72.0,0,0,98.8005054145992,3,1,0
IPL26-036,Sameer Rizvi,Indian,71.0,22.0,503.63,71.0,0,1,98.16749472243949,1,1,0
IPL26-037,Karun Nair,Indian,70.0,34.0,0.0,70.0,0,0,35.43363259745631,1,2,0
IPL26-038,Dushmantha Chameera,Sri Lankan,61.0,34.0,0.0,61.0,1,0,42.1026015108897,4,0,0
IPL26-039,Vipraj Nigam,Indian,,21.0,0.0,50.0,0,1,16.249865298199797,1,2,0
IPL26-040,Ajay Mandal,Indian,,26.0,0.0,50.0,0,0,36.958690300791524,4,0,0
IPL26-041,Madhav Tiwari,Indian,70.0,22.0,0.0,70.0,0,1,45.73102684672115,5,1,0
IPL26-042,Tripurana Vijay,Indian,50.0,24.0,0.0,50.0,0,0,21.981868641500814,0,0,0
IPL26-043,Auqib Nabi Dar,Indian,,26.0,0.0,50.0,0,0,14.58410842097004,3,1,0
IPL26-044,Pathum Nissanka,Sri Lankan,69.0,28.0,0.0,69.0,1,0,75.55492287274407,4,1,0
IPL26-045,David Miller,South African,80.0,116.0,0.0,80.0,1,0,56.726358536187504,0,0,0
IPL26-046,Ben Duckett,English,84.0,31.0,0.0,84.0,1,0,45.58266114962275,1,0,0
IPL26-047,Lungi Ngidi,South African,77.0,30.0,0.0,77.0,1,0,70.39692227195347,1,0,0
IPL26-048,Kyle Jamieson,New Zealander,,26.0,0.0,50.0,1,0,9.17194255491139,0,0,0
IPL26-049,Prithvi Shaw,Indian,72.0,26.0,0.0,72.0,0,0,48.88261147903936,1,0,0
IPL26-050,Sahil Parakh,Indian,61.0,26.0,0.0,61.0,0,0,8.809974502393375,5,1,0
IPL26-051,Shubman Gill,Indian,84.0,26.0,1502.36,84.0,0,0,100.0,5,0,0
IPL26-052,Rashid Khan,Afghan,,26.0,1036.91,50.0,1,0,100.0,0,0,0
IPL26-053,Jos Buttler,English,86.0,35.0,0.0,86.0,1,0,49.38432318694027,4,2,0
IPL26-054,Kagiso Rabada,South African,89.0,31.0,0.0,89.0,1,0,74.0752840092764,4,0,0
IPL26-055,Mohammed Siraj,Indian,79.0,32.0,835.35,79.0,0,0,99.15953267017377,0,0,0
IPL26-056,Sai Sudharsan,Indian,83.0,24.0,1572.25,83.0,0,0,100.0,4,0,0
IPL26-057,Prasidh Krishna,Indian,77.0,30.0,571.61,77.0,0,0,99.78832170900881,4,1,0
IPL26-058,Washington Sundar,Indian,,26.0,670.48,50.0,0,0,100.0,5,2,0
IPL26-059,Rahul Tewatia,Indian,,33.0,0.0,50.0,0,0,36.38036501060145,4,0,0
IPL26-060,Shahrukh Khan,Indian,66.0,60.0,378.48,66.0,0,0,100.0,2,1,0
IPL26-061,R. Sai Kishore,Indian,75.0,26.0,0.0,75.0,0,0,59.46385538910662,3,2,0
IPL26-062,Glenn Phillips,New Zealander,61.0,52.0,0.0,61.0,1,0,40.97091233137494,1,2,0
IPL26-063,Jayant Yadav,Indian,61.0,36.0,0.0,61.0,0,0,30.045849435864177,2,0,0
IPL26-064,Anuj Rawat,Indian,66.0,26.0,109.12,66.0,0,0,100.0,4,0,0
IPL26-065,Kumar Kushagra,Indian,56.0,21.0,18.97,56.0,0,1,92.78055211268044,5,0,0
IPL26-066,Gurnoor Singh Brar,Indian,65.0,26.0,0.0,65.0,0,0,23.69055337518122,0,0,0
IPL26-067,Nishant Sindhu,Indian,61.0,22.0,0.0,61.0,0,1,26.6956509160658,4,0,0
IPL26-068,Manav Suthar,Indian,58.0,23.0,0.0,58.0,0,1,39.618633148230415,5,2,0
IPL26-069,Ishant Sharma,Indian,78.0,37.0,0.0,78.0,0,0,74.45305003976318,3,2,0
IPL26-070,Arshad Khan,Indian,64.0,26.0,357.1,64.0,0,0,100.0,4,0,0
IPL26-071,Jason Holder,West Indian,,41.0,0.0,50.0,0,0,45.708637528648325,0,0,0
IPL26-072,Tom Banton,English,58.0,27.0,0.0,58.0,1,0,7.467388614115386,5,2,0
IPL26-073,Ashok Sharma,Indian,64.0,26.0,94.13,64.0,0,0,100.0,5,1,0
IPL26-074,Luke Wood,English,50.0,26.0,0.0,50.0,1,0,28.93170449475769,5,0,0
IPL26-075,Prithvi Raj,Indian,73.0,26.0,0.0,73.0,0,0,48.94825083500484,3,0,0
IPL26-076,Sunil Narine,West Indian,,37.0,0.0,50.0,0,0,28.674716327662637,4,2,0
IPL26-077,Varun Chakravarthy,Indian,85.0,34.0,0.0,85.0,0,0,71.03572826040407,3,0,0
IPL26-078,Rinku Singh,Indian,74.0,37.0,0.0,74.0,0,0,65.03522127096629,1,1,0
IPL26-079,Harshit Rana,Indian,73.0,24.0,541.9,73.0,0,0,99.54412883240718,1,2,0
IPL26-080,Angkrish Raghuvanshi,Indian,73.0,22.0,0.0,73.0,0,1,77.1982882271844,4,0,0
IPL26-081,Ramandeep Singh,Indian,,26.0,355.97,50.0,0,0,100.0,3,2,0
IPL26-082,Ajinkya Rahane,Indian,84.0,38.0,0.0,84.0,0,0,46.88716389138037,0,0,0
IPL26-083,Rovman Powell,West Indian,67.0,32.0,0.0,67.0,0,0,49.63711727464063,5,0,0
IPL26-084,Vaibhav Arora,Indian,73.0,28.0,0.0,73.0,0,0,49.693636509387524,5,0,0
IPL26-085,Manish Pandey,Indian,79.0,26.0,0.0,79.0,0,0,84.31597255084901,4,1,0
IPL26-086,Anukul Roy,Indian,69.0,27.0,0.0,69.0,0,0,46.094639832396446,1,1,0
IPL26-087,Umran Malik,Indian,65.0,26.0,0.0,65.0,0,0,51.03290255007634,1,2,0
IPL26-088,Cameron Green,Australian,,26.0,0.0,50.0,1,0,5.165984847989401,5,0,0
IPL26-089,Matheesha Pathirana,Sri Lankan,77.0,24.0,0.0,77.0,1,0,39.904109793088374,4,0,0
IPL26-090,Mustafizur Rahman,Bangladeshi,77.0,30.0,258.07,77.0,1,0,99.33055536717143,3,1,0
IPL26-091,Tejasvi Singh,Indian,78.0,26.0,0.0,78.0,0,0,65.15298996867978,1,0,0
IPL26-092,Finn Allen,New Zealander,74.0,27.0,0.0,74.0,1,0,67.86348232730538,3,1,0
IPL26-093,Rachin Ravindra,New Zealander,67.0,26.0,0.0,67.0,1,0,48.45525447009273,1,0,0
IPL26-094,Tim Seifert,New Zealander,58.0,24.0,0.0,58.0,1,0,56.04165200894848,1,2,0
IPL26-095,Akash Deep,Indian,58.0,26.0,74.49,58.0,0,0,100.0,2,0,0
IPL26-096,Rahul Tripathi,Indian,73.0,26.0,0.0,73.0,0,0,55.90743510908036,1,0,0
IPL26-097,Prashant Solanki,Indian,75.0,26.0,0.0,75.0,0,0,44.61515463014408,0,0,0
IPL26-098,Kartik Tyagi,Indian,71.0,25.0,267.17,71.0,0,0,93.08770037526953,4,0,0
IPL26-099,Sarthak Ranjan,Indian,59.0,29.0,0.0,59.0,0,0,52.124863142599956,4,0,0
IPL26-100,Daksh Kamra,Indian,50.0,26.0,0.0,50.0,0,0,53.418288935775756,3,1,0
IPL26-101,Rishabh Pant,Indian,82.0,28.0,0.0,82.0,0,0,65.07555192145125,1,2,0
IPL26-102,Nicholas Pooran,West Indian,77.0,30.0,0.0,77.0,0,0,84.25918181776515,0,0,0
IPL26-103,Mayank Yadav,Indian,63.0,26.0,0.0,63.0,0,0,10.999359225163726,3,1,0
IPL26-104,Mohammed Shami,Indian,77.0,36.0,366.12,77.0,0,0,95.84300266366273,2,1,0
IPL26-105,Mohsin Khan,Indian,75.0,38.0,341.0,75.0,0,0,100.0,3,1,0
IPL26-106,Ayush Badoni,Indian,70.0,26.0,0.0,70.0,0,0,62.20349403408315,3,1,0
IPL26-107,Avesh Khan,Indian,73.0,29.0,614.92,73.0,0,0,100.0,1,1,0
IPL26-108,Abdul Samad,Indian,66.0,54.0,652.13,66.0,0,0,95.82817910501991,2,2,0
IPL26-109,Mitchell Marsh,Australian,,34.0,0.0,50.0,1,0,37.16283776239193,3,2,0
IPL26-110,Aiden Markram,South African,,31.0,0.0,50.0,1,0,27.266598639153973,0,0,0
IPL26-111,Shahbaz Ahmed,Indian,,57.0,458.64,50.0,0,0,100.0,0,0,0
IPL26-112,Matthew Breetzke,South African,61.0,27.0,0.0,61.0,1,0,42.64651527826999,4,1,0
IPL26-113,Digvesh Rathi,Indian,65.0,26.0,0.0,65.0,0,0,21.919795395170546,2,0,0
IPL26-114,Himmat Singh,Indian,66.0,29.0,101.92,66.0,0,0,100.0,2,1,0
IPL26-115,Arshin Kulkarni,Indian,56.0,26.0,0.0,56.0,0,0,25.082844991832438,4,1,0
IPL26-116,Manimaran Siddharth,Indian,68.0,27.0,0.0,68.0,0,0,59.454206416237426,3,2,0
IPL26-117,Akash Singh,Indian,67.0,39.0,96.39,67.0,0,0,100.0,2,0,0
IPL26-118,Arjun Tendulkar,Indian,64.0,26.0,32.51,64.0,0,0,100.0,0,0,0
IPL26-119,Prince Yadav,Indian,52.0,24.0,347.54,52.0,0,0,94.35763185126227,0,0,0
IPL26-120,Josh Inglis,Australian,74.0,31.0,0.0,74.0,1,0,71.30283387001614,1,2,0
IPL26-121,Akshat Raghuwanshi,Indian,59.0,22.0,22.82,59.0,0,1,90.61278557381945,2,2,0
IPL26-122,Mukul Choudhary,Indian,71.0,21.0,0.0,71.0,0,1,45.52759609179436,3,2,0
IPL26-123,Wanindu Hasaranga,Sri Lankan,76.0,28.0,0.0,76.0,1,0,37.12485171573034,4,0,0
IPL26-124,Anrich Nortje,South African,76.0,32.0,0.0,76.0,1,0,39.87988988192113,4,0,0
IPL26-125,Naman Tiwari,Indian,76.0,26.0,0.0,76.0,0,0,76.10597736203133,3,1,0
IPL26-126,Rohit Sharma,Indian,54.0,39.0,0.0,54.0,0,0,42.7721644672095,5,1,0
IPL26-127,Jasprit Bumrah,Indian,95.0,32.0,0.0,95.0,0,0,65.38773861933977,1,2,1
IPL26-128,Suryakumar Yadav,Indian,84.0,35.0,0.0,84.0,0,0,71.02877858041435,4,2,0
IPL26-129,Hardik Pandya,Indian,,32.0,0.0,50.0,0,0,19.419442205300893,2,2,0
IPL26-130,Tilak Varma,Indian,76.0,23.0,1185.21,76.0,0,1,100.0,1,1,1
IPL26-131,Trent Boult,New Zealander,87.0,36.0,0.0,87.0,1,0,78.06601753554992,2,1,1
IPL26-132,Deepak Chahar,Indian,80.0,26.0,0.0,80.0,0,0,51.12065790750542,0,0,0
IPL26-133,Naman Dhir,Indian,71.0,26.0,863.67,71.0,0,0,87.55718869104258,1,1,0
IPL26-134,Will Jacks,English,,27.0,0.0,50.0,1,0,29.9729079618412,4,1,0
IPL26-135,Robin Minz,Indian,55.0,23.0,0.0,55.0,0,1,25.354153856089017,1,1,0
IPL26-136,Ryan Rickelton,South African,73.0,29.0,0.0,73.0,1,0,24.167064459071447,1,1,0
IPL26-137,Shardul Thakur,Indian,,34.0,0.0,50.0,0,0,32.7437959835268,1,2,0
IPL26-138,Sherfane Rutherford,West Indian,67.0,27.0,0.0,67.0,0,0,47.93385299302091,5,2,0
IPL26-139,Mayank Markande,Indian,72.0,28.0,0.0,72.0,0,0,57.44803991418624,1,2,0
IPL26-140,Allah Ghazanfar,Afghan,70.0,26.0,0.0,70.0,1,0,44.37921738756466,2,2,0
IPL26-141,Corbin Bosch,South African,,31.0,0.0,50.0,1,0,15.582524002310624,0,0,0
IPL26-142,Mitchell Santner,New Zealander,,34.0,0.0,50.0,1,0,25.34103323746498,3,0,0
IPL26-143,Ashwani Kumar,Indian,73.0,97.0,180.0,73.0,0,0,100.0,1,1,0
IPL26-144,Raj Angad Bawa,Indian,62.0,23.0,0.0,62.0,0,1,36.84844998595903,4,0,0
IPL26-145,Raghu Sharma,Indian,59.0,67.0,37.39,59.0,0,0,100.0,1,2,0
IPL26-146,Quinton de Kock,South African,79.0,33.0,0.0,79.0,1,0,41.197721010262335,4,1,0
IPL26-147,Atharva Ankolekar,Indian,,25.0,0.0,50.0,0,0,28.1488366124815,2,2,0
IPL26-148,Mohammad Izhar,Indian,76.0,68.0,0.0,76.0,0,0,60.078583705061,4,1,0
IPL26-149,Danish Malewar,Indian,52.0,26.0,0.0,52.0,0,0,67.2759309156945,3,2,0
IPL26-150,Mayank Rawat,Indian,56.0,26.0,0.0,56.0,0,0,46.11383921577472,0,0,0
IPL26-151,Shreyas Iyer,Indian,83.0,31.0,0.0,83.0,0,0,66.86536215702705,4,0,0
IPL26-152,Arshdeep Singh,Indian,78.0,21.0,828.89,78.0,0,1,93.54244449452098,4,0,1
IPL26-153,Yuzvendra Chahal,Indian,100.0,35.0,0.0,100.0,0,0,81.01879784746583,0,0,1
IPL26-154,Marco Jansen,South African,,26.0,0.0,50.0,1,0,0.0,3,0,0
IPL26-155,Prabhsimran Singh,Indian,74.0,25.0,0.0,74.0,0,0,61.7330058621773,1,1,0
IPL26-156,Harpreet Brar,Indian,,30.0,492.23,50.0,0,0,97.63414964681981,4,0,0
IPL26-157,Shashank Singh,Indian,73.0,26.0,1092.28,73.0,0,0,99.84714918291252,0,0,0
IPL26-158,Azmatullah Omarzai,Afghan,,26.0,458.76,50.0,1,0,96.59524462096623,2,1,0
IPL26-159,Nehal Wadhera,Indian,68.0,25.0,0.0,68.0,0,0,44.394545215611295,0,0,0
IPL26-160,Xavier Bartlett,Australian,55.0,27.0,0.0,55.0,1,0,75.63508827001455,2,0,0
IPL26-161,Lockie Ferguson,New Zealander,74.0,35.0,0.0,74.0,1,0,50.32150214302656,3,1,0
IPL26-162,Marcus Stoinis,Australian,,36.0,0.0,50.0,1,0,34.73562282962006,1,0,0
IPL26-163,Mitch Owen,Australian,,22.0,0.0,50.0,1,1,24.459868058327153,0,0,0
IPL26-164,Musheer Khan,Indian,61.0,26.0,9.79,61.0,0,0,100.0,5,2,0
IPL26-165,Priyansh Arya,Indian,74.0,25.0,912.18,74.0,0,0,100.0,4,2,0
IPL26-166,Vyshak Vijaykumar,Indian,62.0,26.0,0.0,62.0,0,0,23.425187001309133,3,2,0
IPL26-167,Yash Thakur,Indian,67.0,26.0,223.54,67.0,0,0,100.0,0,0,0
IPL26-168,Pyla Avinash,Indian,63.0,25.0,0.0,63.0,0,0,59.62172144660269,4,2,0
IPL26-169,Harnoor Pannu,Indian,64.0,26.0,0.0,64.0,0,0,59.17777297174572,0,0,0
IPL26-170,Vishnu Vinod,Indian,62.0,32.0,15.19,62.0,0,0,91.88536209584952,2,2,0
IPL26-171,Suryansh Shedge,Indian,67.0,23.0,226.14,67.0,0,1,100.0,0,0,0
IPL26-172,Cooper Connolly,Australian,75.0,22.0,0.0,75.0,1,1,65.50807186761102,5,2,0
IPL26-173,Ben Dwarshuis,Australian,56.0,31.0,0.0,56.0,1,0,23.136800307853896,0,0,0
IPL26-174,Praveen Dubey,Indian,59.0,32.0,0.0,59.0,0,0,60.59532669232062,0,0,0
IPL26-175,Vishal Nishad,Indian,51.0,26.0,0.0,51.0,0,0,10.600733169000709,5,0,0
IPL26-176,Yashasvi Jaiswal,Indian,78.0,24.0,0.0,78.0,0,0,69.88136005381682,3,2,0
IPL26-177,Ravindra Jadeja,Indian,,37.0,0.0,50.0,0,0,60.030966229119784,0,0,0
IPL26-178,Riyan Parag,Indian,,24.0,0.0,50.0,0,0,17.987351420717893,5,2,0
IPL26-179,Jofra Archer,English,80.0,31.0,0.0,80.0,1,0,57.668158471547954,4,0,0
IPL26-180,Dhruv Jurel,Indian,73.0,25.0,1059.22,73.0,0,0,92.94929497509838,2,1,0
IPL26-181,Shimron Hetmyer,West Indian,72.0,29.0,0.0,72.0,0,0,49.592069985167996,2,0,0
IPL26-182,Sam Curran,English,,114.0,0.0,50.0,1,0,18.75518806075108,0,0,0
IPL26-183,Sandeep Sharma,Indian,77.0,26.0,459.67,77.0,0,0,94.5397710027452,3,2,0
IPL26-184,Vaibhav Suryavanshi,Indian,80.0,15.0,0.0,80.0,0,1,34.366559685822715,3,2,1
IPL26-185,Tushar Deshpande,Indian,72.0,26.0,0.0,72.0,0,0,58.194037199089614,4,0,0
IPL26-186,Shubham Dubey,Indian,72.0,32.0,0.0,72.0,0,0,43.303378916670574,0,0,0
IPL26-187,Yudhvir Charak,Indian,66.0,26.0,0.0,66.0,0,0,53.63476130826023,2,1,0
IPL26-188,Kwena Maphaka,South African,52.0,20.0,0.0,52.0,1,1,16.58745643225195,3,1,0
IPL26-189,Lhuan-Dre Pretorius,South African,57.0,20.0,0.0,57.0,1,1,64.26363592066639,0,0,0
IPL26-190,Nandre Burger,South African,70.0,30.0,0.0,70.0,1,0,26.431358143695547,3,1,0
IPL26-191,Donovan Ferreira,South African,69.0,27.0,0.0,69.0,1,0,38.89318489639908,5,0,0
IPL26-192,Ravi Bishnoi,Indian,74.0,25.0,466.26,74.0,0,0,88.39184796650042,3,1,0
IPL26-193,Adam Milne,New Zealander,59.0,34.0,0.0,59.0,1,0,45.87425967376784,2,0,0
IPL26-194,Ravi Singh,Indian,59.0,26.0,4.35,59.0,0,0,67.91491236549,1,0,0
IPL26-195,Sushant Mishra,Indian,75.0,25.0,0.0,75.0,0,0,43.92544464317906,4,0,0
IPL26-196,Kuldeep Sen,Indian,70.0,29.0,0.0,70.0,0,0,39.606589188281994,4,1,0
IPL26-197,Brijesh Sharma,Indian,67.0,26.0,210.22,67.0,0,0,97.91648699882833,2,1,0
IPL26-198,Aman Rao Perala,Indian,71.0,26.0,0.0,71.0,0,0,73.70497367512696,3,1,0
IPL26-199,Vignesh Puthur,Indian,73.0,25.0,0.0,73.0,0,0,30.941404797927056,0,0,0
IPL26-200,Virat Kohli,Indian,100.0,37.0,0.0,100.0,0,0,90.07819854565903,3,1,1
IPL26-201,Rajat Patidar,Indian,75.0,33.0,0.0,75.0,0,0,59.7034993067093,2,1,0
IPL26-202,Phil Salt,English,75.0,47.0,0.0,75.0,1,0,68.59873397906537,4,0,0
IPL26-203,Josh Hazlewood,Australian,79.0,35.0,0.0,79.0,1,0,31.25320517781602,3,2,0
IPL26-204,Yash Dayal,Indian,68.0,28.0,485.16,68.0,0,0,95.05865570911595,4,0,0
IPL26-205,Krunal Pandya,Indian,,35.0,0.0,50.0,0,0,1.2796270864957364,0,0,0
IPL26-206,Bhuvneshwar Kumar,Indian,98.0,36.0,0.0,98.0,0,0,88.69216402382396,4,0,1
IPL26-207,Tim David,Singaporean,74.0,26.0,0.0,74.0,1,0,60.19822235728402,4,2,0
IPL26-208,Romario Shepherd,West Indian,,31.0,0.0,50.0,0,0,35.32508259160573,1,0,0
IPL26-209,Nuwan Thushara,Sri Lankan,68.0,31.0,0.0,68.0,1,0,48.789555100164264,1,1,0
IPL26-210,Swapnil Singh,Indian,66.0,35.0,131.12,66.0,0,0,95.13525110341668,5,2,0
IPL26-211,Jacob Bethell,English,64.0,20.0,0.0,64.0,1,1,34.846863837804726,1,1,0
IPL26-212,Devdutt Padikkal,Indian,73.0,25.0,0.0,73.0,0,0,53.136875193559376,4,2,0
IPL26-213,Suyash Sharma,Indian,64.0,26.0,369.66,64.0,0,0,94.89797718083882,2,2,0
IPL26-214,Rasikh Dar,Indian,71.0,26.0,0.0,71.0,0,0,52.854140243189875,4,0,0
IPL26-215,Jitesh Sharma,Indian,56.0,32.0,0.0,56.0,0,0,21.98101854942794,2,0,0
IPL26-216,Abhinandan Singh,Indian,59.0,26.0,38.42,59.0,0,0,95.66638512685773,2,1,0
IPL26-217,Venkatesh Iyer,Indian,,35.0,0.0,50.0,0,0,51.857778583383336,1,0,0
IPL26-218,Jordan Cox,English,80.0,34.0,0.0,80.0,1,0,69.35094265537134,3,0,0
IPL26-219,Mangesh Yadav,Indian,65.0,26.0,0.0,65.0,0,0,34.91069473934556,0,0,0
IPL26-220,Vicky Kanhaiya Ostwal,Indian,74.0,26.0,0.0,74.0,0,0,63.65328312641418,1,0,0
IPL26-221,Kanishk Chouhan,Indian,50.0,26.0,0.0,50.0,0,0,16.49194563143982,1,2,0
IPL26-222,Vihaan Malhotra,Indian,50.0,19.0,0.0,50.0,0,1,44.488158319145306,3,2,0
IPL26-223,Satvik Deswal,Indian,77.0,26.0,0.0,77.0,0,0,76.21176247107667,0,0,0
IPL26-224,Yash Raj Punja,Indian,68.0,26.0,128.95,68.0,0,0,95.76543835841511,4,1,0
IPL26-225,Pat Cummins,Australian,,33.0,0.0,50.0,1,0,26.28899628023727,5,1,0
IPL26-226,Heinrich Klaasen,South African,80.0,97.0,0.0,80.0,1,0,70.66408937027502,5,1,0
IPL26-227,Travis Head,Australian,75.0,32.0,0.0,75.0,1,0,64.43215572734952,4,2,0
IPL26-228,Abhishek Sharma,Indian,,26.0,1410.48,50.0,0,0,100.0,1,1,0
IPL26-229,Nitish Kumar Reddy,Indian,,23.0,0.0,50.0,0,1,32.53869468924416,0,0,0
IPL26-230,Ishan Kishan,Indian,78.0,27.0,1062.44,78.0,0,0,98.2057679154354,1,0,0
IPL26-231,Harshal Patel,Indian,88.0,35.0,0.0,88.0,0,0,96.73503699887006,2,1,1
IPL26-232,Jaydev Unadkat,Indian,81.0,33.0,0.0,81.0,0,0,57.98493431707837,1,1,0
IPL26-233,Zeeshan Ansari,Indian,59.0,26.0,99.75,59.0,0,0,100.0,1,2,0
IPL26-234,Brydon Carse,English,72.0,30.0,0.0,72.0,1,0,44.48227189933753,4,2,0
IPL26-235,Kamindu Mendis,Sri Lankan,65.0,27.0,0.0,65.0,1,0,31.619706734263257,4,2,0
IPL26-236,Harsh Dubey,Indian,70.0,23.0,174.77,70.0,0,1,100.0,4,2,0
IPL26-237,Aniket Verma,Indian,66.0,24.0,403.65,66.0,0,0,99.77522706613809,5,2,0
IPL26-238,Eshan Malinga,Sri Lankan,74.0,25.0,0.0,74.0,1,0,36.67617744174456,2,2,0
IPL26-239,Smaran Ravichandaran,Indian,73.0,26.0,0.0,73.0,0,0,52.005481565636806,4,1,0
IPL26-240,Liam Livingstone,English,,32.0,0.0,50.0,1,0,38.862728843515,0,0,0
IPL26-241,Salil Arora,Indian,68.0,23.0,31.36,68.0,0,1,100.0,5,2,0
IPL26-242,Jack Edwards,Australian,,97.0,0.0,50.0,1,0,36.8369402776713,3,0,0
IPL26-243,Shivam Mavi,Indian,64.0,27.0,0.0,64.0,0,0,63.079500365286854,0,0,0
IPL26-244,Amit Kumar,Indian,56.0,26.0,0.0,56.0,0,0,38.28935211521351,0,0,0
IPL26-245,Onkar Tarmale,Indian,,26.0,0.0,50.0,0,0,56.122410265703934,4,1,0
IPL26-246,Sakib Hussain,Indian,71.0,21.0,221.1,71.0,0,1,100.0,3,2,0
IPL26-247,Praful Hinge,Indian,70.0,26.0,0.0,70.0,0,0,44.91339479701198,3,2,0
IPL26-248,Shivang Kumar,Indian,63.0,26.0,185.9,63.0,0,0,100.0,5,2,0
IPL26-249,Krains Fuletra,Indian,55.0,26.0,0.0,55.0,0,0,71.09931301063972,3,0,0
IPL26-250,Jake Fraser-McGurk,Australian,71.0,23.0,0.0,71.0,1,1,62.13407192921942,2,2,0
IPL26-251,Devon Conway,New Zealander,76.0,26.0,0.0,76.0,1,0,46.02776578709802,4,0,0
IPL26-252,Gus Atkinson,English,80.0,28.0,0.0,80.0,1,0,49.19208813257997,3,1,0
IPL26-253,Jamie Smith,English,71.0,37.0,0.0,71.0,1,0,62.340882748554314,5,2,0
IPL26-254,Deepak Hooda,Indian,,31.0,0.0,50.0,0,0,31.968629136785804,2,0,0
IPL26-255,Wiaan Mulder,South African,50.0,28.0,0.0,50.0,1,0,40.213105760749265,1,0,0
IPL26-256,Rahmanullah Gurbaz,Afghan,67.0,24.0,183.09,67.0,1,0,98.27303422664977,1,2,0
IPL26-257,Jonny Bairstow,English,75.0,36.0,0.0,75.0,1,0,60.72407057917509,2,1,0
IPL26-258,K.S. Bharat,Indian,67.0,26.0,0.0,67.0,0,0,47.23898496239006,5,1,0
IPL26-259,Gerald Coetzee,South African,67.0,25.0,0.0,67.0,1,0,25.25435915076266,2,1,0
IPL26-260,Spencer Johnson,Australian,57.0,38.0,0.0,57.0,1,0,20.9360764816848,4,0,0
IPL26-261,Fazalhaq Farooqi,Afghan,63.0,25.0,34.22,63.0,1,0,100.0,4,0,0
IPL26-262,Maheesh Theekshana,Sri Lankan,71.0,25.0,0.0,71.0,1,0,42.22726780731909,1,0,0
IPL26-263,Mujeeb Ur Rahman,Afghan,67.0,25.0,8.29,67.0,1,0,78.80141894697269,3,0,0
IPL26-264,Aarya Desai,Indian,55.0,23.0,0.0,55.0,0,1,47.66191438396068,5,1,0
IPL26-265,Yash Dhull,Indian,55.0,23.0,0.0,55.0,0,1,37.21902358657428,1,2,0
IPL26-266,Abhinav Manohar,Indian,62.0,31.0,0.0,62.0,0,0,18.828686166093906,3,0,0
IPL26-267,Anmolpreet Singh,Indian,63.0,28.0,4.93,63.0,0,0,71.28476577436494,3,0,0
IPL26-268,Atharva Taide,Indian,68.0,26.0,59.39,68.0,0,0,99.86681677777418,4,1,0
IPL26-269,Mahipal Lomror,Indian,65.0,26.0,0.0,65.0,0,0,44.656531589829314,0,0,0
IPL26-270,Vijay Shankar,Indian,,35.0,0.0,50.0,0,0,38.63915102682433,0,0,0
IPL26-271,Tanush Kotian,Indian,61.0,27.0,18.32,61.0,0,0,96.25608205677992,2,1,0
IPL26-272,Kamlesh Nagarkoti,Indian,57.0,26.0,0.0,57.0,0,0,24.515180604586895,4,1,0
IPL26-273,Ruchit Ahir,Indian,74.0,26.0,0.0,74.0,0,0,62.206103433238766,3,2,0
IPL26-274,Sanvir Singh,Indian,60.0,29.0,20.67,60.0,0,0,99.81702068718724,5,0,0
IPL26-275,Vansh Bedi,Indian,50.0,23.0,0.0,50.0,0,1,32.653016396488724,0,0,0
IPL26-276,Raj Limbani,Indian,75.0,26.0,0.0,75.0,0,0,39.318702469543645,3,1,0
IPL26-277,Simarjeet Singh,Indian,65.0,28.0,87.74,65.0,0,0,100.0,0,0,0
IPL26-278,Akash Madhwal,Indian,68.0,32.0,143.34,68.0,0,0,99.66496429028246,0,0,0
IPL26-279,Karn Sharma,Indian,80.0,38.0,0.0,80.0,0,0,62.50993929797468,0,0,0
IPL26-280,Sean Abbott,Australian,54.0,34.0,0.0,54.0,1,0,43.16682934831262,5,1,0
IPL26-281,Michael Bracewell,New Zealander,,35.0,0.0,50.0,1,0,44.82943110343182,4,1,0
IPL26-282,Daryl Mitchell,New Zealander,67.0,60.0,0.0,67.0,1,0,70.53748162169708,5,2,0
IPL26-283,Dasun Shanaka,Sri Lankan,62.0,34.0,0.0,62.0,1,0,25.39067577619319,1,2,0
IPL26-284,Chetan Sakariya,Indian,70.0,27.0,0.0,70.0,0,0,28.66864492183143,3,0,0
IPL26-285,Waqar Salamkheil,Afghan,72.0,29.0,0.0,72.0,1,0,52.73973901703951,4,1,0
IPL26-286,Taskin Ahmed,Bangladeshi,80.0,31.0,0.0,80.0,1,0,67.05448991848631,4,0,0
IPL26-287,Alzarri Joseph,West Indian,68.0,29.0,0.0,68.0,0,0,53.74918790739199,4,0,0
IPL26-288,Riley Meredith,Australian,69.0,29.0,0.0,69.0,1,0,99.08403040889037,4,0,0
IPL26-289,Jhye Richardson,Australian,58.0,29.0,0.0,58.0,1,0,49.81916496365908,5,0,0
IPL26-290,Daniel Lawrence,English,79.0,26.0,0.0,79.0,1,0,77.61216409709577,4,1,0
IPL26-291,Murugan Ashwin,Indian,72.0,35.0,0.0,72.0,0,0,67.83817260468881,2,0,0
IPL26-292,William Sutherland,Australian,,163.0,0.0,50.0,1,0,47.001842097063935,3,1,0
IPL26-293,Kartikeya Singh,Indian,79.0,26.0,0.0,79.0,0,0,47.32650355952942,4,1,0
IPL26-294,Shivam Shukla,Indian,63.0,26.0,0.0,63.0,0,0,54.904232478143506,3,2,0
IPL26-295,Wahidullah Zadran,Afghan,62.0,26.0,0.0,62.0,1,0,27.512359042200153,2,1,0
IPL26-296,KC Cariappa,Indian,59.0,32.0,0.0,59.0,0,0,42.62489982809663,2,2,0
IPL26-297,Sediqullah Atal,Afghan,64.0,24.0,14.99,64.0,1,0,88.95324197088328,3,1,0
IPL26-298,Nathan Smith,New Zealander,53.0,263.0,0.0,53.0,1,0,14.892138853998441,0,0,0
IPL26-299,Manan Vohra,Indian,68.0,32.0,0.0,68.0,0,0,50.75129357253509,1,1,0
IPL26-300,Jacob Duffy,New Zealander,67.0,25.0,0.0,67.0,1,0,87.35136129672335,0,0,0
IPL26-001,MS Dhoni,Indian,76.0,44.0,492.22,76.0,0,0,100.0,4,0,0
IPL26-002,Ruturaj Gaikwad,Indian,79.0,29.0,0.0,79.0,0,0,62.44580832857994,5,1,0
IPL26-003,Sanju Samson,Indian,85.0,31.0,0.0,85.0,0,0,70.45814409244014,1,2,1
IPL26-004,Shivam Dube,Indian,,32.0,0.0,50.0,0,0,33.55798432853934,1,2,0
IPL26-005,Ayush Mhatre,Indian,73.0,18.0,0.0,73.0,0,1,82.3828687938371,5,0,0
IPL26-006,Dewald Brevis,South African,68.0,23.0,0.0,68.0,1,1,38.99155812735924,0,0,0
IPL26-007,Urvil Patel,Indian,69.0,27.0,268.05,69.0,0,0,98.24087913831389,3,1,0
IPL26-008,Noor Ahmad,Afghan,76.0,21.0,701.28,76.0,1,1,100.0,1,1,1
IPL26-009,Nathan Ellis,Australian,71.0,26.0,0.0,71.0,1,0,40.15690649128147,5,2,0
IPL26-010,Shreyas Gopal,Indian,76.0,32.0,0.0,76.0,0,0,87.0333092203147,5,2,0
IPL26-011,Khaleel Ahmed,Indian,80.0,119.0,0.0,80.0,0,0,69.72180178028705,2,0,0
IPL26-012,Ramakrishna Ghosh,Indian,55.0,28.0,0.0,55.0,0,0,28.644264889367168,3,2,0
IPL26-013,Mukesh Choudhary,Indian,68.0,30.0,140.19,68.0,0,0,100.0,4,1,0
IPL26-014,Jamie Overton,English,,32.0,0.0,50.0,1,0,34.17277392795372,0,0,0
IPL26-015,Gurjapneet Singh,Indian,58.0,27.0,99.53,58.0,0,0,100.0,4,0,0
IPL26-016,Anshul Kamboj,Indian,,31.0,0.0,50.0,0,0,31.251402462274918,3,1,0
IPL26-017,Prashant Veer,Indian,73.0,20.0,0.0,73.0,0,1,42.736158709798254,3,1,0
IPL26-018,Kartik Sharma,Indian,70.0,26.0,292.84,70.0,0,0,100.0,3,1,0
IPL26-019,Rahul Chahar,Indian,78.0,26.0,0.0,78.0,0,0,52.8265411022825,4,1,0
IPL26-020,Akeal Hosein,West Indian,71.0,33.0,0.0,71.0,0,0,24.24879830410587,3,0,0
IPL26-021,Matt Henry,New Zealander,54.0,47.0,0.0,54.0,1,0,1.9832399337854651,5,0,0
IPL26-022,Matthew Short,Australian,64.0,338.0,0.0,64.0,1,0,40.27852980406636,4,2,0
IPL26-023,Sarfaraz Khan,Indian,67.0,326.0,0.0,67.0,0,0,36.10981343709466,3,1,0
IPL26-024,Zak Foulkes,English,81.0,24.0,0.0,81.0,1,0,76.10060996688533,5,2,0
IPL26-025,Aman Khan,Indian,64.0,77.0,0.0,64.0,0,0,37.486053781944335,2,0,0
IPL26-026,KL Rahul,Indian,87.0,34.0,1380.75,87.0,0,0,99.17114401199272,3,0,0
IPL26-027,Axar Patel,Indian,,32.0,0.0,50.0,0,0,3.406707043476424,4,0,0
IPL26-028,Kuldeep Yadav,Indian,77.0,26.0,718.52,77.0,0,0,100.0,1,0,0
IPL26-029,T. Natarajan,Indian,75.0,26.0,0.0,75.0,0,0,76.68107448189585,3,0,0
IPL26-030,Mitchell Starc,Australian,80.0,36.0,0.0,80.0,1,0,64.36913071568048,1,0,0
IPL26-031,Tristan Stubbs,South African,77.0,25.0,0.0,77.0,1,0,47.18101885323996,5,0,0
IPL26-032,Mukesh Kumar,Indian,67.0,26.0,521.18,67.0,0,0,100.0,2,1,0
IPL26-033,Nitish Rana,Indian,76.0,32.0,0.0,76.0,0,0,37.28873024485716,0,0,0
IPL26-034,Abishek Porel,Indian,69.0,23.0,743.92,69.0,0,1,95.93493939139813,2,0,0
IPL26-035,Ashutosh Sharma,Indian,72.0,65.0,869.41,72.0,0,0,100.0,3,1,0
IPL26-036,Sameer Rizvi,Indian,71.0,22.0,503.63,71.0,0,1,100.0,1,1,0
IPL26-037,Karun Nair,Indian,70.0,34.0,0.0,70.0,0,0,42.4059935886407,1,2,0
IPL26-038,Dushmantha Chameera,Sri Lankan,61.0,34.0,0.0,61.0,1,0,33.83923692492378,4,0,0
IPL26-039,Vipraj Nigam,Indian,,21.0,0.0,50.0,0,1,11.265861156929928,1,2,0
IPL26-040,Ajay Mandal,Indian,,26.0,0.0,50.0,0,0,40.83244554039577,4,0,0
IPL26-041,Madhav Tiwari,Indian,70.0,22.0,0.0,70.0,0,1,43.4737433223548,5,1,0
IPL26-042,Tripurana Vijay,Indian,50.0,24.0,0.0,50.0,0,0,24.842058598923984,0,0,0
IPL26-043,Auqib Nabi Dar,Indian,,26.0,0.0,50.0,0,0,27.515979971016225,3,1,0
IPL26-044,Pathum Nissanka,Sri Lankan,69.0,28.0,0.0,69.0,1,0,80.48070197179554,4,1,0
IPL26-045,David Miller,South African,80.0,116.0,0.0,80.0,1,0,63.879237408622714,0,0,0
IPL26-046,Ben Duckett,English,84.0,31.0,0.0,84.0,1,0,46.081162605757484,1,0,0
IPL26-047,Lungi Ngidi,South African,77.0,30.0,0.0,77.0,1,0,66.80125527281734,1,0,0
IPL26-048,Kyle Jamieson,New Zealander,,26.0,0.0,50.0,1,0,3.187546647019561,0,0,0
IPL26-049,Prithvi Shaw,Indian,72.0,26.0,0.0,72.0,0,0,53.835995145385056,1,0,0
IPL26-050,Sahil Parakh,Indian,61.0,26.0,0.0,61.0,0,0,16.281908410794006,5,1,0
IPL26-051,Shubman Gill,Indian,84.0,26.0,1502.36,84.0,0,0,98.97953351492207,5,0,0
IPL26-052,Rashid Khan,Afghan,,26.0,1036.91,50.0,1,0,100.0,0,0,0
IPL26-053,Jos Buttler,English,86.0,35.0,0.0,86.0,1,0,51.63320604978994,4,2,0
IPL26-054,Kagiso Rabada,South African,89.0,31.0,0.0,89.0,1,0,73.81708349703001,4,0,0
IPL26-055,Mohammed Siraj,Indian,79.0,32.0,835.35,79.0,0,0,100.0,0,0,0
IPL26-056,Sai Sudharsan,Indian,83.0,24.0,1572.25,83.0,0,0,93.21088768981222,4,0,0
IPL26-057,Prasidh Krishna,Indian,77.0,30.0,571.61,77.0,0,0,98.38717607949012,4,1,0
IPL26-058,Washington Sundar,Indian,,26.0,670.48,50.0,0,0,100.0,5,2,0
IPL26-059,Rahul Tewatia,Indian,,33.0,0.0,50.0,0,0,41.59598460541162,4,0,0
IPL26-060,Shahrukh Khan,Indian,66.0,60.0,378.48,66.0,0,0,100.0,2,1,0
IPL26-061,R. Sai Kishore,Indian,75.0,26.0,0.0,75.0,0,0,53.95494606465482,3,2,0
IPL26-062,Glenn Phillips,New Zealander,61.0,52.0,0.0,61.0,1,0,40.43501302484909,1,2,0
IPL26-063,Jayant Yadav,Indian,61.0,36.0,0.0,61.0,0,0,34.57005237840133,2,0,0
IPL26-064,Anuj Rawat,Indian,66.0,26.0,109.12,66.0,0,0,100.0,4,0,0
IPL26-065,Kumar Kushagra,Indian,56.0,21.0,18.97,56.0,0,1,100.0,5,0,0
IPL26-066,Gurnoor Singh Brar,Indian,65.0,26.0,0.0,65.0,0,0,25.83450062299309,0,0,0
IPL26-067,Nishant Sindhu,Indian,61.0,22.0,0.0,61.0,0,1,35.41159759281952,4,0,0
IPL26-068,Manav Suthar,Indian,58.0,23.0,0.0,58.0,0,1,31.024553492991554,5,2,0
IPL26-069,Ishant Sharma,Indian,78.0,37.0,0.0,78.0,0,0,72.90419155496535,3,2,0
IPL26-070,Arshad Khan,Indian,64.0,26.0,357.1,64.0,0,0,91.20903496362014,4,0,0
IPL26-071,Jason Holder,West Indian,,41.0,0.0,50.0,0,0,38.346529019349745,0,0,0
IPL26-072,Tom Banton,English,58.0,27.0,0.0,58.0,1,0,12.415318130759777,5,2,0
IPL26-073,Ashok Sharma,Indian,64.0,26.0,94.13,64.0,0,0,99.66042631218734,5,1,0
IPL26-074,Luke Wood,English,50.0,26.0,0.0,50.0,1,0,33.907172513650195,5,0,0
IPL26-075,Prithvi Raj,Indian,73.0,26.0,0.0,73.0,0,0,47.0393679870363,3,0,0
IPL26-076,Sunil Narine,West Indian,,37.0,0.0,50.0,0,0,18.664989337921035,4,2,0
IPL26-077,Varun Chakravarthy,Indian,85.0,34.0,0.0,85.0,0,0,71.53497513979649,3,0,0
IPL26-078,Rinku Singh,Indian,74.0,37.0,0.0,74.0,0,0,70.6629372410601,1,1,0
IPL26-079,Harshit Rana,Indian,73.0,24.0,541.9,73.0,0,0,100.0,1,2,0
IPL26-080,Angkrish Raghuvanshi,Indian,73.0,22.0,0.0,73.0,0,1,63.116362214812085,4,0,0
IPL26-081,Ramandeep Singh,Indian,,26.0,355.97,50.0,0,0,97.99632215406305,3,2,0
IPL26-082,Ajinkya Rahane,Indian,84.0,38.0,0.0,84.0,0,0,50.38862839533608,0,0,0
IPL26-083,Rovman Powell,West Indian,67.0,32.0,0.0,67.0,0,0,42.385880899115705,5,0,0
IPL26-084,Vaibhav Arora,Indian,73.0,28.0,0.0,73.0,0,0,57.32802412312462,5,0,0
IPL26-085,Manish Pandey,Indian,79.0,26.0,0.0,79.0,0,0,76.93178290511736,4,1,0
IPL26-086,Anukul Roy,Indian,69.0,27.0,0.0,69.0,0,0,33.5505513538016,1,1,0
IPL26-087,Umran Malik,Indian,65.0,26.0,0.0,65.0,0,0,34.83992935834216,1,2,0
IPL26-088,Cameron Green,Australian,,26.0,0.0,50.0,1,0,14.372822386177466,5,0,0
IPL26-089,Matheesha Pathirana,Sri Lankan,77.0,24.0,0.0,77.0,1,0,36.043471399651,4,0,0
IPL26-090,Mustafizur Rahman,Bangladeshi,77.0,30.0,258.07,77.0,1,0,100.0,3,1,0
IPL26-091,Tejasvi Singh,Indian,78.0,26.0,0.0,78.0,0,0,76.03689209885573,1,0,0
IPL26-092,Finn Allen,New Zealander,74.0,27.0,0.0,74.0,1,0,75.51233631067689,3,1,0
IPL26-093,Rachin Ravindra,New Zealander,67.0,26.0,0.0,67.0,1,0,40.559973594924095,1,0,0
IPL26-094,Tim Seifert,New Zealander,58.0,24.0,0.0,58.0,1,0,58.32596104951566,1,2,0
IPL26-095,Akash Deep,Indian,58.0,26.0,74.49,58.0,0,0,100.0,2,0,0
IPL26-096,Rahul Tripathi,Indian,73.0,26.0,0.0,73.0,0,0,50.98986051307892,1,0,0
IPL26-097,Prashant Solanki,Indian,75.0,26.0,0.0,75.0,0,0,38.33060544059722,0,0,0
IPL26-098,Kartik Tyagi,Indian,71.0,25.0,267.17,71.0,0,0,100.0,4,0,0
IPL26-099,Sarthak Ranjan,Indian,59.0,29.0,0.0,59.0,0,0,51.17661364893236,4,0,0
IPL26-100,Daksh Kamra,Indian,50.0,26.0,0.0,50.0,0,0,40.48483278650831,3,1,0
IPL26-101,Rishabh Pant,Indian,82.0,28.0,0.0,82.0,0,0,54.67365493706134,1,2,0
IPL26-102,Nicholas Pooran,West Indian,77.0,30.0,0.0,77.0,0,0,86.17393231531838,0,0,0
IPL26-103,Mayank Yadav,Indian,63.0,26.0,0.0,63.0,0,0,3.611360496688594,3,1,0
IPL26-104,Mohammed Shami,Indian,77.0,36.0,366.12,77.0,0,0,100.0,2,1,0
IPL26-105,Mohsin Khan,Indian,75.0,38.0,341.0,75.0,0,0,99.69023626950951,3,1,0
IPL26-106,Ayush Badoni,Indian,70.0,26.0,0.0,70.0,0,0,65.60100001598438,3,1,0
IPL26-107,Avesh Khan,Indian,73.0,29.0,614.92,73.0,0,0,100.0,1,1,0
IPL26-108,Abdul Samad,Indian,66.0,54.0,652.13,66.0,0,0,97.81195871621517,2,2,0
IPL26-109,Mitchell Marsh,Australian,,34.0,0.0,50.0,1,0,36.599425173146614,3,2,0
IPL26-110,Aiden Markram,South African,,31.0,0.0,50.0,1,0,26.525162823140217,0,0,0
IPL26-111,Shahbaz Ahmed,Indian,,57.0,458.64,50.0,0,0,100.0,0,0,0
IPL26-112,Matthew Breetzke,South African,61.0,27.0,0.0,61.0,1,0,43.16365127283637,4,1,0
IPL26-113,Digvesh Rathi,Indian,65.0,26.0,0.0,65.0,0,0,12.754681813237543,2,0,0
IPL26-114,Himmat Singh,Indian,66.0,29.0,101.92,66.0,0,0,100.0,2,1,0
IPL26-115,Arshin Kulkarni,Indian,56.0,26.0,0.0,56.0,0,0,34.47976295622565,4,1,0
IPL26-116,Manimaran Siddharth,Indian,68.0,27.0,0.0,68.0,0,0,51.58144535081544,3,2,0
IPL26-117,Akash Singh,Indian,67.0,39.0,96.39,67.0,0,0,100.0,2,0,0
IPL26-118,Arjun Tendulkar,Indian,64.0,26.0,32.51,64.0,0,0,93.39588113060522,0,0,0
IPL26-119,Prince Yadav,Indian,52.0,24.0,347.54,52.0,0,0,100.0,0,0,0
IPL26-120,Josh Inglis,Australian,74.0,31.0,0.0,74.0,1,0,75.27266188280561,1,2,0
IPL26-121,Akshat Raghuwanshi,Indian,59.0,22.0,22.82,59.0,0,1,93.65992896308312,2,2,0
IPL26-122,Mukul Choudhary,Indian,71.0,21.0,0.0,71.0,0,1,52.75565346818311,3,2,0
IPL26-123,Wanindu Hasaranga,Sri Lankan,76.0,28.0,0.0,76.0,1,0,41.55675789123823,4,0,0
IPL26-124,Anrich Nortje,South African,76.0,32.0,0.0,76.0,1,0,49.68986719551009,4,0,0
IPL26-125,Naman Tiwari,Indian,76.0,26.0,0.0,76.0,0,0,73.31948547272843,3,1,0
IPL26-126,Rohit Sharma,Indian,54.0,39.0,0.0,54.0,0,0,44.85212928319599,5,1,0
IPL26-127,Jasprit Bumrah,Indian,95.0,32.0,0.0,95.0,0,0,68.55246976210223,1,2,1
IPL26-128,Suryakumar Yadav,Indian,84.0,35.0,0.0,84.0,0,0,68.46243445505016,4,2,0
IPL26-129,Hardik Pandya,Indian,,32.0,0.0,50.0,0,0,32.551125856890565,2,2,0
IPL26-130,Tilak Varma,Indian,76.0,23.0,1185.21,76.0,0,1,97.90342227334139,1,1,1
IPL26-131,Trent Boult,New Zealander,87.0,36.0,0.0,87.0,1,0,82.77473323981596,2,1,1
IPL26-132,Deepak Chahar,Indian,80.0,26.0,0.0,80.0,0,0,57.609951320624006,0,0,0
IPL26-133,Naman Dhir,Indian,71.0,26.0,863.67,71.0,0,0,100.0,1,1,0
IPL26-134,Will Jacks,English,,27.0,0.0,50.0,1,0,26.11829999152517,4,1,0
IPL26-135,Robin Minz,Indian,55.0,23.0,0.0,55.0,0,1,32.81083186604934,1,1,0
IPL26-136,Ryan Rickelton,South African,73.0,29.0,0.0,73.0,1,0,35.09767903756415,1,1,0
IPL26-137,Shardul Thakur,Indian,,34.0,0.0,50.0,0,0,29.052433641125013,1,2,0
IPL26-138,Sherfane Rutherford,West Indian,67.0,27.0,0.0,67.0,0,0,51.12444263877683,5,2,0
IPL26-139,Mayank Markande,Indian,72.0,28.0,0.0,72.0,0,0,64.88934014629949,1,2,0
IPL26-140,Allah Ghazanfar,Afghan,70.0,26.0,0.0,70.0,1,0,52.54529792453213,2,2,0
IPL26-141,Corbin Bosch,South African,,31.0,0.0,50.0,1,0,6.252261073437786,0,0,0
IPL26-142,Mitchell Santner,New Zealander,,34.0,0.0,50.0,1,0,20.674280677931506,3,0,0
IPL26-143,Ashwani Kumar,Indian,73.0,97.0,180.0,73.0,0,0,96.81737138412198,1,1,0
IPL26-144,Raj Angad Bawa,Indian,62.0,23.0,0.0,62.0,0,1,41.190882003408746,4,0,0
IPL26-145,Raghu Sharma,Indian,59.0,67.0,37.39,59.0,0,0,100.0,1,2,0
IPL26-146,Quinton de Kock,South African,79.0,33.0,0.0,79.0,1,0,49.876676184076004,4,1,0
IPL26-147,Atharva Ankolekar,Indian,,25.0,0.0,50.0,0,0,28.366526074353956,2,2,0
IPL26-148,Mohammad Izhar,Indian,76.0,68.0,0.0,76.0,0,0,59.839986064054216,4,1,0
IPL26-149,Danish Malewar,Indian,52.0,26.0,0.0,52.0,0,0,61.939654246075584,3,2,0
IPL26-150,Mayank Rawat,Indian,56.0,26.0,0.0,56.0,0,0,34.51805859199654,0,0,0
IPL26-151,Shreyas Iyer,Indian,83.0,31.0,0.0,83.0,0,0,57.18442812478527,4,0,0
IPL26-152,Arshdeep Singh,Indian,78.0,21.0,828.89,78.0,0,1,100.0,4,0,1
IPL26-153,Yuzvendra Chahal,Indian,100.0,35.0,0.0,100.0,0,0,73.85424791169694,0,0,1
IPL26-154,Marco Jansen,South African,,26.0,0.0,50.0,1,0,0.0,3,0,0
IPL26-155,Prabhsimran Singh,Indian,74.0,25.0,0.0,74.0,0,0,56.8840791214082,1,1,0
IPL26-156,Harpreet Brar,Indian,,30.0,492.23,50.0,0,0,100.0,4,0,0
IPL26-157,Shashank Singh,Indian,73.0,26.0,1092.28,73.0,0,0,100.0,0,0,0
IPL26-158,Azmatullah Omarzai,Afghan,,26.0,458.76,50.0,1,0,94.03144506169586,2,1,0
IPL26-159,Nehal Wadhera,Indian,68.0,25.0,0.0,68.0,0,0,47.39672090065764,0,0,0
IPL26-160,Xavier Bartlett,Australian,55.0,27.0,0.0,55.0,1,0,68.55620466215389,2,0,0
IPL26-161,Lockie Ferguson,New Zealander,74.0,35.0,0.0,74.0,1,0,50.92353039092656,3,1,0
IPL26-162,Marcus Stoinis,Australian,,36.0,0.0,50.0,1,0,40.68313249135236,1,0,0
IPL26-163,Mitch Owen,Australian,,22.0,0.0,50.0,1,1,16.79238047407193,0,0,0
IPL26-164,Musheer Khan,Indian,61.0,26.0,9.79,61.0,0,0,96.89305084986253,5,2,0
IPL26-165,Priyansh Arya,Indian,74.0,25.0,912.18,74.0,0,0,97.5797518180649,4,2,0
IPL26-166,Vyshak Vijaykumar,Indian,62.0,26.0,0.0,62.0,0,0,18.186022711228823,3,2,0
IPL26-167,Yash Thakur,Indian,67.0,26.0,223.54,67.0,0,0,100.0,0,0,0
IPL26-168,Pyla Avinash,Indian,63.0,25.0,0.0,63.0,0,0,53.06746285834507,4,2,0
IPL26-169,Harnoor Pannu,Indian,64.0,26.0,0.0,64.0,0,0,48.77952409381999,0,0,0
IPL26-170,Vishnu Vinod,Indian,62.0,32.0,15.19,62.0,0,0,100.0,2,2,0
IPL26-171,Suryansh Shedge,Indian,67.0,23.0,226.14,67.0,0,1,100.0,0,0,0
IPL26-172,Cooper Connolly,Australian,75.0,22.0,0.0,75.0,1,1,66.4849953625859,5,2,0
IPL26-173,Ben Dwarshuis,Australian,56.0,31.0,0.0,56.0,1,0,16.272207583132587,0,0,0
IPL26-174,Praveen Dubey,Indian,59.0,32.0,0.0,59.0,0,0,56.51414420515024,0,0,0
IPL26-175,Vishal Nishad,Indian,51.0,26.0,0.0,51.0,0,0,15.012243794341014,5,0,0
IPL26-176,Yashasvi Jaiswal,Indian,78.0,24.0,0.0,78.0,0,0,67.38504761032102,3,2,0
IPL26-177,Ravindra Jadeja,Indian,,37.0,0.0,50.0,0,0,62.35164050274006,0,0,0
IPL26-178,Riyan Parag,Indian,,24.0,0.0,50.0,0,0,16.707203672605406,5,2,0
IPL26-179,Jofra Archer,English,80.0,31.0,0.0,80.0,1,0,51.31723433833122,4,0,0
IPL26-180,Dhruv Jurel,Indian,73.0,25.0,1059.22,73.0,0,0,100.0,2,1,0
IPL26-181,Shimron Hetmyer,West Indian,72.0,29.0,0.0,72.0,0,0,49.74905415284662,2,0,0
IPL26-182,Sam Curran,English,,114.0,0.0,50.0,1,0,18.128069604080945,0,0,0
IPL26-183,Sandeep Sharma,Indian,77.0,26.0,459.67,77.0,0,0,93.08273240965671,3,2,0
IPL26-184,Vaibhav Suryavanshi,Indian,80.0,15.0,0.0,80.0,0,1,34.04011035537956,3,2,1
IPL26-185,Tushar Deshpande,Indian,72.0,26.0,0.0,72.0,0,0,47.568567248759635,4,0,0
IPL26-186,Shubham Dubey,Indian,72.0,32.0,0.0,72.0,0,0,37.15582183737205,0,0,0
IPL26-187,Yudhvir Charak,Indian,66.0,26.0,0.0,66.0,0,0,53.208623287153436,2,1,0
IPL26-188,Kwena Maphaka,South African,52.0,20.0,0.0,52.0,1,1,12.813258986153071,3,1,0
IPL26-189,Lhuan-Dre Pretorius,South African,57.0,20.0,0.0,57.0,1,1,63.19471287040295,0,0,0
IPL26-190,Nandre Burger,South African,70.0,30.0,0.0,70.0,1,0,45.83526495060581,3,1,0
IPL26-191,Donovan Ferreira,South African,69.0,27.0,0.0,69.0,1,0,45.958269000269986,5,0,0
IPL26-192,Ravi Bishnoi,Indian,74.0,25.0,466.26,74.0,0,0,87.28250908522263,3,1,0
IPL26-193,Adam Milne,New Zealander,59.0,34.0,0.0,59.0,1,0,61.138413113895574,2,0,0
IPL26-194,Ravi Singh,Indian,59.0,26.0,4.35,59.0,0,0,75.4846173453553,1,0,0
IPL26-195,Sushant Mishra,Indian,75.0,25.0,0.0,75.0,0,0,46.31912651943293,4,0,0
IPL26-196,Kuldeep Sen,Indian,70.0,29.0,0.0,70.0,0,0,58.86551694981111,4,1,0
IPL26-197,Brijesh Sharma,Indian,67.0,26.0,210.22,67.0,0,0,100.0,2,1,0
IPL26-198,Aman Rao Perala,Indian,71.0,26.0,0.0,71.0,0,0,71.63347578224185,3,1,0
IPL26-199,Vignesh Puthur,Indian,73.0,25.0,0.0,73.0,0,0,27.576271420632423,0,0,0
IPL26-200,Virat Kohli,Indian,100.0,37.0,0.0,100.0,0,0,84.63691381664538,3,1,1
IPL26-201,Rajat Patidar,Indian,75.0,33.0,0.0,75.0,0,0,55.354316512493654,2,1,0
IPL26-202,Phil Salt,English,75.0,47.0,0.0,75.0,1,0,68.89674733116081,4,0,0
IPL26-203,Josh Hazlewood,Australian,79.0,35.0,0.0,79.0,1,0,27.31180805007522,3,2,0
IPL26-204,Yash Dayal,Indian,68.0,28.0,485.16,68.0,0,0,100.0,4,0,0
IPL26-205,Krunal Pandya,Indian,,35.0,0.0,50.0,0,0,16.91653140424652,0,0,0
IPL26-206,Bhuvneshwar Kumar,Indian,98.0,36.0,0.0,98.0,0,0,86.3006663788983,4,0,1
IPL26-207,Tim David,Singaporean,74.0,26.0,0.0,74.0,1,0,67.09218378865273,4,2,0
IPL26-208,Romario Shepherd,West Indian,,31.0,0.0,50.0,0,0,32.43866581594512,1,0,0
IPL26-209,Nuwan Thushara,Sri Lankan,68.0,31.0,0.0,68.0,1,0,58.209977707393776,1,1,0
IPL26-210,Swapnil Singh,Indian,66.0,35.0,131.12,66.0,0,0,95.60864963163317,5,2,0
IPL26-211,Jacob Bethell,English,64.0,20.0,0.0,64.0,1,1,38.60941227409953,1,1,0
IPL26-212,Devdutt Padikkal,Indian,73.0,25.0,0.0,73.0,0,0,57.64677999855413,4,2,0
IPL26-213,Suyash Sharma,Indian,64.0,26.0,369.66,64.0,0,0,98.90124752078636,2,2,0
IPL26-214,Rasikh Dar,Indian,71.0,26.0,0.0,71.0,0,0,42.52667652415812,4,0,0
IPL26-215,Jitesh Sharma,Indian,56.0,32.0,0.0,56.0,0,0,24.01284485057673,2,0,0
IPL26-216,Abhinandan Singh,Indian,59.0,26.0,38.42,59.0,0,0,100.0,2,1,0
IPL26-217,Venkatesh Iyer,Indian,,35.0,0.0,50.0,0,0,62.13016484327093,1,0,0
IPL26-218,Jordan Cox,English,80.0,34.0,0.0,80.0,1,0,74.91224280917214,3,0,0
IPL26-219,Mangesh Yadav,Indian,65.0,26.0,0.0,65.0,0,0,37.30561104878983,0,0,0
IPL26-220,Vicky Kanhaiya Ostwal,Indian,74.0,26.0,0.0,74.0,0,0,70.07964084512237,1,0,0
IPL26-221,Kanishk Chouhan,Indian,50.0,26.0,0.0,50.0,0,0,12.569323320069206,1,2,0
IPL26-222,Vihaan Malhotra,Indian,50.0,19.0,0.0,50.0,0,1,40.28224860854809,3,2,0
IPL26-223,Satvik Deswal,Indian,77.0,26.0,0.0,77.0,0,0,78.07351104032948,0,0,0
IPL26-224,Yash Raj Punja,Indian,68.0,26.0,128.95,68.0,0,0,100.0,4,1,0
IPL26-225,Pat Cummins,Australian,,33.0,0.0,50.0,1,0,25.83149502168115,5,1,0
IPL26-226,Heinrich Klaasen,South African,80.0,97.0,0.0,80.0,1,0,86.84758903221439,5,1,0
IPL26-227,Travis Head,Australian,75.0,32.0,0.0,75.0,1,0,72.52761487953859,4,2,0
IPL26-228,Abhishek Sharma,Indian,,26.0,1410.48,50.0,0,0,100.0,1,1,0
IPL26-229,Nitish Kumar Reddy,Indian,,23.0,0.0,50.0,0,1,44.970415644631835,0,0,0
IPL26-230,Ishan Kishan,Indian,78.0,27.0,1062.44,78.0,0,0,100.0,1,0,0
IPL26-231,Harshal Patel,Indian,88.0,35.0,0.0,88.0,0,0,100.0,2,1,1
IPL26-232,Jaydev Unadkat,Indian,81.0,33.0,0.0,81.0,0,0,56.58267627368185,1,1,0
IPL26-233,Zeeshan Ansari,Indian,59.0,26.0,99.75,59.0,0,0,97.3366951374562,1,2,0
IPL26-234,Brydon Carse,English,72.0,30.0,0.0,72.0,1,0,36.856852534279284,4,2,0
IPL26-235,Kamindu Mendis,Sri Lankan,65.0,27.0,0.0,65.0,1,0,27.275359888390632,4,2,0
IPL26-236,Harsh Dubey,Indian,70.0,23.0,174.77,70.0,0,1,93.09002338703405,4,2,0
IPL26-237,Aniket Verma,Indian,66.0,24.0,403.65,66.0,0,0,100.0,5,2,0
IPL26-238,Eshan Malinga,Sri Lankan,74.0,25.0,0.0,74.0,1,0,36.76408172007777,2,2,0
IPL26-239,Smaran Ravichandaran,Indian,73.0,26.0,0.0,73.0,0,0,47.92586343811152,4,1,0
IPL26-240,Liam Livingstone,English,,32.0,0.0,50.0,1,0,38.62355741813329,0,0,0
IPL26-241,Salil Arora,Indian,68.0,23.0,31.36,68.0,0,1,100.0,5,2,0
IPL26-242,Jack Edwards,Australian,,97.0,0.0,50.0,1,0,36.298486693118655,3,0,0
IPL26-243,Shivam Mavi,Indian,64.0,27.0,0.0,64.0,0,0,63.233492545000765,0,0,0
IPL26-244,Amit Kumar,Indian,56.0,26.0,0.0,56.0,0,0,40.517677920872586,0,0,0
IPL26-245,Onkar Tarmale,Indian,,26.0,0.0,50.0,0,0,59.397444064623066,4,1,0
IPL26-246,Sakib Hussain,Indian,71.0,21.0,221.1,71.0,0,1,100.0,3,2,0
IPL26-247,Praful Hinge,Indian,70.0,26.0,0.0,70.0,0,0,54.08910045799264,3,2,0
IPL26-248,Shivang Kumar,Indian,63.0,26.0,185.9,63.0,0,0,100.0,5,2,0
IPL26-249,Krains Fuletra,Indian,55.0,26.0,0.0,55.0,0,0,76.64606880432031,3,0,0
IPL26-250,Jake Fraser-McGurk,Australian,71.0,23.0,0.0,71.0,1,1,67.69264124785761,2,2,0
IPL26-251,Devon Conway,New Zealander,76.0,26.0,0.0,76.0,1,0,38.781868257789284,4,0,0
IPL26-252,Gus Atkinson,English,80.0,28.0,0.0,80.0,1,0,54.054615366795694,3,1,0
IPL26-253,Jamie Smith,English,71.0,37.0,0.0,71.0,1,0,56.82658612846135,5,2,0
IPL26-254,Deepak Hooda,Indian,,31.0,0.0,50.0,0,0,20.557518362365627,2,0,0
IPL26-255,Wiaan Mulder,South African,50.0,28.0,0.0,50.0,1,0,43.97751717166069,1,0,0
IPL26-256,Rahmanullah Gurbaz,Afghan,67.0,24.0,183.09,67.0,1,0,98.11339244940869,1,2,0
IPL26-257,Jonny Bairstow,English,75.0,36.0,0.0,75.0,1,0,72.22759982815943,2,1,0
IPL26-258,K.S. Bharat,Indian,67.0,26.0,0.0,67.0,0,0,43.743062216221176,5,1,0
IPL26-259,Gerald Coetzee,South African,67.0,25.0,0.0,67.0,1,0,35.87033881573373,2,1,0
IPL26-260,Spencer Johnson,Australian,57.0,38.0,0.0,57.0,1,0,7.149325052321516,4,0,0
IPL26-261,Fazalhaq Farooqi,Afghan,63.0,25.0,34.22,63.0,1,0,100.0,4,0,0
IPL26-262,Maheesh Theekshana,Sri Lankan,71.0,25.0,0.0,71.0,1,0,40.41532533970016,1,0,0
IPL26-263,Mujeeb Ur Rahman,Afghan,67.0,25.0,8.29,67.0,1,0,94.916623451663,3,0,0
IPL26-264,Aarya Desai,Indian,55.0,23.0,0.0,55.0,0,1,45.70425571632278,5,1,0
IPL26-265,Yash Dhull,Indian,55.0,23.0,0.0,55.0,0,1,27.97673272833906,1,2,0
IPL26-266,Abhinav Manohar,Indian,62.0,31.0,0.0,62.0,0,0,23.969868771039597,3,0,0
IPL26-267,Anmolpreet Singh,Indian,63.0,28.0,4.93,63.0,0,0,75.08214258539218,3,0,0
IPL26-268,Atharva Taide,Indian,68.0,26.0,59.39,68.0,0,0,100.0,4,1,0
IPL26-269,Mahipal Lomror,Indian,65.0,26.0,0.0,65.0,0,0,55.377716746963756,0,0,0
IPL26-270,Vijay Shankar,Indian,,35.0,0.0,50.0,0,0,45.34180774551655,0,0,0
IPL26-271,Tanush Kotian,Indian,61.0,27.0,18.32,61.0,0,0,100.0,2,1,0
IPL26-272,Kamlesh Nagarkoti,Indian,57.0,26.0,0.0,57.0,0,0,25.1352344173126,4,1,0
IPL26-273,Ruchit Ahir,Indian,74.0,26.0,0.0,74.0,0,0,49.16920864160559,3,2,0
IPL26-274,Sanvir Singh,Indian,60.0,29.0,20.67,60.0,0,0,100.0,5,0,0
IPL26-275,Vansh Bedi,Indian,50.0,23.0,0.0,50.0,0,1,31.947831626384662,0,0,0
IPL26-276,Raj Limbani,Indian,75.0,26.0,0.0,75.0,0,0,36.862244234260515,3,1,0
IPL26-277,Simarjeet Singh,Indian,65.0,28.0,87.74,65.0,0,0,100.0,0,0,0
IPL26-278,Akash Madhwal,Indian,68.0,32.0,143.34,68.0,0,0,100.0,0,0,0
IPL26-279,Karn Sharma,Indian,80.0,38.0,0.0,80.0,0,0,61.27479075258083,0,0,0
IPL26-280,Sean Abbott,Australian,54.0,34.0,0.0,54.0,1,0,38.241846124526184,5,1,0
IPL26-281,Michael Bracewell,New Zealander,,35.0,0.0,50.0,1,0,45.54930858874601,4,1,0
IPL26-282,Daryl Mitchell,New Zealander,67.0,60.0,0.0,67.0,1,0,59.73088482698393,5,2,0
IPL26-283,Dasun Shanaka,Sri Lankan,62.0,34.0,0.0,62.0,1,0,13.128693468844318,1,2,0
IPL26-284,Chetan Sakariya,Indian,70.0,27.0,0.0,70.0,0,0,30.9496607196584,3,0,0
IPL26-285,Waqar Salamkheil,Afghan,72.0,29.0,0.0,72.0,1,0,53.563923272942695,4,1,0
IPL26-286,Taskin Ahmed,Bangladeshi,80.0,31.0,0.0,80.0,1,0,73.7490418037739,4,0,0
IPL26-287,Alzarri Joseph,West Indian,68.0,29.0,0.0,68.0,0,0,64.23985032463712,4,0,0
IPL26-288,Riley Meredith,Australian,69.0,29.0,0.0,69.0,1,0,94.52283271352707,4,0,0
IPL26-289,Jhye Richardson,Australian,58.0,29.0,0.0,58.0,1,0,49.29372522608306,5,0,0
IPL26-290,Daniel Lawrence,English,79.0,26.0,0.0,79.0,1,0,80.40106672505773,4,1,0
IPL26-291,Murugan Ashwin,Indian,72.0,35.0,0.0,72.0,0,0,58.848682519098716,2,0,0
IPL26-292,William Sutherland,Australian,,163.0,0.0,50.0,1,0,40.575763505481966,3,1,0
IPL26-293,Kartikeya Singh,Indian,79.0,26.0,0.0,79.0,0,0,66.93854215712744,4,1,0
IPL26-294,Shivam Shukla,Indian,63.0,26.0,0.0,63.0,0,0,57.77027263918717,3,2,0
IPL26-295,Wahidullah Zadran,Afghan,62.0,26.0,0.0,62.0,1,0,29.18111907527377,2,1,0
IPL26-296,KC Cariappa,Indian,59.0,32.0,0.0,59.0,0,0,32.64678827280882,2,2,0
IPL26-297,Sediqullah Atal,Afghan,64.0,24.0,14.99,64.0,1,0,89.88769207639552,3,1,0
IPL26-298,Nathan Smith,New Zealander,53.0,263.0,0.0,53.0,1,0,28.07191506314711,0,0,0
IPL26-299,Manan Vohra,Indian,68.0,32.0,0.0,68.0,0,0,58.967196027066414,1,1,0
IPL26-300,Jacob Duffy,New Zealander,67.0,25.0,0.0,67.0,1,0,77.65215972811302,0,0,0
IPL26-001,MS Dhoni,Indian,76.0,44.0,492.22,76.0,0,0,90.3220766024147,4,0,0
IPL26-002,Ruturaj Gaikwad,Indian,79.0,29.0,0.0,79.0,0,0,63.12959138840237,5,1,0
IPL26-003,Sanju Samson,Indian,85.0,31.0,0.0,85.0,0,0,67.33403421232327,1,2,1
IPL26-004,Shivam Dube,Indian,,32.0,0.0,50.0,0,0,37.57282804739996,1,2,0
IPL26-005,Ayush Mhatre,Indian,73.0,18.0,0.0,73.0,0,1,71.74310738155494,5,0,0
IPL26-006,Dewald Brevis,South African,68.0,23.0,0.0,68.0,1,1,44.583473954439256,0,0,0
IPL26-007,Urvil Patel,Indian,69.0,27.0,268.05,69.0,0,0,100.0,3,1,0
IPL26-008,Noor Ahmad,Afghan,76.0,21.0,701.28,76.0,1,1,93.05804929614153,1,1,1
IPL26-009,Nathan Ellis,Australian,71.0,26.0,0.0,71.0,1,0,46.40152716107818,5,2,0
IPL26-010,Shreyas Gopal,Indian,76.0,32.0,0.0,76.0,0,0,77.20185416299918,5,2,0
IPL26-011,Khaleel Ahmed,Indian,80.0,119.0,0.0,80.0,0,0,68.30699919105321,2,0,0
IPL26-012,Ramakrishna Ghosh,Indian,55.0,28.0,0.0,55.0,0,0,22.87270086401848,3,2,0
IPL26-013,Mukesh Choudhary,Indian,68.0,30.0,140.19,68.0,0,0,100.0,4,1,0
IPL26-014,Jamie Overton,English,,32.0,0.0,50.0,1,0,34.91646600979933,0,0,0
IPL26-015,Gurjapneet Singh,Indian,58.0,27.0,99.53,58.0,0,0,90.02527357093358,4,0,0
IPL26-016,Anshul Kamboj,Indian,,31.0,0.0,50.0,0,0,24.370223717690234,3,1,0
IPL26-017,Prashant Veer,Indian,73.0,20.0,0.0,73.0,0,1,49.640051059812066,3,1,0
IPL26-018,Kartik Sharma,Indian,70.0,26.0,292.84,70.0,0,0,96.01991967392061,3,1,0
IPL26-019,Rahul Chahar,Indian,78.0,26.0,0.0,78.0,0,0,58.83112062457069,4,1,0
IPL26-020,Akeal Hosein,West Indian,71.0,33.0,0.0,71.0,0,0,19.05552772799117,3,0,0
IPL26-021,Matt Henry,New Zealander,54.0,47.0,0.0,54.0,1,0,6.392965705153955,5,0,0
IPL26-022,Matthew Short,Australian,64.0,338.0,0.0,64.0,1,0,41.09993797233452,4,2,0
IPL26-023,Sarfaraz Khan,Indian,67.0,326.0,0.0,67.0,0,0,31.237237333121858,3,1,0
IPL26-024,Zak Foulkes,English,81.0,24.0,0.0,81.0,1,0,69.91167771726514,5,2,0
IPL26-025,Aman Khan,Indian,64.0,77.0,0.0,64.0,0,0,25.535480709448073,2,0,0
IPL26-026,KL Rahul,Indian,87.0,34.0,1380.75,87.0,0,0,98.08154790209508,3,0,0
IPL26-027,Axar Patel,Indian,,32.0,0.0,50.0,0,0,13.58551355920716,4,0,0
IPL26-028,Kuldeep Yadav,Indian,77.0,26.0,718.52,77.0,0,0,95.9719730078687,1,0,0
IPL26-029,T. Natarajan,Indian,75.0,26.0,0.0,75.0,0,0,82.04541383836596,3,0,0
IPL26-030,Mitchell Starc,Australian,80.0,36.0,0.0,80.0,1,0,53.47143503772627,1,0,0
IPL26-031,Tristan Stubbs,South African,77.0,25.0,0.0,77.0,1,0,56.40461049502676,5,0,0
IPL26-032,Mukesh Kumar,Indian,67.0,26.0,521.18,67.0,0,0,100.0,2,1,0
IPL26-033,Nitish Rana,Indian,76.0,32.0,0.0,76.0,0,0,32.44968232096699,0,0,0
IPL26-034,Abishek Porel,Indian,69.0,23.0,743.92,69.0,0,1,100.0,2,0,0
IPL26-035,Ashutosh Sharma,Indian,72.0,65.0,869.41,72.0,0,0,100.0,3,1,0
IPL26-036,Sameer Rizvi,Indian,71.0,22.0,503.63,71.0,0,1,100.0,1,1,0
IPL26-037,Karun Nair,Indian,70.0,34.0,0.0,70.0,0,0,43.10952587657014,1,2,0
IPL26-038,Dushmantha Chameera,Sri Lankan,61.0,34.0,0.0,61.0,1,0,42.38114012573932,4,0,0
IPL26-039,Vipraj Nigam,Indian,,21.0,0.0,50.0,0,1,6.223900293583843,1,2,0
IPL26-040,Ajay Mandal,Indian,,26.0,0.0,50.0,0,0,37.37691692568387,4,0,0
IPL26-041,Madhav Tiwari,Indian,70.0,22.0,0.0,70.0,0,1,37.328077366159654,5,1,0
IPL26-042,Tripurana Vijay,Indian,50.0,24.0,0.0,50.0,0,0,29.50342984011673,0,0,0
IPL26-043,Auqib Nabi Dar,Indian,,26.0,0.0,50.0,0,0,27.834707936307474,3,1,0
IPL26-044,Pathum Nissanka,Sri Lankan,69.0,28.0,0.0,69.0,1,0,67.75638646054898,4,1,0
IPL26-045,David Miller,South African,80.0,116.0,0.0,80.0,1,0,66.66658076606652,0,0,0
IPL26-046,Ben Duckett,English,84.0,31.0,0.0,84.0,1,0,46.07904710632628,1,0,0
IPL26-047,Lungi Ngidi,South African,77.0,30.0,0.0,77.0,1,0,68.68342757062547,1,0,0
IPL26-048,Kyle Jamieson,New Zealander,,26.0,0.0,50.0,1,0,7.125407987872719,0,0,0
IPL26-049,Prithvi Shaw,Indian,72.0,26.0,0.0,72.0,0,0,56.075292570402716,1,0,0
IPL26-050,Sahil Parakh,Indian,61.0,26.0,0.0,61.0,0,0,11.939022557690393,5,1,0
IPL26-051,Shubman Gill,Indian,84.0,26.0,1502.36,84.0,0,0,100.0,5,0,0
IPL26-052,Rashid Khan,Afghan,,26.0,1036.91,50.0,1,0,96.29303361684872,0,0,0
IPL26-053,Jos Buttler,English,86.0,35.0,0.0,86.0,1,0,54.38122127621308,4,2,0
IPL26-054,Kagiso Rabada,South African,89.0,31.0,0.0,89.0,1,0,75.27648896958131,4,0,0
IPL26-055,Mohammed Siraj,Indian,79.0,32.0,835.35,79.0,0,0,100.0,0,0,0
IPL26-056,Sai Sudharsan,Indian,83.0,24.0,1572.25,83.0,0,0,99.09607818052254,4,0,0
IPL26-057,Prasidh Krishna,Indian,77.0,30.0,571.61,77.0,0,0,98.46715276433075,4,1,0
IPL26-058,Washington Sundar,Indian,,26.0,670.48,50.0,0,0,98.79328112796748,5,2,0
IPL26-059,Rahul Tewatia,Indian,,33.0,0.0,50.0,0,0,41.91900848460852,4,0,0
IPL26-060,Shahrukh Khan,Indian,66.0,60.0,378.48,66.0,0,0,98.95500019653134,2,1,0
IPL26-061,R. Sai Kishore,Indian,75.0,26.0,0.0,75.0,0,0,54.367876935312125,3,2,0
IPL26-062,Glenn Phillips,New Zealander,61.0,52.0,0.0,61.0,1,0,40.13757223835991,1,2,0
IPL26-063,Jayant Yadav,Indian,61.0,36.0,0.0,61.0,0,0,32.30200397253373,2,0,0
IPL26-064,Anuj Rawat,Indian,66.0,26.0,109.12,66.0,0,0,100.0,4,0,0
IPL26-065,Kumar Kushagra,Indian,56.0,21.0,18.97,56.0,0,1,98.88466482259629,5,0,0
IPL26-066,Gurnoor Singh Brar,Indian,65.0,26.0,0.0,65.0,0,0,26.305824690647807,0,0,0
IPL26-067,Nishant Sindhu,Indian,61.0,22.0,0.0,61.0,0,1,35.14770792755675,4,0,0
IPL26-068,Manav Suthar,Indian,58.0,23.0,0.0,58.0,0,1,36.03382123732688,5,2,0
IPL26-069,Ishant Sharma,Indian,78.0,37.0,0.0,78.0,0,0,75.44735867354687,3,2,0
IPL26-070,Arshad Khan,Indian,64.0,26.0,357.1,64.0,0,0,100.0,4,0,0
IPL26-071,Jason Holder,West Indian,,41.0,0.0,50.0,0,0,33.54051921293475,0,0,0
IPL26-072,Tom Banton,English,58.0,27.0,0.0,58.0,1,0,14.942596111975728,5,2,0
IPL26-073,Ashok Sharma,Indian,64.0,26.0,94.13,64.0,0,0,100.0,5,1,0
IPL26-074,Luke Wood,English,50.0,26.0,0.0,50.0,1,0,27.02461377329928,5,0,0
IPL26-075,Prithvi Raj,Indian,73.0,26.0,0.0,73.0,0,0,49.115501771791564,3,0,0
IPL26-076,Sunil Narine,West Indian,,37.0,0.0,50.0,0,0,26.686819033954954,4,2,0
IPL26-077,Varun Chakravarthy,Indian,85.0,34.0,0.0,85.0,0,0,72.3936928595891,3,0,0
IPL26-078,Rinku Singh,Indian,74.0,37.0,0.0,74.0,0,0,66.59225795676987,1,1,0
IPL26-079,Harshit Rana,Indian,73.0,24.0,541.9,73.0,0,0,97.9006826945684,1,2,0
IPL26-080,Angkrish Raghuvanshi,Indian,73.0,22.0,0.0,73.0,0,1,59.444821822597355,4,0,0
IPL26-081,Ramandeep Singh,Indian,,26.0,355.97,50.0,0,0,100.0,3,2,0
IPL26-082,Ajinkya Rahane,Indian,84.0,38.0,0.0,84.0,0,0,51.561564352146675,0,0,0
IPL26-083,Rovman Powell,West Indian,67.0,32.0,0.0,67.0,0,0,43.346948526618284,5,0,0
IPL26-084,Vaibhav Arora,Indian,73.0,28.0,0.0,73.0,0,0,60.04883457714247,5,0,0
IPL26-085,Manish Pandey,Indian,79.0,26.0,0.0,79.0,0,0,69.64320989592801,4,1,0
IPL26-086,Anukul Roy,Indian,69.0,27.0,0.0,69.0,0,0,43.17838242743087,1,1,0
IPL26-087,Umran Malik,Indian,65.0,26.0,0.0,65.0,0,0,44.43110864962139,1,2,0
IPL26-088,Cameron Green,Australian,,26.0,0.0,50.0,1,0,10.963016735824416,5,0,0
IPL26-089,Matheesha Pathirana,Sri Lankan,77.0,24.0,0.0,77.0,1,0,41.15749063004981,4,0,0
IPL26-090,Mustafizur Rahman,Bangladeshi,77.0,30.0,258.07,77.0,1,0,100.0,3,1,0
IPL26-091,Tejasvi Singh,Indian,78.0,26.0,0.0,78.0,0,0,67.03193848869607,1,0,0
IPL26-092,Finn Allen,New Zealander,74.0,27.0,0.0,74.0,1,0,75.75754391098073,3,1,0
IPL26-093,Rachin Ravindra,New Zealander,67.0,26.0,0.0,67.0,1,0,44.466294459528896,1,0,0
IPL26-094,Tim Seifert,New Zealander,58.0,24.0,0.0,58.0,1,0,56.5383198384523,1,2,0
IPL26-095,Akash Deep,Indian,58.0,26.0,74.49,58.0,0,0,98.80416809965482,2,0,0
IPL26-096,Rahul Tripathi,Indian,73.0,26.0,0.0,73.0,0,0,51.97571246688921,1,0,0
IPL26-097,Prashant Solanki,Indian,75.0,26.0,0.0,75.0,0,0,46.65813860856139,0,0,0
IPL26-098,Kartik Tyagi,Indian,71.0,25.0,267.17,71.0,0,0,100.0,4,0,0
IPL26-099,Sarthak Ranjan,Indian,59.0,29.0,0.0,59.0,0,0,39.015248518637904,4,0,0
IPL26-100,Daksh Kamra,Indian,50.0,26.0,0.0,50.0,0,0,56.823229074166065,3,1,0
IPL26-101,Rishabh Pant,Indian,82.0,28.0,0.0,82.0,0,0,64.95371359402812,1,2,0
IPL26-102,Nicholas Pooran,West Indian,77.0,30.0,0.0,77.0,0,0,76.11975387483555,0,0,0
IPL26-103,Mayank Yadav,Indian,63.0,26.0,0.0,63.0,0,0,0.40569193335427745,3,1,0
IPL26-104,Mohammed Shami,Indian,77.0,36.0,366.12,77.0,0,0,99.28996193485237,2,1,0
IPL26-105,Mohsin Khan,Indian,75.0,38.0,341.0,75.0,0,0,96.20573934481182,3,1,0
IPL26-106,Ayush Badoni,Indian,70.0,26.0,0.0,70.0,0,0,65.53052349018675,3,1,0
IPL26-107,Avesh Khan,Indian,73.0,29.0,614.92,73.0,0,0,100.0,1,1,0
IPL26-108,Abdul Samad,Indian,66.0,54.0,652.13,66.0,0,0,94.53221427055882,2,2,0
IPL26-109,Mitchell Marsh,Australian,,34.0,0.0,50.0,1,0,27.193351459326117,3,2,0
IPL26-110,Aiden Markram,South African,,31.0,0.0,50.0,1,0,31.453485628843993,0,0,0
IPL26-111,Shahbaz Ahmed,Indian,,57.0,458.64,50.0,0,0,100.0,0,0,0
IPL26-112,Matthew Breetzke,South African,61.0,27.0,0.0,61.0,1,0,45.07005652829508,4,1,0
IPL26-113,Digvesh Rathi,Indian,65.0,26.0,0.0,65.0,0,0,14.130090005235038,2,0,0
IPL26-114,Himmat Singh,Indian,66.0,29.0,101.92,66.0,0,0,97.80018543796712,2,1,0
IPL26-115,Arshin Kulkarni,Indian,56.0,26.0,0.0,56.0,0,0,35.45341877399235,4,1,0
IPL26-116,Manimaran Siddharth,Indian,68.0,27.0,0.0,68.0,0,0,53.73629124397363,3,2,0
IPL26-117,Akash Singh,Indian,67.0,39.0,96.39,67.0,0,0,91.94964276292812,2,0,0
IPL26-118,Arjun Tendulkar,Indian,64.0,26.0,32.51,64.0,0,0,100.0,0,0,0
IPL26-119,Prince Yadav,Indian,52.0,24.0,347.54,52.0,0,0,100.0,0,0,0
IPL26-120,Josh Inglis,Australian,74.0,31.0,0.0,74.0,1,0,79.85467333583873,1,2,0
IPL26-121,Akshat Raghuwanshi,Indian,59.0,22.0,22.82,59.0,0,1,94.54194402685896,2,2,0
IPL26-122,Mukul Choudhary,Indian,71.0,21.0,0.0,71.0,0,1,40.04181447727859,3,2,0
IPL26-123,Wanindu Hasaranga,Sri Lankan,76.0,28.0,0.0,76.0,1,0,34.58399664981363,4,0,0
IPL26-124,Anrich Nortje,South African,76.0,32.0,0.0,76.0,1,0,56.45388680320973,4,0,0
IPL26-125,Naman Tiwari,Indian,76.0,26.0,0.0,76.0,0,0,67.94733894923597,3,1,0
IPL26-126,Rohit Sharma,Indian,54.0,39.0,0.0,54.0,0,0,50.59771325314418,5,1,0
IPL26-127,Jasprit Bumrah,Indian,95.0,32.0,0.0,95.0,0,0,76.82974709803331,1,2,1
IPL26-128,Suryakumar Yadav,Indian,84.0,35.0,0.0,84.0,0,0,67.18187941485562,4,2,0
IPL26-129,Hardik Pandya,Indian,,32.0,0.0,50.0,0,0,27.914824543205537,2,2,0
IPL26-130,Tilak Varma,Indian,76.0,23.0,1185.21,76.0,0,1,100.0,1,1,1
IPL26-131,Trent Boult,New Zealander,87.0,36.0,0.0,87.0,1,0,72.75696433866199,2,1,1
IPL26-132,Deepak Chahar,Indian,80.0,26.0,0.0,80.0,0,0,47.27790800494691,0,0,0
IPL26-133,Naman Dhir,Indian,71.0,26.0,863.67,71.0,0,0,97.30920499396636,1,1,0
IPL26-134,Will Jacks,English,,27.0,0.0,50.0,1,0,34.340897510767014,4,1,0
IPL26-135,Robin Minz,Indian,55.0,23.0,0.0,55.0,0,1,29.923467130539915,1,1,0
IPL26-136,Ryan Rickelton,South African,73.0,29.0,0.0,73.0,1,0,29.62344089033224,1,1,0
IPL26-137,Shardul Thakur,Indian,,34.0,0.0,50.0,0,0,31.284380492542134,1,2,0
IPL26-138,Sherfane Rutherford,West Indian,67.0,27.0,0.0,67.0,0,0,55.38607706932231,5,2,0
IPL26-139,Mayank Markande,Indian,72.0,28.0,0.0,72.0,0,0,49.59314772998487,1,2,0
IPL26-140,Allah Ghazanfar,Afghan,70.0,26.0,0.0,70.0,1,0,46.229778127560294,2,2,0
IPL26-141,Corbin Bosch,South African,,31.0,0.0,50.0,1,0,5.573821256883964,0,0,0
IPL26-142,Mitchell Santner,New Zealander,,34.0,0.0,50.0,1,0,16.102634498442644,3,0,0
IPL26-143,Ashwani Kumar,Indian,73.0,97.0,180.0,73.0,0,0,95.01982436148668,1,1,0
IPL26-144,Raj Angad Bawa,Indian,62.0,23.0,0.0,62.0,0,1,34.349423715274995,4,0,0
IPL26-145,Raghu Sharma,Indian,59.0,67.0,37.39,59.0,0,0,98.68372584868186,1,2,0
IPL26-146,Quinton de Kock,South African,79.0,33.0,0.0,79.0,1,0,45.86872133205818,4,1,0
IPL26-147,Atharva Ankolekar,Indian,,25.0,0.0,50.0,0,0,27.136115822416055,2,2,0
IPL26-148,Mohammad Izhar,Indian,76.0,68.0,0.0,76.0,0,0,59.61732470146303,4,1,0
IPL26-149,Danish Malewar,Indian,52.0,26.0,0.0,52.0,0,0,67.03842025899998,3,2,0
IPL26-150,Mayank Rawat,Indian,56.0,26.0,0.0,56.0,0,0,43.358587791762496,0,0,0
IPL26-151,Shreyas Iyer,Indian,83.0,31.0,0.0,83.0,0,0,66.18770952488727,4,0,0
IPL26-152,Arshdeep Singh,Indian,78.0,21.0,828.89,78.0,0,1,100.0,4,0,1
IPL26-153,Yuzvendra Chahal,Indian,100.0,35.0,0.0,100.0,0,0,77.02287005624272,0,0,1
IPL26-154,Marco Jansen,South African,,26.0,0.0,50.0,1,0,0.0,3,0,0
IPL26-155,Prabhsimran Singh,Indian,74.0,25.0,0.0,74.0,0,0,53.70475693289187,1,1,0
IPL26-156,Harpreet Brar,Indian,,30.0,492.23,50.0,0,0,100.0,4,0,0
IPL26-157,Shashank Singh,Indian,73.0,26.0,1092.28,73.0,0,0,91.93669120979887,0,0,0
IPL26-158,Azmatullah Omarzai,Afghan,,26.0,458.76,50.0,1,0,100.0,2,1,0
IPL26-159,Nehal Wadhera,Indian,68.0,25.0,0.0,68.0,0,0,47.500569759391354,0,0,0
IPL26-160,Xavier Bartlett,Australian,55.0,27.0,0.0,55.0,1,0,73.6383002904526,2,0,0
IPL26-161,Lockie Ferguson,New Zealander,74.0,35.0,0.0,74.0,1,0,49.86259229143273,3,1,0
IPL26-162,Marcus Stoinis,Australian,,36.0,0.0,50.0,1,0,40.77798250613843,1,0,0
IPL26-163,Mitch Owen,Australian,,22.0,0.0,50.0,1,1,30.610467557341785,0,0,0
IPL26-164,Musheer Khan,Indian,61.0,26.0,9.79,61.0,0,0,100.0,5,2,0
IPL26-165,Priyansh Arya,Indian,74.0,25.0,912.18,74.0,0,0,100.0,4,2,0
IPL26-166,Vyshak Vijaykumar,Indian,62.0,26.0,0.0,62.0,0,0,18.872050805264966,3,2,0
IPL26-167,Yash Thakur,Indian,67.0,26.0,223.54,67.0,0,0,96.30491564989426,0,0,0
IPL26-168,Pyla Avinash,Indian,63.0,25.0,0.0,63.0,0,0,62.40039563135659,4,2,0
IPL26-169,Harnoor Pannu,Indian,64.0,26.0,0.0,64.0,0,0,53.45130907151075,0,0,0
IPL26-170,Vishnu Vinod,Indian,62.0,32.0,15.19,62.0,0,0,98.80696615371852,2,2,0
IPL26-171,Suryansh Shedge,Indian,67.0,23.0,226.14,67.0,0,1,100.0,0,0,0
IPL26-172,Cooper Connolly,Australian,75.0,22.0,0.0,75.0,1,1,65.31364731468534,5,2,0
IPL26-173,Ben Dwarshuis,Australian,56.0,31.0,0.0,56.0,1,0,17.514541436836005,0,0,0
IPL26-174,Praveen Dubey,Indian,59.0,32.0,0.0,59.0,0,0,55.87291465586351,0,0,0
IPL26-175,Vishal Nishad,Indian,51.0,26.0,0.0,51.0,0,0,20.884016564079293,5,0,0
IPL26-176,Yashasvi Jaiswal,Indian,78.0,24.0,0.0,78.0,0,0,65.91175900507787,3,2,0
IPL26-177,Ravindra Jadeja,Indian,,37.0,0.0,50.0,0,0,56.035595611060124,0,0,0
IPL26-178,Riyan Parag,Indian,,24.0,0.0,50.0,0,0,6.294662146456703,5,2,0
IPL26-179,Jofra Archer,English,80.0,31.0,0.0,80.0,1,0,48.382350842587854,4,0,0
IPL26-180,Dhruv Jurel,Indian,73.0,25.0,1059.22,73.0,0,0,99.01738940286309,2,1,0
IPL26-181,Shimron Hetmyer,West Indian,72.0,29.0,0.0,72.0,0,0,58.24063900845298,2,0,0
IPL26-182,Sam Curran,English,,114.0,0.0,50.0,1,0,26.709591020565846,0,0,0
IPL26-183,Sandeep Sharma,Indian,77.0,26.0,459.67,77.0,0,0,99.96826789463583,3,2,0
IPL26-184,Vaibhav Suryavanshi,Indian,80.0,15.0,0.0,80.0,0,1,34.469205603210064,3,2,1
IPL26-185,Tushar Deshpande,Indian,72.0,26.0,0.0,72.0,0,0,54.72645388919886,4,0,0
IPL26-186,Shubham Dubey,Indian,72.0,32.0,0.0,72.0,0,0,27.321713913426493,0,0,0
IPL26-187,Yudhvir Charak,Indian,66.0,26.0,0.0,66.0,0,0,63.00929092917381,2,1,0
IPL26-188,Kwena Maphaka,South African,52.0,20.0,0.0,52.0,1,1,21.47916446577601,3,1,0
IPL26-189,Lhuan-Dre Pretorius,South African,57.0,20.0,0.0,57.0,1,1,64.58396717390445,0,0,0
IPL26-190,Nandre Burger,South African,70.0,30.0,0.0,70.0,1,0,32.880433705573395,3,1,0
IPL26-191,Donovan Ferreira,South African,69.0,27.0,0.0,69.0,1,0,50.58232046339785,5,0,0
IPL26-192,Ravi Bishnoi,Indian,74.0,25.0,466.26,74.0,0,0,97.69991419486853,3,1,0
IPL26-193,Adam Milne,New Zealander,59.0,34.0,0.0,59.0,1,0,46.43996764645223,2,0,0
IPL26-194,Ravi Singh,Indian,59.0,26.0,4.35,59.0,0,0,71.5541381469689,1,0,0
IPL26-195,Sushant Mishra,Indian,75.0,25.0,0.0,75.0,0,0,36.2242598235488,4,0,0
IPL26-196,Kuldeep Sen,Indian,70.0,29.0,0.0,70.0,0,0,48.01921365650196,4,1,0
IPL26-197,Brijesh Sharma,Indian,67.0,26.0,210.22,67.0,0,0,95.52531323229317,2,1,0
IPL26-198,Aman Rao Perala,Indian,71.0,26.0,0.0,71.0,0,0,65.74098243759617,3,1,0
IPL26-199,Vignesh Puthur,Indian,73.0,25.0,0.0,73.0,0,0,24.069176142297465,0,0,0
IPL26-200,Virat Kohli,Indian,100.0,37.0,0.0,100.0,0,0,80.82901834248656,3,1,1
IPL26-201,Rajat Patidar,Indian,75.0,33.0,0.0,75.0,0,0,51.95331623286406,2,1,0
IPL26-202,Phil Salt,English,75.0,47.0,0.0,75.0,1,0,63.27047058958997,4,0,0
IPL26-203,Josh Hazlewood,Australian,79.0,35.0,0.0,79.0,1,0,45.671412078750116,3,2,0
IPL26-204,Yash Dayal,Indian,68.0,28.0,485.16,68.0,0,0,100.0,4,0,0
IPL26-205,Krunal Pandya,Indian,,35.0,0.0,50.0,0,0,4.943754599272081,0,0,0
IPL26-206,Bhuvneshwar Kumar,Indian,98.0,36.0,0.0,98.0,0,0,90.62014807072464,4,0,1
IPL26-207,Tim David,Singaporean,74.0,26.0,0.0,74.0,1,0,48.622573752817544,4,2,0
IPL26-208,Romario Shepherd,West Indian,,31.0,0.0,50.0,0,0,45.90311436524892,1,0,0
IPL26-209,Nuwan Thushara,Sri Lankan,68.0,31.0,0.0,68.0,1,0,59.698289103132595,1,1,0
IPL26-210,Swapnil Singh,Indian,66.0,35.0,131.12,66.0,0,0,97.20134043929947,5,2,0
IPL26-211,Jacob Bethell,English,64.0,20.0,0.0,64.0,1,1,35.71176198499819,1,1,0
IPL26-212,Devdutt Padikkal,Indian,73.0,25.0,0.0,73.0,0,0,49.47920881686941,4,2,0
IPL26-213,Suyash Sharma,Indian,64.0,26.0,369.66,64.0,0,0,100.0,2,2,0
IPL26-214,Rasikh Dar,Indian,71.0,26.0,0.0,71.0,0,0,54.47777193696788,4,0,0
IPL26-215,Jitesh Sharma,Indian,56.0,32.0,0.0,56.0,0,0,21.110911782642503,2,0,0
IPL26-216,Abhinandan Singh,Indian,59.0,26.0,38.42,59.0,0,0,97.65721256837071,2,1,0
IPL26-217,Venkatesh Iyer,Indian,,35.0,0.0,50.0,0,0,55.15168028812421,1,0,0
IPL26-218,Jordan Cox,English,80.0,34.0,0.0,80.0,1,0,61.448810217088635,3,0,0
IPL26-219,Mangesh Yadav,Indian,65.0,26.0,0.0,65.0,0,0,22.839711312476958,0,0,0
IPL26-220,Vicky Kanhaiya Ostwal,Indian,74.0,26.0,0.0,74.0,0,0,56.63908199950888,1,0,0
IPL26-221,Kanishk Chouhan,Indian,50.0,26.0,0.0,50.0,0,0,19.666428774393268,1,2,0
IPL26-222,Vihaan Malhotra,Indian,50.0,19.0,0.0,50.0,0,1,37.14570532385544,3,2,0
IPL26-223,Satvik Deswal,Indian,77.0,26.0,0.0,77.0,0,0,68.26882932726029,0,0,0
IPL26-224,Yash Raj Punja,Indian,68.0,26.0,128.95,68.0,0,0,100.0,4,1,0
IPL26-225,Pat Cummins,Australian,,33.0,0.0,50.0,1,0,19.537866996420995,5,1,0
IPL26-226,Heinrich Klaasen,South African,80.0,97.0,0.0,80.0,1,0,78.47314721840962,5,1,0
IPL26-227,Travis Head,Australian,75.0,32.0,0.0,75.0,1,0,65.77213002503075,4,2,0
IPL26-228,Abhishek Sharma,Indian,,26.0,1410.48,50.0,0,0,100.0,1,1,0
IPL26-229,Nitish Kumar Reddy,Indian,,23.0,0.0,50.0,0,1,41.550703566451425,0,0,0
IPL26-230,Ishan Kishan,Indian,78.0,27.0,1062.44,78.0,0,0,92.71196160502247,1,0,0
IPL26-231,Harshal Patel,Indian,88.0,35.0,0.0,88.0,0,0,97.80708374361983,2,1,1
IPL26-232,Jaydev Unadkat,Indian,81.0,33.0,0.0,81.0,0,0,53.97415514555786,1,1,0
IPL26-233,Zeeshan Ansari,Indian,59.0,26.0,99.75,59.0,0,0,95.2124735834223,1,2,0
IPL26-234,Brydon Carse,English,72.0,30.0,0.0,72.0,1,0,41.193583395723856,4,2,0
IPL26-235,Kamindu Mendis,Sri Lankan,65.0,27.0,0.0,65.0,1,0,35.9860472206651,4,2,0
IPL26-236,Harsh Dubey,Indian,70.0,23.0,174.77,70.0,0,1,95.82002579201858,4,2,0
IPL26-237,Aniket Verma,Indian,66.0,24.0,403.65,66.0,0,0,100.0,5,2,0
IPL26-238,Eshan Malinga,Sri Lankan,74.0,25.0,0.0,74.0,1,0,36.81477593050435,2,2,0
IPL26-239,Smaran Ravichandaran,Indian,73.0,26.0,0.0,73.0,0,0,50.62395825216112,4,1,0
IPL26-240,Liam Livingstone,English,,32.0,0.0,50.0,1,0,37.048819031154,0,0,0
IPL26-241,Salil Arora,Indian,68.0,23.0,31.36,68.0,0,1,98.06050395657971,5,2,0
IPL26-242,Jack Edwards,Australian,,97.0,0.0,50.0,1,0,25.2703502952576,3,0,0
IPL26-243,Shivam Mavi,Indian,64.0,27.0,0.0,64.0,0,0,61.04478619448439,0,0,0
IPL26-244,Amit Kumar,Indian,56.0,26.0,0.0,56.0,0,0,33.07770667638847,0,0,0
IPL26-245,Onkar Tarmale,Indian,,26.0,0.0,50.0,0,0,55.527503404328215,4,1,0
IPL26-246,Sakib Hussain,Indian,71.0,21.0,221.1,71.0,0,1,93.6792793248617,3,2,0
IPL26-247,Praful Hinge,Indian,70.0,26.0,0.0,70.0,0,0,40.5629645909486,3,2,0
IPL26-248,Shivang Kumar,Indian,63.0,26.0,185.9,63.0,0,0,100.0,5,2,0
IPL26-249,Krains Fuletra,Indian,55.0,26.0,0.0,55.0,0,0,77.50507796255441,3,0,0
IPL26-250,Jake Fraser-McGurk,Australian,71.0,23.0,0.0,71.0,1,1,58.19208166305171,2,2,0
IPL26-251,Devon Conway,New Zealander,76.0,26.0,0.0,76.0,1,0,44.91779464460995,4,0,0
IPL26-252,Gus Atkinson,English,80.0,28.0,0.0,80.0,1,0,39.16641685136153,3,1,0
IPL26-253,Jamie Smith,English,71.0,37.0,0.0,71.0,1,0,58.78838181609233,5,2,0
IPL26-254,Deepak Hooda,Indian,,31.0,0.0,50.0,0,0,27.290827837062565,2,0,0
IPL26-255,Wiaan Mulder,South African,50.0,28.0,0.0,50.0,1,0,38.84109938542624,1,0,0
IPL26-256,Rahmanullah Gurbaz,Afghan,67.0,24.0,183.09,67.0,1,0,95.82357147204621,1,2,0
IPL26-257,Jonny Bairstow,English,75.0,36.0,0.0,75.0,1,0,62.44980725967714,2,1,0
IPL26-258,K.S. Bharat,Indian,67.0,26.0,0.0,67.0,0,0,45.63266059364242,5,1,0
IPL26-259,Gerald Coetzee,South African,67.0,25.0,0.0,67.0,1,0,31.968983834375877,2,1,0
IPL26-260,Spencer Johnson,Australian,57.0,38.0,0.0,57.0,1,0,9.108219278808281,4,0,0
IPL26-261,Fazalhaq Farooqi,Afghan,63.0,25.0,34.22,63.0,1,0,100.0,4,0,0
IPL26-262,Maheesh Theekshana,Sri Lankan,71.0,25.0,0.0,71.0,1,0,41.98566389481166,1,0,0
IPL26-263,Mujeeb Ur Rahman,Afghan,67.0,25.0,8.29,67.0,1,0,86.27671189781532,3,0,0
IPL26-264,Aarya Desai,Indian,55.0,23.0,0.0,55.0,0,1,48.06363096864265,5,1,0
IPL26-265,Yash Dhull,Indian,55.0,23.0,0.0,55.0,0,1,46.25293352222999,1,2,0
IPL26-266,Abhinav Manohar,Indian,62.0,31.0,0.0,62.0,0,0,21.47977998978479,3,0,0
IPL26-267,Anmolpreet Singh,Indian,63.0,28.0,4.93,63.0,0,0,82.13888270621013,3,0,0
IPL26-268,Atharva Taide,Indian,68.0,26.0,59.39,68.0,0,0,100.0,4,1,0
IPL26-269,Mahipal Lomror,Indian,65.0,26.0,0.0,65.0,0,0,42.83061937587936,0,0,0
IPL26-270,Vijay Shankar,Indian,,35.0,0.0,50.0,0,0,35.82498173692738,0,0,0
IPL26-271,Tanush Kotian,Indian,61.0,27.0,18.32,61.0,0,0,100.0,2,1,0
IPL26-272,Kamlesh Nagarkoti,Indian,57.0,26.0,0.0,57.0,0,0,23.136738649937787,4,1,0
IPL26-273,Ruchit Ahir,Indian,74.0,26.0,0.0,74.0,0,0,56.489937318009915,3,2,0
IPL26-274,Sanvir Singh,Indian,60.0,29.0,20.67,60.0,0,0,91.64997262812554,5,0,0
IPL26-275,Vansh Bedi,Indian,50.0,23.0,0.0,50.0,0,1,28.21482127509166,0,0,0
IPL26-276,Raj Limbani,Indian,75.0,26.0,0.0,75.0,0,0,40.633388955885344,3,1,0
IPL26-277,Simarjeet Singh,Indian,65.0,28.0,87.74,65.0,0,0,100.0,0,0,0
IPL26-278,Akash Madhwal,Indian,68.0,32.0,143.34,68.0,0,0,99.01996583264155,0,0,0
IPL26-279,Karn Sharma,Indian,80.0,38.0,0.0,80.0,0,0,57.053678793967464,0,0,0
IPL26-280,Sean Abbott,Australian,54.0,34.0,0.0,54.0,1,0,35.385521941656975,5,1,0
IPL26-281,Michael Bracewell,New Zealander,,35.0,0.0,50.0,1,0,46.066820217937675,4,1,0
IPL26-282,Daryl Mitchell,New Zealander,67.0,60.0,0.0,67.0,1,0,68.69306477078479,5,2,0
IPL26-283,Dasun Shanaka,Sri Lankan,62.0,34.0,0.0,62.0,1,0,24.52172789502061,1,2,0
IPL26-284,Chetan Sakariya,Indian,70.0,27.0,0.0,70.0,0,0,38.23390371882379,3,0,0
IPL26-285,Waqar Salamkheil,Afghan,72.0,29.0,0.0,72.0,1,0,66.27125094271788,4,1,0
IPL26-286,Taskin Ahmed,Bangladeshi,80.0,31.0,0.0,80.0,1,0,64.10564382608838,4,0,0
IPL26-287,Alzarri Joseph,West Indian,68.0,29.0,0.0,68.0,0,0,55.82118889437855,4,0,0
IPL26-288,Riley Meredith,Australian,69.0,29.0,0.0,69.0,1,0,97.39808939898802,4,0,0
IPL26-289,Jhye Richardson,Australian,58.0,29.0,0.0,58.0,1,0,45.20607898313714,5,0,0
IPL26-290,Daniel Lawrence,English,79.0,26.0,0.0,79.0,1,0,71.00213783108155,4,1,0
IPL26-291,Murugan Ashwin,Indian,72.0,35.0,0.0,72.0,0,0,64.59014609522906,2,0,0
IPL26-292,William Sutherland,Australian,,163.0,0.0,50.0,1,0,39.63229093835997,3,1,0
IPL26-293,Kartikeya Singh,Indian,79.0,26.0,0.0,79.0,0,0,52.413603831087066,4,1,0
IPL26-294,Shivam Shukla,Indian,63.0,26.0,0.0,63.0,0,0,53.57923079233,3,2,0
IPL26-295,Wahidullah Zadran,Afghan,62.0,26.0,0.0,62.0,1,0,32.432824499122354,2,1,0
IPL26-296,KC Cariappa,Indian,59.0,32.0,0.0,59.0,0,0,41.641199744221865,2,2,0
IPL26-297,Sediqullah Atal,Afghan,64.0,24.0,14.99,64.0,1,0,100.0,3,1,0
IPL26-298,Nathan Smith,New Zealander,53.0,263.0,0.0,53.0,1,0,29.52665561954841,0,0,0
IPL26-299,Manan Vohra,Indian,68.0,32.0,0.0,68.0,0,0,42.92820469860326,1,1,0
IPL26-300,Jacob Duffy,New Zealander,67.0,25.0,0.0,67.0,1,0,79.91782857225336,0,0,0
