id,name,role,nationality,basePrice,dynamicRating,age,form_runs,form_wickets,impact_total,overall_rating,is_overseas,is_uncapped,form_score,current_retained_count,current_overseas_retained_count,retain_decision
IPL26-001,MS Dhoni,WICKET_KEEPER,Indian,2.0,76.0,44.0,150.0,0.0,492.22,76.0,0,1,100.0,4,0,0
IPL26-002,Ruturaj Gaikwad,BATSMAN,Indian,2.0,79.0,29.0,0.0,0.0,0.0,79.0,0,1,66.45071229516849,5,1,0
IPL26-003,Sanju Samson,WICKET_KEEPER,Indian,2.0,85.0,31.0,0.0,0.0,0.0,85.0,0,1,62.92603548243223,1,2,1
IPL26-004,Shivam Dube,ALL_ROUNDER,Indian,2.0,,32.0,0.0,0.0,0.0,50.0,0,1,39.715328071510385,1,2,0
IPL26-005,Ayush Mhatre,BATSMAN,Indian,0.25,73.0,18.0,0.0,0.0,0.0,73.0,0,1,75.84544784612038,5,0,0
IPL26-006,Dewald Brevis,BATSMAN,South African,1.0,68.0,23.0,0.0,0.0,0.0,68.0,1,1,44.48769937914996,0,0,0
IPL26-007,Urvil Patel,WICKET_KEEPER,Indian,0.25,69.0,27.0,197.0,0.0,268.05,69.0,0,1,100.0,3,1,0
IPL26-008,Noor Ahmad,BOWLER,Afghan,1.5,76.0,21.0,0.0,12.0,701.28,76.0,1,1,100.0,1,1,1
IPL26-009,Nathan Ellis,BOWLER,Australian,1.0,71.0,26.0,0.0,0.0,0.0,71.0,1,1,47.487945645762295,5,2,0
IPL26-010,Shreyas Gopal,BOWLER,Indian,2.0,76.0,32.0,0.0,0.0,0.0,76.0,0,1,79.68819223261087,5,2,0
IPL26-011,Khaleel Ahmed,BOWLER,Indian,2.0,80.0,26.0,0.0,0.0,0.0,80.0,0,1,71.51152093729362,2,0,0
IPL26-012,Ramakrishna Ghosh,BOWLER,Indian,0.25,55.0,28.0,0.0,0.0,0.0,55.0,0,1,27.95788421097572,3,2,0
IPL26-013,Mukesh Choudhary,BOWLER,Indian,1.5,68.0,30.0,0.0,9.0,140.19,68.0,0,1,100.0,4,1,0
IPL26-014,Jamie Overton,ALL_ROUNDER,English,1.0,,32.0,0.0,0.0,0.0,50.0,1,1,38.13840065378947,0,0,0
IPL26-015,Gurjapneet Singh,BOWLER,Indian,0.5,58.0,27.0,0.0,4.0,99.53,58.0,0,1,100.0,4,0,0
IPL26-016,Anshul Kamboj,ALL_ROUNDER,Indian,0.5,,31.0,0.0,0.0,0.0,50.0,0,1,23.048734607813067,3,1,0
IPL26-017,Prashant Veer,BATSMAN,Indian,0.25,73.0,20.0,0.0,0.0,0.0,73.0,0,1,46.01405369644615,3,1,0
IPL26-018,Kartik Sharma,WICKET_KEEPER,Indian,0.25,70.0,26.0,277.0,0.0,292.84,70.0,0,1,100.0,3,1,0
IPL26-019,Rahul Chahar,BOWLER,Indian,2.0,78.0,26.0,0.0,0.0,0.0,78.0,0,1,61.629434073490515,4,1,0
IPL26-020,Akeal Hosein,BOWLER,West Indian,1.0,71.0,33.0,0.0,0.0,0.0,71.0,1,1,22.300796330133032,3,0,0
IPL26-021,Matt Henry,BOWLER,New Zealander,1.0,54.0,47.0,0.0,0.0,0.0,54.0,1,1,8.126232512304508,5,0,0
IPL26-022,Matthew Short,BATSMAN,Australian,1.0,64.0,26.0,0.0,0.0,0.0,64.0,1,1,35.56568706138541,4,2,0
IPL26-023,Sarfaraz Khan,BATSMAN,Indian,1.0,67.0,26.0,0.0,0.0,0.0,67.0,0,1,31.80753319498364,3,1,0
IPL26-024,Zak Foulkes,BOWLER,English,1.0,81.0,24.0,0.0,0.0,0.0,81.0,1,1,65.71370998892911,5,2,0
IPL26-025,Aman Khan,BOWLER,Indian,0.25,64.0,26.0,24.0,6.0,0.0,64.0,0,1,30.37963886718184,2,0,0
IPL26-026,KL Rahul,WICKET_KEEPER,Indian,2.0,87.0,34.0,482.0,0.0,1380.75,87.0,0,1,100.0,3,0,0
IPL26-027,Axar Patel,ALL_ROUNDER,Indian,2.0,,32.0,0.0,0.0,0.0,50.0,0,1,8.815444479970626,4,0,0
IPL26-028,Kuldeep Yadav,BOWLER,Indian,2.0,77.0,26.0,0.0,8.0,718.52,77.0,0,1,100.0,1,0,0
IPL26-029,T. Natarajan,BOWLER,Indian,2.0,75.0,26.0,0.0,0.0,0.0,75.0,0,1,76.98473153382331,3,0,0
IPL26-030,Mitchell Starc,BOWLER,Australian,1.5,80.0,36.0,0.0,0.0,0.0,80.0,1,1,56.61335549270196,1,0,0
IPL26-031,Tristan Stubbs,WICKET_KEEPER,South African,1.5,77.0,25.0,0.0,0.0,0.0,77.0,1,1,58.012923070318855,5,0,0
IPL26-032,Mukesh Kumar,BOWLER,Indian,1.5,67.0,26.0,0.0,6.0,521.18,67.0,0,1,100.0,2,1,0
IPL26-033,Nitish Rana,BATSMAN,Indian,2.0,76.0,32.0,0.0,0.0,0.0,76.0,0,1,34.62877720679815,0,0,0
IPL26-034,Abishek Porel,WICKET_KEEPER,Indian,1.0,69.0,23.0,235.0,0.0,743.92,69.0,0,1,100.0,2,0,0
IPL26-035,Ashutosh Sharma,BATSMAN,Indian,0.5,72.0,26.0,230.0,0.0,869.41,72.0,0,1,100.0,3,1,0
IPL26-036,Sameer Rizvi,BATSMAN,Indian,0.5,71.0,22.0,310.0,0.0,503.63,71.0,0,1,100.0,1,1,0
IPL26-037,Karun Nair,BATSMAN,Indian,1.5,70.0,34.0,0.0,0.0,0.0,70.0,0,1,41.834259132122256,1,2,0
IPL26-038,Dushmantha Chameera,BOWLER,Sri Lankan,1.0,61.0,34.0,0.0,0.0,0.0,61.0,1,1,42.663838845647994,4,0,0
IPL26-039,Vipraj Nigam,ALL_ROUNDER,Indian,0.5,,21.0,0.0,0.0,0.0,50.0,0,1,12.735096338665457,1,2,0
IPL26-040,Ajay Mandal,ALL_ROUNDER,Indian,0.25,,26.0,149.0,10.0,0.0,50.0,0,1,35.63547027518508,4,0,0
IPL26-041,Madhav Tiwari,BOWLER,Indian,0.25,70.0,22.0,0.0,0.0,0.0,70.0,0,1,40.99041965121793,5,1,0
IPL26-042,Tripurana Vijay,BOWLER,Indian,0.25,50.0,24.0,0.0,0.0,0.0,50.0,0,1,25.624593753100847,0,0,0
IPL26-043,Auqib Nabi Dar,ALL_ROUNDER,Indian,0.25,,26.0,0.0,0.0,0.0,50.0,0,1,20.974400816559047,3,1,0
IPL26-044,Pathum Nissanka,BATSMAN,Sri Lankan,1.0,69.0,28.0,0.0,0.0,0.0,69.0,1,1,76.78417276763406,4,1,0
IPL26-045,David Miller,BATSMAN,South African,2.0,80.0,26.0,0.0,0.0,0.0,80.0,1,1,59.79754162893099,0,0,0
IPL26-046,Ben Duckett,BATSMAN,English,1.0,84.0,31.0,0.0,0.0,0.0,84.0,1,1,48.13433606566149,1,0,0
IPL26-047,Lungi Ngidi,BOWLER,South African,1.5,77.0,30.0,0.0,0.0,0.0,77.0,1,1,69.33817368154783,1,0,0
IPL26-048,Kyle Jamieson,ALL_ROUNDER,New Zealander,1.5,,26.0,0.0,0.0,0.0,50.0,1,1,11.687345250434667,0,0,0
IPL26-049,Prithvi Shaw,BATSMAN,Indian,2.0,72.0,26.0,0.0,0.0,0.0,72.0,0,1,55.132953925071334,1,0,0
IPL26-050,Sahil Parakh,BATSMAN,Indian,0.25,61.0,26.0,0.0,0.0,0.0,61.0,0,1,11.604948141803366,5,1,0
IPL26-051,Shubman Gill,BATSMAN,Indian,2.0,84.0,26.0,435.0,0.0,1502.36,84.0,0,1,100.0,5,0,0
IPL26-052,Rashid Khan,ALL_ROUNDER,Afghan,2.0,,26.0,86.0,13.0,1036.91,50.0,1,1,100.0,0,0,0
IPL26-053,Jos Buttler,WICKET_KEEPER,English,2.0,86.0,35.0,0.0,0.0,0.0,86.0,1,1,46.07720926652354,4,2,0
IPL26-054,Kagiso Rabada,BOWLER,South African,2.0,89.0,31.0,0.0,0.0,0.0,89.0,1,1,71.95291853803685,4,0,0
IPL26-055,Mohammed Siraj,BOWLER,Indian,2.0,79.0,32.0,0.0,12.0,835.35,79.0,0,1,100.0,0,0,0
IPL26-056,Sai Sudharsan,BATSMAN,Indian,1.5,83.0,24.0,487.0,0.0,1572.25,83.0,0,1,100.0,4,0,1
IPL26-057,Prasidh Krishna,BOWLER,Indian,2.0,77.0,30.0,0.0,12.0,571.61,77.0,0,1,100.0,4,1,0
IPL26-058,Washington Sundar,ALL_ROUNDER,Indian,2.0,,26.0,240.0,4.0,670.48,50.0,0,1,100.0,5,2,0
IPL26-059,Rahul Tewatia,ALL_ROUNDER,Indian,2.0,,33.0,0.0,0.0,0.0,50.0,0,1,41.07699869993115,4,0,0
IPL26-060,Shahrukh Khan,BATSMAN,Indian,1.5,66.0,26.0,144.0,0.0,378.48,66.0,0,1,100.0,2,1,0
IPL26-061,R. Sai Kishore,BOWLER,Indian,1.5,75.0,26.0,0.0,0.0,0.0,75.0,0,1,57.57052421784956,3,2,0
IPL26-062,Glenn Phillips,BATSMAN,New Zealander,1.5,61.0,26.0,0.0,0.0,0.0,61.0,1,1,39.265275764176394,1,2,0
IPL26-063,Jayant Yadav,BOWLER,Indian,2.0,61.0,36.0,0.0,0.0,0.0,61.0,0,1,36.48344456616067,2,0,0
IPL26-064,Anuj Rawat,WICKET_KEEPER,Indian,0.5,66.0,26.0,282.0,0.0,109.12,66.0,0,1,100.0,4,0,0
IPL26-065,Kumar Kushagra,WICKET_KEEPER,Indian,0.5,56.0,21.0,21.0,0.0,18.97,56.0,0,1,100.0,5,0,0
IPL26-066,Gurnoor Singh Brar,BOWLER,Indian,0.5,65.0,26.0,0.0,0.0,0.0,65.0,0,1,22.822170144488588,0,0,0
IPL26-067,Nishant Sindhu,BATSMAN,Indian,0.5,61.0,22.0,0.0,0.0,0.0,61.0,0,1,30.20233687407937,4,0,0
IPL26-068,Manav Suthar,BOWLER,Indian,0.25,58.0,23.0,0.0,0.0,0.0,58.0,0,1,31.090418435603187,5,2,0
IPL26-069,Ishant Sharma,BOWLER,Indian,1.5,78.0,37.0,0.0,0.0,0.0,78.0,0,1,73.85683339328374,3,2,0
IPL26-070,Arshad Khan,BOWLER,Indian,0.5,64.0,26.0,0.0,9.0,357.1,64.0,0,1,100.0,4,0,0
IPL26-071,Jason Holder,ALL_ROUNDER,West Indian,1.5,,41.0,0.0,0.0,0.0,50.0,1,1,35.15427434352692,0,0,0
IPL26-072,Tom Banton,WICKET_KEEPER,English,1.0,58.0,27.0,0.0,0.0,0.0,58.0,1,1,11.554397669558991,5,2,0
IPL26-073,Ashok Sharma,BOWLER,Indian,0.25,64.0,26.0,0.0,6.0,94.13,64.0,0,1,100.0,5,1,0
IPL26-074,Luke Wood,BOWLER,English,1.0,50.0,26.0,0.0,0.0,0.0,50.0,1,1,34.86125954092192,5,0,0
IPL26-075,Prithvi Raj,BOWLER,Indian,0.25,73.0,26.0,3.0,0.0,0.0,73.0,0,1,47.22376579375525,3,0,0
IPL26-076,Sunil Narine,ALL_ROUNDER,West Indian,2.0,,37.0,0.0,0.0,0.0,50.0,1,1,19.84616999541062,4,2,0
IPL26-077,Varun Chakravarthy,BOWLER,Indian,2.0,85.0,34.0,0.0,0.0,0.0,85.0,0,1,74.17514433261302,3,0,0
IPL26-078,Rinku Singh,BATSMAN,Indian,1.5,74.0,37.0,0.0,0.0,0.0,74.0,0,1,69.46499283743927,1,1,0
IPL26-079,Harshit Rana,BOWLER,Indian,1.0,73.0,24.0,0.0,10.0,541.9,73.0,0,1,100.0,1,2,0
IPL26-080,Angkrish Raghuvanshi,BATSMAN,Indian,0.5,73.0,22.0,0.0,0.0,0.0,73.0,0,1,66.96920178674299,4,0,0
IPL26-081,Ramandeep Singh,ALL_ROUNDER,Indian,1.5,,26.0,100.0,6.0,355.97,50.0,0,1,100.0,3,2,0
IPL26-082,Ajinkya Rahane,BATSMAN,Indian,2.0,84.0,38.0,0.0,0.0,0.0,84.0,0,1,51.41173715166042,0,0,0
IPL26-083,Rovman Powell,BATSMAN,West Indian,1.5,67.0,32.0,0.0,0.0,0.0,67.0,1,1,42.36181436223178,5,0,0
IPL26-084,Vaibhav Arora,BOWLER,Indian,1.5,73.0,28.0,0.0,0.0,0.0,73.0,0,1,57.96895147105346,5,0,0
IPL26-085,Manish Pandey,BATSMAN,Indian,2.0,79.0,26.0,0.0,0.0,0.0,79.0,0,1,73.63317690683539,4,1,0
IPL26-086,Anukul Roy,BOWLER,Indian,0.5,69.0,27.0,0.0,0.0,0.0,69.0,0,1,41.81238643232065,1,1,0
IPL26-087,Umran Malik,BOWLER,Indian,1.5,65.0,26.0,0.0,5.0,0.0,65.0,0,1,42.215115350042744,1,2,0
IPL26-088,Cameron Green,ALL_ROUNDER,Australian,1.0,,26.0,0.0,0.0,0.0,50.0,1,1,13.404975389909577,5,0,0
IPL26-089,Matheesha Pathirana,BOWLER,Sri Lankan,1.5,77.0,24.0,0.0,0.0,0.0,77.0,1,1,39.05690063878994,4,0,1
IPL26-090,Mustafizur Rahman,BOWLER,Bangladeshi,1.5,77.0,30.0,0.0,13.0,258.07,77.0,1,1,100.0,3,1,0
IPL26-091,Tejasvi Singh,BATSMAN,Indian,0.25,78.0,26.0,0.0,0.0,0.0,78.0,0,1,70.18788733591298,1,0,0
IPL26-092,Finn Allen,BATSMAN,New Zealander,1.0,74.0,27.0,0.0,0.0,0.0,74.0,1,1,74.34360042856234,3,1,0
IPL26-093,Rachin Ravindra,BATSMAN,New Zealander,1.0,67.0,26.0,0.0,0.0,0.0,67.0,1,1,45.91984817629499,1,0,0
IPL26-094,Tim Seifert,WICKET_KEEPER,New Zealander,1.0,58.0,24.0,0.0,0.0,0.0,58.0,1,1,53.052993468380365,1,2,0
IPL26-095,Akash Deep,BOWLER,Indian,1.0,58.0,26.0,0.0,5.0,74.49,58.0,0,1,100.0,2,0,0
IPL26-096,Rahul Tripathi,BATSMAN,Indian,2.0,73.0,26.0,0.0,0.0,0.0,73.0,0,1,58.424540375714514,1,0,0
IPL26-097,Prashant Solanki,BOWLER,Indian,0.25,75.0,26.0,0.0,0.0,0.0,75.0,0,1,45.323203680923136,0,0,0
IPL26-098,Kartik Tyagi,BOWLER,Indian,1.0,71.0,25.0,0.0,15.0,267.17,71.0,0,1,100.0,4,0,0
IPL26-099,Sarthak Ranjan,BATSMAN,Indian,0.25,59.0,29.0,61.0,0.0,0.0,59.0,0,1,44.42093408262621,4,0,0
IPL26-100,Daksh Kamra,BATSMAN,Indian,0.25,50.0,26.0,0.0,0.0,0.0,50.0,0,1,53.07054849698954,3,1,0
IPL26-101,Rishabh Pant,WICKET_KEEPER,Indian,2.0,82.0,28.0,0.0,0.0,0.0,82.0,0,1,61.46260941335073,1,2,0
IPL26-102,Nicholas Pooran,WICKET_KEEPER,West Indian,2.0,77.0,30.0,0.0,0.0,0.0,77.0,1,1,80.4696548372101,0,0,0
IPL26-103,Mayank Yadav,BOWLER,Indian,1.0,63.0,26.0,0.0,0.0,0.0,63.0,0,1,3.703823438653835,3,1,0
IPL26-104,Mohammed Shami,BOWLER,Indian,2.0,77.0,36.0,0.0,9.0,366.12,77.0,0,1,100.0,2,1,0
IPL26-105,Mohsin Khan,BOWLER,Indian,1.5,75.0,38.0,0.0,13.0,341.0,75.0,0,1,100.0,3,1,0
IPL26-106,Ayush Badoni,BATSMAN,Indian,0.5,70.0,26.0,0.0,0.0,0.0,70.0,0,1,62.32853756562836,3,1,0
IPL26-107,Avesh Khan,BOWLER,Indian,1.5,73.0,29.0,0.0,9.0,614.92,73.0,0,1,100.0,1,1,0
IPL26-108,Abdul Samad,BATSMAN,Indian,1.5,66.0,26.0,124.0,10.0,652.13,66.0,0,1,100.0,2,2,0
IPL26-109,Mitchell Marsh,ALL_ROUNDER,Australian,1.5,,34.0,0.0,0.0,0.0,50.0,1,1,31.30570602357257,3,2,0
IPL26-110,Aiden Markram,ALL_ROUNDER,South African,1.5,,31.0,0.0,0.0,0.0,50.0,1,1,25.514889743011988,0,0,0
IPL26-111,Shahbaz Ahmed,ALL_ROUNDER,Indian,1.5,,26.0,168.0,7.0,458.64,50.0,0,1,100.0,0,0,0
IPL26-112,Matthew Breetzke,BATSMAN,South African,1.0,61.0,27.0,0.0,0.0,0.0,61.0,1,1,42.37641164803254,4,1,0
IPL26-113,Digvesh Rathi,BOWLER,Indian,0.5,65.0,26.0,0.0,0.0,0.0,65.0,0,1,15.186466280986608,2,0,0
IPL26-114,Himmat Singh,BATSMAN,Indian,0.5,66.0,29.0,173.0,0.0,101.92,66.0,0,1,100.0,2,1,0
IPL26-115,Arshin Kulkarni,BATSMAN,Indian,0.25,56.0,26.0,0.0,0.0,0.0,56.0,0,1,32.70492168243732,4,1,0
IPL26-116,Manimaran Siddharth,BOWLER,Indian,0.5,68.0,27.0,0.0,0.0,0.0,68.0,0,1,53.3566885726762,3,2,0
IPL26-117,Akash Singh,BOWLER,Indian,0.25,67.0,39.0,0.0,9.0,96.39,67.0,0,1,100.0,2,0,0
IPL26-118,Arjun Tendulkar,BOWLER,Indian,0.5,64.0,26.0,38.0,8.0,32.51,64.0,0,1,100.0,0,0,0
IPL26-119,Prince Yadav,BATSMAN,Indian,0.25,52.0,24.0,5.0,0.0,347.54,52.0,0,1,100.0,0,0,0
IPL26-120,Josh Inglis,WICKET_KEEPER,Australian,1.0,74.0,31.0,0.0,0.0,0.0,74.0,1,1,76.16841067112274,1,2,0
IPL26-121,Akshat Raghuwanshi,BATSMAN,Indian,0.25,59.0,22.0,53.0,0.0,22.82,59.0,0,1,100.0,2,2,0
IPL26-122,Mukul Choudhary,BATSMAN,Indian,0.25,71.0,21.0,0.0,0.0,0.0,71.0,0,1,43.22594672589529,3,2,0
IPL26-123,Wanindu Hasaranga,BOWLER,Sri Lankan,1.5,76.0,28.0,0.0,0.0,0.0,76.0,1,1,43.87259595660218,4,0,0
IPL26-124,Anrich Nortje,BOWLER,South African,1.5,76.0,32.0,0.0,0.0,0.0,76.0,1,1,48.47364434623195,4,0,0
IPL26-125,Naman Tiwari,BOWLER,Indian,0.25,76.0,26.0,0.0,0.0,0.0,76.0,0,1,69.73103176553111,3,1,0
IPL26-126,Rohit Sharma,BATSMAN,Indian,2.0,54.0,39.0,5.0,0.0,0.0,54.0,0,1,38.93126664489527,5,1,0
IPL26-127,Jasprit Bumrah,BOWLER,Indian,2.0,95.0,32.0,0.0,0.0,0.0,95.0,0,1,67.05359694349441,1,2,1
IPL26-128,Suryakumar Yadav,BATSMAN,Indian,2.0,84.0,35.0,0.0,0.0,0.0,84.0,0,1,71.69901149670034,4,2,0
IPL26-129,Hardik Pandya,ALL_ROUNDER,Indian,2.0,,32.0,0.0,0.0,0.0,50.0,0,1,31.456163240220604,2,2,0
IPL26-130,Tilak Varma,BATSMAN,Indian,1.5,76.0,23.0,324.0,0.0,1185.21,76.0,0,1,100.0,1,1,1
IPL26-131,Trent Boult,BOWLER,New Zealander,2.0,87.0,36.0,0.0,0.0,0.0,87.0,1,1,81.52967485799334,2,1,1
IPL26-132,Deepak Chahar,BOWLER,Indian,2.0,80.0,26.0,0.0,0.0,0.0,80.0,0,1,49.469203591839715,0,0,0
IPL26-133,Naman Dhir,BATSMAN,Indian,0.5,71.0,26.0,259.0,0.0,863.67,71.0,0,1,100.0,1,1,0
IPL26-134,Will Jacks,ALL_ROUNDER,English,1.5,,27.0,0.0,0.0,0.0,50.0,1,1,25.085067801033475,4,1,0
IPL26-135,Robin Minz,WICKET_KEEPER,Indian,0.5,55.0,23.0,0.0,0.0,0.0,55.0,0,1,29.118377703017636,1,1,0
IPL26-136,Ryan Rickelton,WICKET_KEEPER,South African,1.0,73.0,29.0,0.0,0.0,0.0,73.0,1,1,31.04727577801822,1,1,0
IPL26-137,Shardul Thakur,ALL_ROUNDER,Indian,2.0,,34.0,0.0,0.0,0.0,50.0,0,1,34.44180415596864,1,2,0
IPL26-138,Sherfane Rutherford,BATSMAN,West Indian,1.0,67.0,27.0,0.0,0.0,0.0,67.0,1,1,50.91582908269834,5,2,0
IPL26-139,Mayank Markande,BOWLER,Indian,1.5,72.0,28.0,0.0,0.0,0.0,72.0,0,1,52.07670184963691,1,2,0
IPL26-140,Allah Ghazanfar,BOWLER,Afghan,1.0,70.0,26.0,0.0,0.0,0.0,70.0,1,1,46.481192999372794,2,2,0
IPL26-141,Corbin Bosch,ALL_ROUNDER,South African,1.0,,31.0,0.0,0.0,0.0,50.0,1,1,8.769438869243785,0,0,0
IPL26-142,Mitchell Santner,ALL_ROUNDER,New Zealander,1.5,,34.0,0.0,0.0,0.0,50.0,1,1,23.690320158519615,3,0,0
IPL26-143,Ashwani Kumar,BOWLER,Indian,0.25,73.0,26.0,0.0,17.0,180.0,73.0,0,1,100.0,1,1,0
IPL26-144,Raj Angad Bawa,BATSMAN,Indian,0.5,62.0,23.0,0.0,0.0,0.0,62.0,0,1,36.85928225209846,4,0,0
IPL26-145,Raghu Sharma,BOWLER,Indian,0.25,59.0,26.0,0.0,4.0,37.39,59.0,0,1,100.0,1,2,0
IPL26-146,Quinton de Kock,WICKET_KEEPER,South African,2.0,79.0,33.0,0.0,0.0,0.0,79.0,1,1,46.96584096167572,4,1,0
IPL26-147,Atharva Ankolekar,ALL_ROUNDER,Indian,1.0,,25.0,78.0,9.0,0.0,50.0,0,1,27.580714325009865,2,2,0
IPL26-148,Mohammad Izhar,BOWLER,Indian,0.25,76.0,26.0,0.0,0.0,0.0,76.0,0,1,62.060762852218076,4,1,0
IPL26-149,Danish Malewar,BATSMAN,Indian,0.25,52.0,26.0,0.0,0.0,0.0,52.0,0,1,60.29278851815795,3,2,0
IPL26-150,Mayank Rawat,BATSMAN,Indian,0.25,56.0,26.0,24.0,0.0,0.0,56.0,0,1,38.61866719247759,0,0,0
IPL26-151,Shreyas Iyer,BATSMAN,Indian,2.0,83.0,31.0,0.0,0.0,0.0,83.0,0,1,66.86325586084146,4,0,0
IPL26-152,Arshdeep Singh,BOWLER,Indian,2.0,78.0,21.0,0.0,12.0,828.89,78.0,0,1,100.0,4,0,1
IPL26-153,Yuzvendra Chahal,BOWLER,Indian,2.0,100.0,35.0,0.0,0.0,0.0,100.0,0,1,78.8833112635075,0,0,1
IPL26-154,Marco Jansen,ALL_ROUNDER,South African,1.0,,26.0,0.0,0.0,0.0,50.0,1,1,1.2184317705143783,3,0,0
IPL26-155,Prabhsimran Singh,WICKET_KEEPER,Indian,1.5,74.0,25.0,0.0,0.0,0.0,74.0,0,1,53.602291868261744,1,1,0
IPL26-156,Harpreet Brar,ALL_ROUNDER,Indian,1.5,,30.0,91.0,13.0,492.23,50.0,0,1,100.0,4,0,0
IPL26-157,Shashank Singh,BATSMAN,Indian,1.5,73.0,26.0,193.0,0.0,1092.28,73.0,0,1,100.0,0,0,0
IPL26-158,Azmatullah Omarzai,ALL_ROUNDER,Afghan,1.0,,26.0,225.0,9.0,458.76,50.0,1,1,100.0,2,1,0
IPL26-159,Nehal Wadhera,BATSMAN,Indian,0.5,68.0,25.0,0.0,0.0,0.0,68.0,0,1,48.9034531491154,0,0,0
IPL26-160,Xavier Bartlett,BOWLER,Australian,1.0,55.0,27.0,0.0,0.0,0.0,55.0,1,1,71.94863168727929,2,0,0
IPL26-161,Lockie Ferguson,BOWLER,New Zealander,1.5,74.0,35.0,0.0,0.0,0.0,74.0,1,1,51.114585528283165,3,1,0
IPL26-162,Marcus Stoinis,ALL_ROUNDER,Australian,1.5,,36.0,0.0,0.0,0.0,50.0,1,1,34.523210135004184,1,0,0
IPL26-163,Mitch Owen,ALL_ROUNDER,Australian,1.0,,22.0,0.0,0.0,0.0,50.0,1,1,29.47932345442135,0,0,0
IPL26-164,Musheer Khan,BOWLER,Indian,0.5,61.0,26.0,0.0,1.0,9.79,61.0,0,1,98.94999999999999,5,2,0
IPL26-165,Priyansh Arya,BATSMAN,Indian,0.5,74.0,25.0,261.0,0.0,912.18,74.0,0,1,100.0,4,2,0
IPL26-166,Vyshak Vijaykumar,BOWLER,Indian,1.5,62.0,26.0,0.0,0.0,0.0,62.0,0,1,24.46982943570702,3,2,0
IPL26-167,Yash Thakur,BOWLER,Indian,0.5,67.0,26.0,0.0,8.0,223.54,67.0,0,1,100.0,0,0,0
IPL26-168,Pyla Avinash,BATSMAN,Indian,0.25,63.0,25.0,0.0,0.0,0.0,63.0,0,1,60.14234221772531,4,2,0
IPL26-169,Harnoor Pannu,BATSMAN,Indian,0.25,64.0,26.0,0.0,0.0,0.0,64.0,0,1,55.27899549030161,0,0,0
IPL26-170,Vishnu Vinod,WICKET_KEEPER,Indian,1.0,62.0,32.0,226.0,0.0,15.19,62.0,0,1,100.0,2,2,0
IPL26-171,Suryansh Shedge,BATSMAN,Indian,0.25,67.0,23.0,165.0,0.0,226.14,67.0,0,1,100.0,0,0,0
IPL26-172,Cooper Connolly,BATSMAN,Australian,1.0,75.0,22.0,0.0,0.0,0.0,75.0,1,1,66.8654792056457,5,2,0
IPL26-173,Ben Dwarshuis,BOWLER,Australian,1.0,56.0,31.0,0.0,0.0,0.0,56.0,1,1,22.359188178078917,0,0,0
IPL26-174,Praveen Dubey,BOWLER,Indian,0.25,59.0,32.0,0.0,0.0,0.0,59.0,0,1,60.041914664041485,0,0,0
IPL26-175,Vishal Nishad,BOWLER,Indian,0.25,51.0,26.0,0.0,0.0,0.0,51.0,0,1,9.972234058115788,5,0,0
IPL26-176,Yashasvi Jaiswal,BATSMAN,Indian,1.5,78.0,24.0,0.0,0.0,0.0,78.0,0,1,66.80285640700406,3,2,1
IPL26-177,Ravindra Jadeja,ALL_ROUNDER,Indian,2.0,,37.0,0.0,0.0,0.0,50.0,0,1,62.856834387149675,0,0,0
IPL26-178,Riyan Parag,ALL_ROUNDER,Indian,2.0,,24.0,0.0,0.0,0.0,50.0,0,1,15.141955123039676,5,2,0
IPL26-179,Jofra Archer,BOWLER,English,1.5,80.0,31.0,0.0,0.0,0.0,80.0,1,1,51.50553405595842,4,0,0
IPL26-180,Dhruv Jurel,WICKET_KEEPER,Indian,1.0,73.0,25.0,334.0,0.0,1059.22,73.0,0,1,100.0,2,1,0
IPL26-181,Shimron Hetmyer,BATSMAN,West Indian,2.0,72.0,29.0,0.0,0.0,0.0,72.0,1,1,53.49477047631462,2,0,0
IPL26-182,Sam Curran,ALL_ROUNDER,English,2.0,,26.0,0.0,0.0,0.0,50.0,1,1,22.447865188257012,0,0,0
IPL26-183,Sandeep Sharma,BOWLER,Indian,2.0,77.0,26.0,0.0,9.0,459.67,77.0,0,1,100.0,3,2,0
IPL26-184,Vaibhav Suryavanshi,BATSMAN,Indian,0.5,80.0,26.0,0.0,0.0,0.0,80.0,0,1,36.74004853400801,3,2,0
IPL26-185,Tushar Deshpande,BOWLER,Indian,1.5,72.0,26.0,0.0,0.0,0.0,72.0,0,1,53.02844462209041,4,0,0
IPL26-186,Shubham Dubey,BATSMAN,Indian,0.5,72.0,32.0,0.0,0.0,0.0,72.0,0,1,36.06544429410843,0,0,0
IPL26-187,Yudhvir Charak,BOWLER,Indian,0.5,66.0,26.0,0.0,0.0,0.0,66.0,0,1,53.10388645952772,2,1,0
IPL26-188,Kwena Maphaka,BOWLER,South African,0.5,52.0,20.0,0.0,0.0,0.0,52.0,1,1,18.208636486492953,3,1,0
IPL26-189,Lhuan-Dre Pretorius,BATSMAN,South African,0.5,57.0,20.0,0.0,0.0,0.0,57.0,1,1,60.24901607526309,0,0,0
IPL26-190,Nandre Burger,BOWLER,South African,1.0,70.0,30.0,0.0,0.0,0.0,70.0,1,1,38.251200614956446,3,1,0
IPL26-191,Donovan Ferreira,WICKET_KEEPER,South African,1.0,69.0,27.0,0.0,0.0,0.0,69.0,1,1,44.16907725691487,5,0,0
IPL26-192,Ravi Bishnoi,BOWLER,Indian,2.0,74.0,25.0,0.0,12.0,466.26,74.0,0,1,100.0,3,1,0
IPL26-193,Adam Milne,BOWLER,New Zealander,1.0,59.0,34.0,0.0,0.0,0.0,59.0,1,1,51.202758260545046,2,0,0
IPL26-194,Ravi Singh,BATSMAN,Indian,0.25,59.0,26.0,4.0,0.0,4.35,59.0,0,1,71.75,1,0,0
IPL26-195,Sushant Mishra,BOWLER,Indian,0.25,75.0,25.0,0.0,0.0,0.0,75.0,0,1,36.53703525349067,4,0,1
IPL26-196,Kuldeep Sen,BOWLER,Indian,1.0,70.0,29.0,0.0,0.0,0.0,70.0,0,1,53.41189901906194,4,1,0
IPL26-197,Brijesh Sharma,BOWLER,Indian,0.25,67.0,26.0,0.0,11.0,210.22,67.0,0,1,100.0,2,1,0
IPL26-198,Aman Rao Perala,BATSMAN,Indian,0.25,71.0,26.0,0.0,0.0,0.0,71.0,0,1,70.60714131423643,3,1,0
IPL26-199,Vignesh Puthur,BOWLER,Indian,0.25,73.0,25.0,0.0,0.0,0.0,73.0,0,1,28.88775148158159,0,0,0
IPL26-200,Virat Kohli,BATSMAN,Indian,2.0,100.0,37.0,0.0,0.0,0.0,100.0,0,1,82.76950787798457,3,1,1
IPL26-201,Rajat Patidar,BATSMAN,Indian,1.5,75.0,33.0,0.0,0.0,0.0,75.0,0,1,58.89824191372635,2,1,0
IPL26-202,Phil Salt,WICKET_KEEPER,English,1.0,75.0,47.0,0.0,0.0,0.0,75.0,1,1,66.72734307665965,4,0,0
IPL26-203,Josh Hazlewood,BOWLER,Australian,1.5,79.0,35.0,0.0,0.0,0.0,79.0,1,1,40.44573933682877,3,2,0
IPL26-204,Yash Dayal,BOWLER,Indian,1.5,68.0,28.0,0.0,7.0,485.16,68.0,0,1,100.0,4,0,0
IPL26-205,Krunal Pandya,ALL_ROUNDER,Indian,2.0,,35.0,0.0,0.0,0.0,50.0,0,1,10.193150803735854,0,0,0
IPL26-206,Bhuvneshwar Kumar,BOWLER,Indian,2.0,98.0,36.0,0.0,0.0,0.0,98.0,0,1,85.82912348425347,4,0,1
IPL26-207,Tim David,BATSMAN,Singaporean,1.5,74.0,26.0,0.0,0.0,0.0,74.0,1,1,58.45477009849779,4,2,0
IPL26-208,Romario Shepherd,ALL_ROUNDER,West Indian,1.0,,31.0,0.0,0.0,0.0,50.0,1,1,33.75739275518815,1,0,0
IPL26-209,Nuwan Thushara,BOWLER,Sri Lankan,1.0,68.0,31.0,0.0,0.0,0.0,68.0,1,1,53.19672314245464,1,1,0
IPL26-210,Swapnil Singh,BOWLER,Indian,1.0,66.0,35.0,74.0,7.0,131.12,66.0,0,1,100.0,5,2,0
IPL26-211,Jacob Bethell,BATSMAN,English,1.0,64.0,20.0,0.0,0.0,0.0,64.0,1,1,33.79962917632264,1,1,0
IPL26-212,Devdutt Padikkal,BATSMAN,Indian,1.5,73.0,25.0,0.0,0.0,0.0,73.0,0,1,56.48380545741505,4,2,0
IPL26-213,Suyash Sharma,BOWLER,Indian,0.5,64.0,26.0,0.0,7.0,369.66,64.0,0,1,100.0,2,2,0
IPL26-214,Rasikh Dar,BOWLER,Indian,0.5,71.0,26.0,0.0,0.0,0.0,71.0,0,1,55.39608709948022,4,0,0
IPL26-215,Jitesh Sharma,WICKET_KEEPER,Indian,1.5,56.0,32.0,0.0,0.0,0.0,56.0,0,1,25.28472872960448,2,0,0
IPL26-216,Abhinandan Singh,BOWLER,Indian,0.25,59.0,26.0,0.0,3.0,38.42,59.0,0,1,100.0,2,1,0
IPL26-217,Venkatesh Iyer,ALL_ROUNDER,Indian,1.5,,35.0,0.0,0.0,0.0,50.0,0,1,57.986617667171345,1,0,0
IPL26-218,Jordan Cox,WICKET_KEEPER,English,1.0,80.0,34.0,0.0,0.0,0.0,80.0,1,1,67.10749381367681,3,0,0
IPL26-219,Mangesh Yadav,BOWLER,Indian,0.25,65.0,26.0,0.0,0.0,0.0,65.0,0,1,27.130447541960272,0,0,0
IPL26-220,Vicky Kanhaiya Ostwal,BOWLER,Indian,0.5,74.0,26.0,0.0,0.0,0.0,74.0,0,1,63.84830412950745,1,0,0
IPL26-221,Kanishk Chouhan,BATSMAN,Indian,0.25,50.0,26.0,0.0,0.0,0.0,50.0,0,1,15.379774946590178,1,2,0
IPL26-222,Vihaan Malhotra,BATSMAN,Indian,0.25,50.0,19.0,0.0,0.0,0.0,50.0,0,1,41.806269056136784,3,2,0
IPL26-223,Satvik Deswal,BOWLER,Indian,0.25,77.0,26.0,0.0,0.0,0.0,77.0,0,1,74.37893368511106,0,0,0
IPL26-224,Yash Raj Punja,BOWLER,Indian,0.25,68.0,26.0,0.0,9.0,128.95,68.0,0,1,100.0,4,1,0
IPL26-225,Pat Cummins,ALL_ROUNDER,Australian,2.0,,33.0,0.0,0.0,0.0,50.0,1,1,17.689765224724344,5,1,0
IPL26-226,Heinrich Klaasen,WICKET_KEEPER,South African,1.5,80.0,26.0,0.0,0.0,0.0,80.0,1,1,74.45064193866483,5,1,0
IPL26-227,Travis Head,BATSMAN,Australian,1.5,75.0,32.0,0.0,0.0,0.0,75.0,1,1,61.191713904047475,4,2,0
IPL26-228,Abhishek Sharma,ALL_ROUNDER,Indian,1.5,,26.0,434.0,1.0,1410.48,50.0,0,1,100.0,1,1,0
IPL26-229,Nitish Kumar Reddy,ALL_ROUNDER,Indian,1.0,,23.0,0.0,0.0,0.0,50.0,0,1,42.33090239991735,0,0,0
IPL26-230,Ishan Kishan,WICKET_KEEPER,Indian,2.0,78.0,27.0,389.0,0.0,1062.44,78.0,0,1,100.0,1,0,0
IPL26-231,Harshal Patel,BOWLER,Indian,2.0,88.0,35.0,0.0,0.0,0.0,88.0,0,1,96.4518947398092,2,1,1
IPL26-232,Jaydev Unadkat,BOWLER,Indian,2.0,81.0,33.0,0.0,0.0,0.0,81.0,0,1,57.31917825995694,1,1,0
IPL26-233,Zeeshan Ansari,BOWLER,Indian,0.5,59.0,26.0,0.0,6.0,99.75,59.0,0,1,100.0,1,2,0
IPL26-234,Brydon Carse,BOWLER,English,1.0,72.0,30.0,0.0,0.0,0.0,72.0,1,1,40.693957534637654,4,2,0
IPL26-235,Kamindu Mendis,BATSMAN,Sri Lankan,1.0,65.0,27.0,0.0,0.0,0.0,65.0,1,1,31.65728355561715,4,2,0
IPL26-236,Harsh Dubey,BOWLER,Indian,0.5,70.0,23.0,13.0,12.0,174.77,70.0,0,1,100.0,4,2,0
IPL26-237,Aniket Verma,BATSMAN,Indian,0.25,66.0,24.0,117.0,0.0,403.65,66.0,0,1,100.0,5,2,0
IPL26-238,Eshan Malinga,BOWLER,Sri Lankan,0.25,74.0,25.0,0.0,0.0,0.0,74.0,1,1,41.762845725518424,2,2,0
IPL26-239,Smaran Ravichandaran,BATSMAN,Indian,0.25,73.0,26.0,0.0,0.0,0.0,73.0,0,1,51.843474358788434,4,1,0
IPL26-240,Liam Livingstone,ALL_ROUNDER,English,1.5,,32.0,0.0,0.0,0.0,50.0,1,1,35.117279622249654,0,0,0
IPL26-241,Salil Arora,WICKET_KEEPER,Indian,0.25,68.0,23.0,35.0,0.0,31.36,68.0,0,1,100.0,5,2,0
IPL26-242,Jack Edwards,ALL_ROUNDER,Australian,1.0,,26.0,0.0,0.0,0.0,50.0,1,1,34.150361989950284,3,0,0
IPL26-243,Shivam Mavi,BOWLER,Indian,1.5,64.0,27.0,0.0,12.0,0.0,64.0,0,1,56.40774873554036,0,0,0
IPL26-244,Amit Kumar,BOWLER,Indian,0.25,56.0,26.0,0.0,1.0,0.0,56.0,0,1,36.19502837816861,0,0,0
IPL26-245,Onkar Tarmale,ALL_ROUNDER,Indian,0.25,,26.0,0.0,0.0,0.0,50.0,0,1,51.80301115735975,4,1,0
IPL26-246,Sakib Hussain,BOWLER,Indian,0.25,71.0,21.0,0.0,11.0,221.1,71.0,0,1,100.0,3,2,0
IPL26-247,Praful Hinge,BOWLER,Indian,0.25,70.0,26.0,0.0,0.0,0.0,70.0,0,1,46.03014750143066,3,2,0
IPL26-248,Shivang Kumar,BOWLER,Indian,0.25,63.0,26.0,53.0,5.0,185.9,63.0,0,1,100.0,5,2,0
IPL26-249,Krains Fuletra,BOWLER,Indian,0.25,55.0,26.0,0.0,0.0,0.0,55.0,0,1,75.80253749884429,3,0,0
IPL26-250,Jake Fraser-McGurk,BATSMAN,Australian,1.0,71.0,23.0,0.0,0.0,0.0,71.0,1,1,60.385010216475095,2,2,0
IPL26-251,Devon Conway,WICKET_KEEPER,New Zealander,1.5,76.0,26.0,0.0,0.0,0.0,76.0,1,1,43.14263665375576,4,0,0
IPL26-252,Gus Atkinson,BOWLER,English,1.0,80.0,28.0,0.0,0.0,0.0,80.0,1,1,43.93661252908332,3,1,0
IPL26-253,Jamie Smith,WICKET_KEEPER,English,1.0,71.0,37.0,0.0,0.0,0.0,71.0,1,1,58.23708622864778,5,2,0
IPL26-254,Deepak Hooda,ALL_ROUNDER,Indian,2.0,,31.0,0.0,0.0,0.0,50.0,0,1,26.648058220112237,2,0,0
IPL26-255,Wiaan Mulder,BOWLER,South African,1.0,50.0,28.0,0.0,0.0,0.0,50.0,1,1,40.71000741138138,1,0,0
IPL26-256,Rahmanullah Gurbaz,WICKET_KEEPER,Afghan,1.0,67.0,24.0,233.0,0.0,183.09,67.0,1,1,100.0,1,2,0
IPL26-257,Jonny Bairstow,WICKET_KEEPER,English,1.5,75.0,36.0,0.0,0.0,0.0,75.0,1,1,62.09856436860317,2,1,0
IPL26-258,K.S. Bharat,WICKET_KEEPER,Indian,1.5,67.0,26.0,0.0,0.0,0.0,67.0,0,1,45.90756631014691,5,1,0
IPL26-259,Gerald Coetzee,BOWLER,South African,1.0,67.0,25.0,0.0,0.0,0.0,67.0,1,1,34.29809422897392,2,1,0
IPL26-260,Spencer Johnson,BOWLER,Australian,1.0,57.0,38.0,0.0,0.0,0.0,57.0,1,1,14.277291629712032,4,0,0
IPL26-261,Fazalhaq Farooqi,BOWLER,Afghan,1.0,63.0,25.0,0.0,18.0,34.22,63.0,1,1,100.0,4,0,0
IPL26-262,Maheesh Theekshana,BOWLER,Sri Lankan,1.0,71.0,25.0,0.0,0.0,0.0,71.0,1,1,44.302275718994686,1,0,0
IPL26-263,Mujeeb Ur Rahman,BOWLER,Afghan,2.0,67.0,25.0,0.0,7.0,8.29,67.0,1,1,91.44999999999999,3,0,0
IPL26-264,Aarya Desai,BATSMAN,Indian,0.25,55.0,23.0,99.0,0.0,0.0,55.0,0,1,47.84598191485209,5,1,0
IPL26-265,Yash Dhull,BATSMAN,Indian,0.5,55.0,23.0,0.0,0.0,0.0,55.0,0,1,38.21140616195306,1,2,0
IPL26-266,Abhinav Manohar,BATSMAN,Indian,0.5,62.0,31.0,0.0,0.0,0.0,62.0,0,1,23.31391831932018,3,0,0
IPL26-267,Anmolpreet Singh,BATSMAN,Indian,1.0,63.0,28.0,344.0,0.0,4.93,63.0,0,1,74.65,3,0,0
IPL26-268,Atharva Taide,BATSMAN,Indian,0.5,68.0,26.0,326.0,0.0,59.39,68.0,0,1,100.0,4,1,0
IPL26-269,Mahipal Lomror,BATSMAN,Indian,1.5,65.0,26.0,0.0,0.0,0.0,65.0,0,1,47.59771388776773,0,0,0
IPL26-270,Vijay Shankar,ALL_ROUNDER,Indian,2.0,,35.0,0.0,0.0,0.0,50.0,0,1,35.77976069593255,0,0,0
IPL26-271,Tanush Kotian,BATSMAN,Indian,0.5,61.0,27.0,75.0,14.0,18.32,61.0,0,1,100.0,2,1,0
IPL26-272,Kamlesh Nagarkoti,BOWLER,Indian,1.5,57.0,26.0,0.0,0.0,0.0,57.0,0,1,23.742138456983007,4,1,0
IPL26-273,Ruchit Ahir,BATSMAN,Indian,0.25,74.0,26.0,0.0,0.0,0.0,74.0,0,1,56.305876589182915,3,2,0
IPL26-274,Sanvir Singh,BATSMAN,Indian,0.5,60.0,29.0,103.0,4.0,20.67,60.0,0,1,100.0,5,0,0
IPL26-275,Vansh Bedi,WICKET_KEEPER,Indian,0.25,50.0,23.0,0.0,0.0,0.0,50.0,0,1,30.873130776689997,0,0,0
IPL26-276,Raj Limbani,BOWLER,Indian,0.25,75.0,26.0,0.0,0.0,0.0,75.0,0,1,37.85544553254066,3,1,0
IPL26-277,Simarjeet Singh,BOWLER,Indian,1.0,65.0,28.0,0.0,9.0,87.74,65.0,0,1,100.0,0,0,0
IPL26-278,Akash Madhwal,BOWLER,Indian,1.0,68.0,32.0,0.0,10.0,143.34,68.0,0,1,100.0,0,0,0
IPL26-279,Karn Sharma,BOWLER,Indian,2.0,80.0,38.0,0.0,0.0,0.0,80.0,0,1,65.36681040522424,0,0,0
IPL26-280,Sean Abbott,BOWLER,Australian,1.0,54.0,34.0,0.0,0.0,0.0,54.0,1,1,42.41176789552352,5,1,0
IPL26-281,Michael Bracewell,ALL_ROUNDER,New Zealander,1.0,,35.0,0.0,0.0,0.0,50.0,1,1,46.245768647629156,4,1,0
IPL26-282,Daryl Mitchell,BATSMAN,New Zealander,1.0,67.0,26.0,0.0,0.0,0.0,67.0,1,1,62.80703078052355,5,2,0
IPL26-283,Dasun Shanaka,BATSMAN,Sri Lankan,1.5,62.0,34.0,0.0,0.0,0.0,62.0,1,1,21.334959480643633,1,2,0
IPL26-284,Chetan Sakariya,BOWLER,Indian,1.5,70.0,27.0,0.0,0.0,0.0,70.0,0,1,35.93262440127316,3,0,0
IPL26-285,Waqar Salamkheil,BOWLER,Afghan,1.0,72.0,29.0,0.0,10.0,0.0,72.0,1,1,59.7255290081299,4,1,0
IPL26-286,Taskin Ahmed,BOWLER,Bangladeshi,1.0,80.0,31.0,0.0,12.0,0.0,80.0,1,1,67.70678926368313,4,0,0
IPL26-287,Alzarri Joseph,BOWLER,West Indian,1.5,68.0,29.0,0.0,0.0,0.0,68.0,1,1,55.72571529459072,4,0,0
IPL26-288,Riley Meredith,BOWLER,Australian,1.0,69.0,29.0,0.0,0.0,0.0,69.0,1,1,100.0,4,0,0
IPL26-289,Jhye Richardson,BOWLER,Australian,1.5,58.0,29.0,0.0,0.0,0.0,58.0,1,1,46.56335766039751,5,0,0
IPL26-290,Daniel Lawrence,BATSMAN,English,1.0,79.0,26.0,0.0,0.0,0.0,79.0,1,1,76.03348460270898,4,1,0
IPL26-291,Murugan Ashwin,BOWLER,Indian,1.5,72.0,35.0,0.0,0.0,0.0,72.0,0,1,66.31002645239803,2,0,0
IPL26-292,William Sutherland,ALL_ROUNDER,Australian,1.0,,26.0,0.0,0.0,0.0,50.0,1,1,39.77086876958697,3,1,0
IPL26-293,Kartikeya Singh,BOWLER,Indian,0.5,79.0,26.0,0.0,0.0,0.0,79.0,0,1,54.27096133039482,4,1,0
IPL26-294,Shivam Shukla,BOWLER,Indian,0.25,63.0,26.0,0.0,2.0,0.0,63.0,0,1,54.38453830739901,3,2,0
IPL26-295,Wahidullah Zadran,BOWLER,Afghan,1.0,62.0,26.0,0.0,2.0,0.0,62.0,1,1,30.407621781936424,2,1,0
IPL26-296,KC Cariappa,BOWLER,Indian,0.5,59.0,32.0,0.0,9.0,0.0,59.0,0,1,35.44772089889987,2,2,0
IPL26-297,Sediqullah Atal,BATSMAN,Afghan,1.0,64.0,24.0,244.0,0.0,14.99,64.0,1,1,100.0,3,1,0
IPL26-298,Nathan Smith,BOWLER,New Zealander,1.0,53.0,26.0,8.0,1.0,0.0,53.0,1,1,25.719546782563448,0,0,0
IPL26-299,Manan Vohra,BATSMAN,Indian,1.5,68.0,32.0,0.0,0.0,0.0,68.0,0,1,49.22811209079484,1,1,0
IPL26-300,Jacob Duffy,BOWLER,New Zealander,1.0,67.0,25.0,0.0,0.0,0.0,67.0,1,1,81.71987850010262,0,0,0
IPL26-001,MS Dhoni,WICKET_KEEPER,Indian,2.0,76.0,44.0,150.0,0.0,492.22,76.0,0,1,90.66367403704126,4,1,0
IPL26-002,Ruturaj Gaikwad,BATSMAN,Indian,2.0,79.0,29.0,0.0,0.0,0.0,79.0,0,1,67.32054394101634,1,0,0
IPL26-003,Sanju Samson,WICKET_KEEPER,Indian,2.0,85.0,31.0,0.0,0.0,0.0,85.0,0,1,67.46539521864437,3,0,1
IPL26-004,Shivam Dube,ALL_ROUNDER,Indian,2.0,,32.0,0.0,0.0,0.0,50.0,0,1,39.671375289993605,5,0,0
IPL26-005,Ayush Mhatre,BATSMAN,Indian,0.25,73.0,18.0,0.0,0.0,0.0,73.0,0,1,78.10250383935787,1,0,0
IPL26-006,Dewald Brevis,BATSMAN,South African,1.0,68.0,23.0,0.0,0.0,0.0,68.0,1,1,48.56695748159541,2,2,0
IPL26-007,Urvil Patel,WICKET_KEEPER,Indian,0.25,69.0,27.0,197.0,0.0,268.05,69.0,0,1,100.0,1,2,0
IPL26-008,Noor Ahmad,BOWLER,Afghan,1.5,76.0,21.0,0.0,12.0,701.28,76.0,1,1,100.0,1,1,1
IPL26-009,Nathan Ellis,BOWLER,Australian,1.0,71.0,26.0,0.0,0.0,0.0,71.0,1,1,56.40350982263758,5,1,0
IPL26-010,Shreyas Gopal,BOWLER,Indian,2.0,76.0,32.0,0.0,0.0,0.0,76.0,0,1,85.89804522266016,2,2,0
IPL26-011,Khaleel Ahmed,BOWLER,Indian,2.0,80.0,26.0,0.0,0.0,0.0,80.0,0,1,71.08270509112945,4,2,0
IPL26-012,Ramakrishna Ghosh,BOWLER,Indian,0.25,55.0,28.0,0.0,0.0,0.0,55.0,0,1,23.409419460233458,4,0,0
IPL26-013,Mukesh Choudhary,BOWLER,Indian,1.5,68.0,30.0,0.0,9.0,140.19,68.0,0,1,100.0,1,0,0
IPL26-014,Jamie Overton,ALL_ROUNDER,English,1.0,,32.0,0.0,0.0,0.0,50.0,1,1,39.21770389473449,2,1,0
IPL26-015,Gurjapneet Singh,BOWLER,Indian,0.5,58.0,27.0,0.0,4.0,99.53,58.0,0,1,100.0,2,2,0
IPL26-016,Anshul Kamboj,ALL_ROUNDER,Indian,0.5,,31.0,0.0,0.0,0.0,50.0,0,1,27.98619963631668,5,1,0
IPL26-017,Prashant Veer,BATSMAN,Indian,0.25,73.0,20.0,0.0,0.0,0.0,73.0,0,1,49.835075636455684,3,2,0
IPL26-018,Kartik Sharma,WICKET_KEEPER,Indian,0.25,70.0,26.0,277.0,0.0,292.84,70.0,0,1,100.0,4,0,0
IPL26-019,Rahul Chahar,BOWLER,Indian,2.0,78.0,26.0,0.0,0.0,0.0,78.0,0,1,57.2509403651543,5,1,0
IPL26-020,Akeal Hosein,BOWLER,West Indian,1.0,71.0,33.0,0.0,0.0,0.0,71.0,1,1,21.310981486626456,0,0,0
IPL26-021,Matt Henry,BOWLER,New Zealander,1.0,54.0,47.0,0.0,0.0,0.0,54.0,1,1,10.510372983925059,4,2,0
IPL26-022,Matthew Short,BATSMAN,Australian,1.0,64.0,26.0,0.0,0.0,0.0,64.0,1,1,26.91778659633968,5,0,0
IPL26-023,Sarfaraz Khan,BATSMAN,Indian,1.0,67.0,26.0,0.0,0.0,0.0,67.0,0,1,38.01610299324536,4,1,0
IPL26-024,Zak Foulkes,BOWLER,English,1.0,81.0,24.0,0.0,0.0,0.0,81.0,1,1,76.048929997686,3,0,0
IPL26-025,Aman Khan,BOWLER,Indian,0.25,64.0,26.0,24.0,6.0,0.0,64.0,0,1,20.65494241532809,0,0,0
IPL26-026,KL Rahul,WICKET_KEEPER,Indian,2.0,87.0,34.0,482.0,0.0,1380.75,87.0,0,1,92.99892224493232,3,0,0
IPL26-027,Axar Patel,ALL_ROUNDER,Indian,2.0,,32.0,0.0,0.0,0.0,50.0,0,1,9.963756801136327,0,0,0
IPL26-028,Kuldeep Yadav,BOWLER,Indian,2.0,77.0,26.0,0.0,8.0,718.52,77.0,0,1,97.08709542182532,1,1,0
IPL26-029,T. Natarajan,BOWLER,Indian,2.0,75.0,26.0,0.0,0.0,0.0,75.0,0,1,78.28926370298167,5,1,0
IPL26-030,Mitchell Starc,BOWLER,Australian,1.5,80.0,36.0,0.0,0.0,0.0,80.0,1,1,56.25498530991478,0,0,0
IPL26-031,Tristan Stubbs,WICKET_KEEPER,South African,1.5,77.0,25.0,0.0,0.0,0.0,77.0,1,1,52.89383047287358,3,0,0
IPL26-032,Mukesh Kumar,BOWLER,Indian,1.5,67.0,26.0,0.0,6.0,521.18,67.0,0,1,100.0,4,1,0
IPL26-033,Nitish Rana,BATSMAN,Indian,2.0,76.0,32.0,0.0,0.0,0.0,76.0,0,1,36.951360233012394,0,0,0
IPL26-034,Abishek Porel,WICKET_KEEPER,Indian,1.0,69.0,23.0,235.0,0.0,743.92,69.0,0,1,97.20129012635864,5,0,0
IPL26-035,Ashutosh Sharma,BATSMAN,Indian,0.5,72.0,26.0,230.0,0.0,869.41,72.0,0,1,100.0,0,0,0
IPL26-036,Sameer Rizvi,BATSMAN,Indian,0.5,71.0,22.0,310.0,0.0,503.63,71.0,0,1,97.45797022553124,2,0,0
IPL26-037,Karun Nair,BATSMAN,Indian,1.5,70.0,34.0,0.0,0.0,0.0,70.0,0,1,35.625056548594586,4,1,0
IPL26-038,Dushmantha Chameera,BOWLER,Sri Lankan,1.0,61.0,34.0,0.0,0.0,0.0,61.0,1,1,43.58139796108667,5,1,0
IPL26-039,Vipraj Nigam,ALL_ROUNDER,Indian,0.5,,21.0,0.0,0.0,0.0,50.0,0,1,14.500884454778785,5,1,0
IPL26-040,Ajay Mandal,ALL_ROUNDER,Indian,0.25,,26.0,149.0,10.0,0.0,50.0,0,1,38.295054736279305,1,1,0
IPL26-041,Madhav Tiwari,BOWLER,Indian,0.25,70.0,22.0,0.0,0.0,0.0,70.0,0,1,44.472175284480365,3,2,0
IPL26-042,Tripurana Vijay,BOWLER,Indian,0.25,50.0,24.0,0.0,0.0,0.0,50.0,0,1,28.2052173959893,1,2,0
IPL26-043,Auqib Nabi Dar,ALL_ROUNDER,Indian,0.25,,26.0,0.0,0.0,0.0,50.0,0,1,23.35186902380492,5,1,0
IPL26-044,Pathum Nissanka,BATSMAN,Sri Lankan,1.0,69.0,28.0,0.0,0.0,0.0,69.0,1,1,73.91540376609323,4,2,0
IPL26-045,David Miller,BATSMAN,South African,2.0,80.0,26.0,0.0,0.0,0.0,80.0,1,1,56.39382025607823,0,0,0
IPL26-046,Ben Duckett,BATSMAN,English,1.0,84.0,31.0,0.0,0.0,0.0,84.0,1,1,51.84616064695708,0,0,0
IPL26-047,Lungi Ngidi,BOWLER,South African,1.5,77.0,30.0,0.0,0.0,0.0,77.0,1,1,70.55545623504727,4,0,0
IPL26-048,Kyle Jamieson,ALL_ROUNDER,New Zealander,1.5,,26.0,0.0,0.0,0.0,50.0,1,1,15.788573947865945,5,1,0
IPL26-049,Prithvi Shaw,BATSMAN,Indian,2.0,72.0,26.0,0.0,0.0,0.0,72.0,0,1,46.59656814693334,0,0,0
IPL26-050,Sahil Parakh,BATSMAN,Indian,0.25,61.0,26.0,0.0,0.0,0.0,61.0,0,1,9.101016229715396,0,0,0
IPL26-051,Shubman Gill,BATSMAN,Indian,2.0,84.0,26.0,435.0,0.0,1502.36,84.0,0,1,100.0,0,0,0
IPL26-052,Rashid Khan,ALL_ROUNDER,Afghan,2.0,,26.0,86.0,13.0,1036.91,50.0,1,1,100.0,3,2,0
IPL26-053,Jos Buttler,WICKET_KEEPER,English,2.0,86.0,35.0,0.0,0.0,0.0,86.0,1,1,47.5549615214193,3,0,0
IPL26-054,Kagiso Rabada,BOWLER,South African,2.0,89.0,31.0,0.0,0.0,0.0,89.0,1,1,75.49254037288523,2,0,0
IPL26-055,Mohammed Siraj,BOWLER,Indian,2.0,79.0,32.0,0.0,12.0,835.35,79.0,0,1,100.0,1,0,0
IPL26-056,Sai Sudharsan,BATSMAN,Indian,1.5,83.0,24.0,487.0,0.0,1572.25,83.0,0,1,100.0,4,1,1
IPL26-057,Prasidh Krishna,BOWLER,Indian,2.0,77.0,30.0,0.0,12.0,571.61,77.0,0,1,92.10239621343703,4,2,0
IPL26-058,Washington Sundar,ALL_ROUNDER,Indian,2.0,,26.0,240.0,4.0,670.48,50.0,0,1,93.94749420465315,4,1,0
IPL26-059,Rahul Tewatia,ALL_ROUNDER,Indian,2.0,,33.0,0.0,0.0,0.0,50.0,0,1,33.009945422177196,2,1,0
IPL26-060,Shahrukh Khan,BATSMAN,Indian,1.5,66.0,26.0,144.0,0.0,378.48,66.0,0,1,96.26446055529868,3,0,0
IPL26-061,R. Sai Kishore,BOWLER,Indian,1.5,75.0,26.0,0.0,0.0,0.0,75.0,0,1,57.845120711110845,5,1,0
IPL26-062,Glenn Phillips,BATSMAN,New Zealander,1.5,61.0,26.0,0.0,0.0,0.0,61.0,1,1,40.47535148451538,5,1,0
IPL26-063,Jayant Yadav,BOWLER,Indian,2.0,61.0,36.0,0.0,0.0,0.0,61.0,0,1,28.831050850224408,2,0,0
IPL26-064,Anuj Rawat,WICKET_KEEPER,Indian,0.5,66.0,26.0,282.0,0.0,109.12,66.0,0,1,90.66324086815445,5,1,0
IPL26-065,Kumar Kushagra,WICKET_KEEPER,Indian,0.5,56.0,21.0,21.0,0.0,18.97,56.0,0,1,96.17604306522274,4,0,0
IPL26-066,Gurnoor Singh Brar,BOWLER,Indian,0.5,65.0,26.0,0.0,0.0,0.0,65.0,0,1,27.40302647251169,1,0,0
IPL26-067,Nishant Sindhu,BATSMAN,Indian,0.5,61.0,22.0,0.0,0.0,0.0,61.0,0,1,35.6541514325476,0,0,0
IPL26-068,Manav Suthar,BOWLER,Indian,0.25,58.0,23.0,0.0,0.0,0.0,58.0,0,1,39.61954273229161,3,0,0
IPL26-069,Ishant Sharma,BOWLER,Indian,1.5,78.0,37.0,0.0,0.0,0.0,78.0,0,1,73.69518213865817,3,1,0
IPL26-070,Arshad Khan,BOWLER,Indian,0.5,64.0,26.0,0.0,9.0,357.1,64.0,0,1,100.0,2,0,0
IPL26-071,Jason Holder,ALL_ROUNDER,West Indian,1.5,,41.0,0.0,0.0,0.0,50.0,1,1,40.20374914877522,3,0,0
IPL26-072,Tom Banton,WICKET_KEEPER,English,1.0,58.0,27.0,0.0,0.0,0.0,58.0,1,1,9.070102506195884,4,1,0
IPL26-073,Ashok Sharma,BOWLER,Indian,0.25,64.0,26.0,0.0,6.0,94.13,64.0,0,1,100.0,5,1,0
IPL26-074,Luke Wood,BOWLER,English,1.0,50.0,26.0,0.0,0.0,0.0,50.0,1,1,38.15478516947069,4,2,0
IPL26-075,Prithvi Raj,BOWLER,Indian,0.25,73.0,26.0,3.0,0.0,0.0,73.0,0,1,42.67797770832963,2,1,0
IPL26-076,Sunil Narine,ALL_ROUNDER,West Indian,2.0,,37.0,0.0,0.0,0.0,50.0,1,1,28.056650850947836,4,1,0
IPL26-077,Varun Chakravarthy,BOWLER,Indian,2.0,85.0,34.0,0.0,0.0,0.0,85.0,0,1,73.98108291901288,5,2,0
IPL26-078,Rinku Singh,BATSMAN,Indian,1.5,74.0,37.0,0.0,0.0,0.0,74.0,0,1,69.90016897817263,1,1,0
IPL26-079,Harshit Rana,BOWLER,Indian,1.0,73.0,24.0,0.0,10.0,541.9,73.0,0,1,95.26329310028937,2,1,0
IPL26-080,Angkrish Raghuvanshi,BATSMAN,Indian,0.5,73.0,22.0,0.0,0.0,0.0,73.0,0,1,63.07207080735532,1,1,0
IPL26-081,Ramandeep Singh,ALL_ROUNDER,Indian,1.5,,26.0,100.0,6.0,355.97,50.0,0,1,89.01742699583995,0,0,0
IPL26-082,Ajinkya Rahane,BATSMAN,Indian,2.0,84.0,38.0,0.0,0.0,0.0,84.0,0,1,51.68751653375348,1,2,0
IPL26-083,Rovman Powell,BATSMAN,West Indian,1.5,67.0,32.0,0.0,0.0,0.0,67.0,1,1,54.89026041044164,0,0,0
IPL26-084,Vaibhav Arora,BOWLER,Indian,1.5,73.0,28.0,0.0,0.0,0.0,73.0,0,1,52.87585423053102,0,0,0
IPL26-085,Manish Pandey,BATSMAN,Indian,2.0,79.0,26.0,0.0,0.0,0.0,79.0,0,1,88.51416154761026,1,2,0
IPL26-086,Anukul Roy,BOWLER,Indian,0.5,69.0,27.0,0.0,0.0,0.0,69.0,0,1,48.883642745382716,2,0,0
IPL26-087,Umran Malik,BOWLER,Indian,1.5,65.0,26.0,0.0,5.0,0.0,65.0,0,1,39.8471714451572,5,2,0
IPL26-088,Cameron Green,ALL_ROUNDER,Australian,1.0,,26.0,0.0,0.0,0.0,50.0,1,1,13.541298914003969,4,0,0
IPL26-089,Matheesha Pathirana,BOWLER,Sri Lankan,1.5,77.0,24.0,0.0,0.0,0.0,77.0,1,1,38.38139909921525,4,2,1
IPL26-090,Mustafizur Rahman,BOWLER,Bangladeshi,1.5,77.0,30.0,0.0,13.0,258.07,77.0,1,1,100.0,5,2,0
IPL26-091,Tejasvi Singh,BATSMAN,Indian,0.25,78.0,26.0,0.0,0.0,0.0,78.0,0,1,72.77296598650278,0,0,0
IPL26-092,Finn Allen,BATSMAN,New Zealander,1.0,74.0,27.0,0.0,0.0,0.0,74.0,1,1,80.25347067167141,0,0,0
IPL26-093,Rachin Ravindra,BATSMAN,New Zealander,1.0,67.0,26.0,0.0,0.0,0.0,67.0,1,1,47.71070740310173,2,1,0
IPL26-094,Tim Seifert,WICKET_KEEPER,New Zealander,1.0,58.0,24.0,0.0,0.0,0.0,58.0,1,1,52.49313086540728,3,0,0
IPL26-095,Akash Deep,BOWLER,Indian,1.0,58.0,26.0,0.0,5.0,74.49,58.0,0,1,100.0,1,2,0
IPL26-096,Rahul Tripathi,BATSMAN,Indian,2.0,73.0,26.0,0.0,0.0,0.0,73.0,0,1,56.389819206354105,0,0,0
IPL26-097,Prashant Solanki,BOWLER,Indian,0.25,75.0,26.0,0.0,0.0,0.0,75.0,0,1,38.062183463568644,4,0,0
IPL26-098,Kartik Tyagi,BOWLER,Indian,1.0,71.0,25.0,0.0,15.0,267.17,71.0,0,1,100.0,2,1,0
IPL26-099,Sarthak Ranjan,BATSMAN,Indian,0.25,59.0,29.0,61.0,0.0,0.0,59.0,0,1,36.915111840910775,1,1,0
IPL26-100,Daksh Kamra,BATSMAN,Indian,0.25,50.0,26.0,0.0,0.0,0.0,50.0,0,1,51.72637761301366,2,1,0
IPL26-101,Rishabh Pant,WICKET_KEEPER,Indian,2.0,82.0,28.0,0.0,0.0,0.0,82.0,0,1,59.26328797527364,1,1,0
IPL26-102,Nicholas Pooran,WICKET_KEEPER,West Indian,2.0,77.0,30.0,0.0,0.0,0.0,77.0,1,1,83.68642449248046,1,2,0
IPL26-103,Mayank Yadav,BOWLER,Indian,1.0,63.0,26.0,0.0,0.0,0.0,63.0,0,1,11.527346363321481,5,2,0
IPL26-104,Mohammed Shami,BOWLER,Indian,2.0,77.0,36.0,0.0,9.0,366.12,77.0,0,1,100.0,0,0,0
IPL26-105,Mohsin Khan,BOWLER,Indian,1.5,75.0,38.0,0.0,13.0,341.0,75.0,0,1,100.0,2,2,0
IPL26-106,Ayush Badoni,BATSMAN,Indian,0.5,70.0,26.0,0.0,0.0,0.0,70.0,0,1,59.179179337524445,2,2,0
IPL26-107,Avesh Khan,BOWLER,Indian,1.5,73.0,29.0,0.0,9.0,614.92,73.0,0,1,99.08265423201769,5,1,0
IPL26-108,Abdul Samad,BATSMAN,Indian,1.5,66.0,26.0,124.0,10.0,652.13,66.0,0,1,98.3536314647209,4,1,0
IPL26-109,Mitchell Marsh,ALL_ROUNDER,Australian,1.5,,34.0,0.0,0.0,0.0,50.0,1,1,28.95429878992535,4,1,0
IPL26-110,Aiden Markram,ALL_ROUNDER,South African,1.5,,31.0,0.0,0.0,0.0,50.0,1,1,23.5026341998778,0,0,0
IPL26-111,Shahbaz Ahmed,ALL_ROUNDER,Indian,1.5,,26.0,168.0,7.0,458.64,50.0,0,1,97.85430982466205,0,0,0
IPL26-112,Matthew Breetzke,BATSMAN,South African,1.0,61.0,27.0,0.0,0.0,0.0,61.0,1,1,40.009280684530054,3,2,0
IPL26-113,Digvesh Rathi,BOWLER,Indian,0.5,65.0,26.0,0.0,0.0,0.0,65.0,0,1,19.945881371129378,5,2,0
IPL26-114,Himmat Singh,BATSMAN,Indian,0.5,66.0,29.0,173.0,0.0,101.92,66.0,0,1,94.72681555566953,4,0,0
IPL26-115,Arshin Kulkarni,BATSMAN,Indian,0.25,56.0,26.0,0.0,0.0,0.0,56.0,0,1,29.05755117091817,1,1,0
IPL26-116,Manimaran Siddharth,BOWLER,Indian,0.5,68.0,27.0,0.0,0.0,0.0,68.0,0,1,45.43965496747864,2,1,0
IPL26-117,Akash Singh,BOWLER,Indian,0.25,67.0,39.0,0.0,9.0,96.39,67.0,0,1,100.0,0,0,0
IPL26-118,Arjun Tendulkar,BOWLER,Indian,0.5,64.0,26.0,38.0,8.0,32.51,64.0,0,1,96.01748520671207,2,1,0
IPL26-119,Prince Yadav,BATSMAN,Indian,0.25,52.0,24.0,5.0,0.0,347.54,52.0,0,1,100.0,2,1,0
IPL26-120,Josh Inglis,WICKET_KEEPER,Australian,1.0,74.0,31.0,0.0,0.0,0.0,74.0,1,1,78.54500497218427,3,2,0
IPL26-121,Akshat Raghuwanshi,BATSMAN,Indian,0.25,59.0,22.0,53.0,0.0,22.82,59.0,0,1,100.0,4,0,0
IPL26-122,Mukul Choudhary,BATSMAN,Indian,0.25,71.0,21.0,0.0,0.0,0.0,71.0,0,1,42.17586323401982,0,0,0
IPL26-123,Wanindu Hasaranga,BOWLER,Sri Lankan,1.5,76.0,28.0,0.0,0.0,0.0,76.0,1,1,39.13489702017262,2,0,0
IPL26-124,Anrich Nortje,BOWLER,South African,1.5,76.0,32.0,0.0,0.0,0.0,76.0,1,1,40.694894466873805,0,0,0
IPL26-125,Naman Tiwari,BOWLER,Indian,0.25,76.0,26.0,0.0,0.0,0.0,76.0,0,1,55.80785354162062,1,1,0
IPL26-126,Rohit Sharma,BATSMAN,Indian,2.0,54.0,39.0,5.0,0.0,0.0,54.0,0,1,39.73803277428978,3,2,0
IPL26-127,Jasprit Bumrah,BOWLER,Indian,2.0,95.0,32.0,0.0,0.0,0.0,95.0,0,1,70.93095980593898,1,2,1
IPL26-128,Suryakumar Yadav,BATSMAN,Indian,2.0,84.0,35.0,0.0,0.0,0.0,84.0,0,1,74.05745202268955,0,0,0
IPL26-129,Hardik Pandya,ALL_ROUNDER,Indian,2.0,,32.0,0.0,0.0,0.0,50.0,0,1,23.807341724356565,0,0,0
IPL26-130,Tilak Varma,BATSMAN,Indian,1.5,76.0,23.0,324.0,0.0,1185.21,76.0,0,1,100.0,4,0,1
IPL26-131,Trent Boult,BOWLER,New Zealander,2.0,87.0,36.0,0.0,0.0,0.0,87.0,1,1,78.03859471641658,2,2,1
IPL26-132,Deepak Chahar,BOWLER,Indian,2.0,80.0,26.0,0.0,0.0,0.0,80.0,0,1,44.934686121130945,2,0,0
IPL26-133,Naman Dhir,BATSMAN,Indian,0.5,71.0,26.0,259.0,0.0,863.67,71.0,0,1,96.39683882348407,1,2,0
IPL26-134,Will Jacks,ALL_ROUNDER,English,1.5,,27.0,0.0,0.0,0.0,50.0,1,1,25.47711241356386,3,2,0
IPL26-135,Robin Minz,WICKET_KEEPER,Indian,0.5,55.0,23.0,0.0,0.0,0.0,55.0,0,1,21.694869845432276,5,1,0
IPL26-136,Ryan Rickelton,WICKET_KEEPER,South African,1.0,73.0,29.0,0.0,0.0,0.0,73.0,1,1,30.86209620942263,2,1,0
IPL26-137,Shardul Thakur,ALL_ROUNDER,Indian,2.0,,34.0,0.0,0.0,0.0,50.0,0,1,36.58904538288699,4,1,0
IPL26-138,Sherfane Rutherford,BATSMAN,West Indian,1.0,67.0,27.0,0.0,0.0,0.0,67.0,1,1,56.45244856391641,1,2,0
IPL26-139,Mayank Markande,BOWLER,Indian,1.5,72.0,28.0,0.0,0.0,0.0,72.0,0,1,52.95648513574313,1,1,0
IPL26-140,Allah Ghazanfar,BOWLER,Afghan,1.0,70.0,26.0,0.0,0.0,0.0,70.0,1,1,39.78305050840384,5,0,0
IPL26-141,Corbin Bosch,ALL_ROUNDER,South African,1.0,,31.0,0.0,0.0,0.0,50.0,1,1,9.513890007504903,4,0,0
IPL26-142,Mitchell Santner,ALL_ROUNDER,New Zealander,1.5,,34.0,0.0,0.0,0.0,50.0,1,1,18.389028788789016,3,2,0
IPL26-143,Ashwani Kumar,BOWLER,Indian,0.25,73.0,26.0,0.0,17.0,180.0,73.0,0,1,94.41027421816524,4,2,0
IPL26-144,Raj Angad Bawa,BATSMAN,Indian,0.5,62.0,23.0,0.0,0.0,0.0,62.0,0,1,30.045764234398565,3,1,0
IPL26-145,Raghu Sharma,BOWLER,Indian,0.25,59.0,26.0,0.0,4.0,37.39,59.0,0,1,90.44373160052987,4,2,0
IPL26-146,Quinton de Kock,WICKET_KEEPER,South African,2.0,79.0,33.0,0.0,0.0,0.0,79.0,1,1,44.13002512199874,4,2,0
IPL26-147,Atharva Ankolekar,ALL_ROUNDER,Indian,1.0,,25.0,78.0,9.0,0.0,50.0,0,1,33.2251580402444,0,0,0
IPL26-148,Mohammad Izhar,BOWLER,Indian,0.25,76.0,26.0,0.0,0.0,0.0,76.0,0,1,73.34318292935579,1,0,0
IPL26-149,Danish Malewar,BATSMAN,Indian,0.25,52.0,26.0,0.0,0.0,0.0,52.0,0,1,57.42486272645748,4,1,0
IPL26-150,Mayank Rawat,BATSMAN,Indian,0.25,56.0,26.0,24.0,0.0,0.0,56.0,0,1,44.049194826325866,5,2,0
IPL26-151,Shreyas Iyer,BATSMAN,Indian,2.0,83.0,31.0,0.0,0.0,0.0,83.0,0,1,64.89034426965848,4,2,0
IPL26-152,Arshdeep Singh,BOWLER,Indian,2.0,78.0,21.0,0.0,12.0,828.89,78.0,0,1,91.74632140275719,2,0,1
IPL26-153,Yuzvendra Chahal,BOWLER,Indian,2.0,100.0,35.0,0.0,0.0,0.0,100.0,0,1,82.38802257073787,1,2,1
IPL26-154,Marco Jansen,ALL_ROUNDER,South African,1.0,,26.0,0.0,0.0,0.0,50.0,1,1,2.392502204492211,2,0,0
IPL26-155,Prabhsimran Singh,WICKET_KEEPER,Indian,1.5,74.0,25.0,0.0,0.0,0.0,74.0,0,1,62.69238990806732,1,1,0
IPL26-156,Harpreet Brar,ALL_ROUNDER,Indian,1.5,,30.0,91.0,13.0,492.23,50.0,0,1,92.32660759008623,2,0,0
IPL26-157,Shashank Singh,BATSMAN,Indian,1.5,73.0,26.0,193.0,0.0,1092.28,73.0,0,1,100.0,4,2,0
IPL26-158,Azmatullah Omarzai,ALL_ROUNDER,Afghan,1.0,,26.0,225.0,9.0,458.76,50.0,1,1,100.0,4,1,0
IPL26-159,Nehal Wadhera,BATSMAN,Indian,0.5,68.0,25.0,0.0,0.0,0.0,68.0,0,1,48.81383528130613,0,0,0
IPL26-160,Xavier Bartlett,BOWLER,Australian,1.0,55.0,27.0,0.0,0.0,0.0,55.0,1,1,70.4554427282867,5,0,0
IPL26-161,Lockie Ferguson,BOWLER,New Zealander,1.5,74.0,35.0,0.0,0.0,0.0,74.0,1,1,47.53553618394008,2,1,0
IPL26-162,Marcus Stoinis,ALL_ROUNDER,Australian,1.5,,36.0,0.0,0.0,0.0,50.0,1,1,35.07187333094315,3,1,0
IPL26-163,Mitch Owen,ALL_ROUNDER,Australian,1.0,,22.0,0.0,0.0,0.0,50.0,1,1,28.55964267737646,0,0,0
IPL26-164,Musheer Khan,BOWLER,Indian,0.5,61.0,26.0,0.0,1.0,9.79,61.0,0,1,100.0,2,2,0
IPL26-165,Priyansh Arya,BATSMAN,Indian,0.5,74.0,25.0,261.0,0.0,912.18,74.0,0,1,98.52816669490846,2,0,0
IPL26-166,Vyshak Vijaykumar,BOWLER,Indian,1.5,62.0,26.0,0.0,0.0,0.0,62.0,0,1,31.544647893190334,0,0,0
IPL26-167,Yash Thakur,BOWLER,Indian,0.5,67.0,26.0,0.0,8.0,223.54,67.0,0,1,100.0,4,0,0
IPL26-168,Pyla Avinash,BATSMAN,Indian,0.25,63.0,25.0,0.0,0.0,0.0,63.0,0,1,58.85825707809665,2,1,0
IPL26-169,Harnoor Pannu,BATSMAN,Indian,0.25,64.0,26.0,0.0,0.0,0.0,64.0,0,1,60.40042839919856,4,1,0
IPL26-170,Vishnu Vinod,WICKET_KEEPER,Indian,1.0,62.0,32.0,226.0,0.0,15.19,62.0,0,1,91.88738184901123,0,0,0
IPL26-171,Suryansh Shedge,BATSMAN,Indian,0.25,67.0,23.0,165.0,0.0,226.14,67.0,0,1,100.0,4,1,0
IPL26-172,Cooper Connolly,BATSMAN,Australian,1.0,75.0,22.0,0.0,0.0,0.0,75.0,1,1,66.99333588769287,1,1,0
IPL26-173,Ben Dwarshuis,BOWLER,Australian,1.0,56.0,31.0,0.0,0.0,0.0,56.0,1,1,15.304935526050002,3,2,0
IPL26-174,Praveen Dubey,BOWLER,Indian,0.25,59.0,32.0,0.0,0.0,0.0,59.0,0,1,51.499398266198945,2,1,0
IPL26-175,Vishal Nishad,BOWLER,Indian,0.25,51.0,26.0,0.0,0.0,0.0,51.0,0,1,15.023959072823676,5,2,0
IPL26-176,Yashasvi Jaiswal,BATSMAN,Indian,1.5,78.0,24.0,0.0,0.0,0.0,78.0,0,1,71.61680985875752,3,2,1
IPL26-177,Ravindra Jadeja,ALL_ROUNDER,Indian,2.0,,37.0,0.0,0.0,0.0,50.0,0,1,63.719626535321474,4,1,0
IPL26-178,Riyan Parag,ALL_ROUNDER,Indian,2.0,,24.0,0.0,0.0,0.0,50.0,0,1,23.725244005313293,2,1,0
IPL26-179,Jofra Archer,BOWLER,English,1.5,80.0,31.0,0.0,0.0,0.0,80.0,1,1,53.71037496526476,4,0,0
IPL26-180,Dhruv Jurel,WICKET_KEEPER,Indian,1.0,73.0,25.0,334.0,0.0,1059.22,73.0,0,1,100.0,1,2,0
IPL26-181,Shimron Hetmyer,BATSMAN,West Indian,2.0,72.0,29.0,0.0,0.0,0.0,72.0,1,1,55.59639341223723,0,0,0
IPL26-182,Sam Curran,ALL_ROUNDER,English,2.0,,26.0,0.0,0.0,0.0,50.0,1,1,21.068817360247053,2,1,0
IPL26-183,Sandeep Sharma,BOWLER,Indian,2.0,77.0,26.0,0.0,9.0,459.67,77.0,0,1,94.71234374283328,1,0,0
IPL26-184,Vaibhav Suryavanshi,BATSMAN,Indian,0.5,80.0,26.0,0.0,0.0,0.0,80.0,0,1,33.722867259494194,1,2,0
IPL26-185,Tushar Deshpande,BOWLER,Indian,1.5,72.0,26.0,0.0,0.0,0.0,72.0,0,1,51.74283326585432,2,0,0
IPL26-186,Shubham Dubey,BATSMAN,Indian,0.5,72.0,32.0,0.0,0.0,0.0,72.0,0,1,42.881209804641955,4,2,0
IPL26-187,Yudhvir Charak,BOWLER,Indian,0.5,66.0,26.0,0.0,0.0,0.0,66.0,0,1,56.95348425217604,5,1,0
IPL26-188,Kwena Maphaka,BOWLER,South African,0.5,52.0,20.0,0.0,0.0,0.0,52.0,1,1,19.860231827706034,1,1,0
IPL26-189,Lhuan-Dre Pretorius,BATSMAN,South African,0.5,57.0,20.0,0.0,0.0,0.0,57.0,1,1,64.59906561308347,3,2,0
IPL26-190,Nandre Burger,BOWLER,South African,1.0,70.0,30.0,0.0,0.0,0.0,70.0,1,1,40.88811919341886,1,1,0
IPL26-191,Donovan Ferreira,WICKET_KEEPER,South African,1.0,69.0,27.0,0.0,0.0,0.0,69.0,1,1,45.478765312449,5,1,0
IPL26-192,Ravi Bishnoi,BOWLER,Indian,2.0,74.0,25.0,0.0,12.0,466.26,74.0,0,1,92.50670299246522,4,1,0
IPL26-193,Adam Milne,BOWLER,New Zealander,1.0,59.0,34.0,0.0,0.0,0.0,59.0,1,1,56.89854612485343,4,1,0
IPL26-194,Ravi Singh,BATSMAN,Indian,0.25,59.0,26.0,4.0,0.0,4.35,59.0,0,1,69.45744076236763,3,2,0
IPL26-195,Sushant Mishra,BOWLER,Indian,0.25,75.0,25.0,0.0,0.0,0.0,75.0,0,1,41.979736641603395,1,0,1
IPL26-196,Kuldeep Sen,BOWLER,Indian,1.0,70.0,29.0,0.0,0.0,0.0,70.0,0,1,59.33795047661639,4,0,0
IPL26-197,Brijesh Sharma,BOWLER,Indian,0.25,67.0,26.0,0.0,11.0,210.22,67.0,0,1,96.64980403222327,5,1,0
IPL26-198,Aman Rao Perala,BATSMAN,Indian,0.25,71.0,26.0,0.0,0.0,0.0,71.0,0,1,75.35572171721611,2,0,0
IPL26-199,Vignesh Puthur,BOWLER,Indian,0.25,73.0,25.0,0.0,0.0,0.0,73.0,0,1,27.082814085302097,0,0,0
IPL26-200,Virat Kohli,BATSMAN,Indian,2.0,100.0,37.0,0.0,0.0,0.0,100.0,0,1,80.99434623975094,0,0,1
IPL26-201,Rajat Patidar,BATSMAN,Indian,1.5,75.0,33.0,0.0,0.0,0.0,75.0,0,1,60.18560808663964,0,0,0
IPL26-202,Phil Salt,WICKET_KEEPER,English,1.0,75.0,47.0,0.0,0.0,0.0,75.0,1,1,68.14970602250735,1,0,0
IPL26-203,Josh Hazlewood,BOWLER,Australian,1.5,79.0,35.0,0.0,0.0,0.0,79.0,1,1,40.63849691358323,3,2,0
IPL26-204,Yash Dayal,BOWLER,Indian,1.5,68.0,28.0,0.0,7.0,485.16,68.0,0,1,93.32855992222022,4,1,0
IPL26-205,Krunal Pandya,ALL_ROUNDER,Indian,2.0,,35.0,0.0,0.0,0.0,50.0,0,1,9.585917606314156,2,2,0
IPL26-206,Bhuvneshwar Kumar,BOWLER,Indian,2.0,98.0,36.0,0.0,0.0,0.0,98.0,0,1,97.2215171251955,5,0,1
IPL26-207,Tim David,BATSMAN,Singaporean,1.5,74.0,26.0,0.0,0.0,0.0,74.0,1,1,44.53474895448768,2,1,0
IPL26-208,Romario Shepherd,ALL_ROUNDER,West Indian,1.0,,31.0,0.0,0.0,0.0,50.0,1,1,38.10609495633021,5,2,0
IPL26-209,Nuwan Thushara,BOWLER,Sri Lankan,1.0,68.0,31.0,0.0,0.0,0.0,68.0,1,1,58.48234780923618,1,1,0
IPL26-210,Swapnil Singh,BOWLER,Indian,1.0,66.0,35.0,74.0,7.0,131.12,66.0,0,1,93.20826140356924,0,0,0
IPL26-211,Jacob Bethell,BATSMAN,English,1.0,64.0,20.0,0.0,0.0,0.0,64.0,1,1,31.45243460927491,1,2,0
IPL26-212,Devdutt Padikkal,BATSMAN,Indian,1.5,73.0,25.0,0.0,0.0,0.0,73.0,0,1,51.48021966769833,3,0,0
IPL26-213,Suyash Sharma,BOWLER,Indian,0.5,64.0,26.0,0.0,7.0,369.66,64.0,0,1,100.0,3,0,0
IPL26-214,Rasikh Dar,BOWLER,Indian,0.5,71.0,26.0,0.0,0.0,0.0,71.0,0,1,60.911213433369134,5,1,0
IPL26-215,Jitesh Sharma,WICKET_KEEPER,Indian,1.5,56.0,32.0,0.0,0.0,0.0,56.0,0,1,31.04185560192814,4,2,0
IPL26-216,Abhinandan Singh,BOWLER,Indian,0.25,59.0,26.0,0.0,3.0,38.42,59.0,0,1,100.0,4,0,0
IPL26-217,Venkatesh Iyer,ALL_ROUNDER,Indian,1.5,,35.0,0.0,0.0,0.0,50.0,0,1,64.54707741591956,5,0,0
IPL26-218,Jordan Cox,WICKET_KEEPER,English,1.0,80.0,34.0,0.0,0.0,0.0,80.0,1,1,67.06631097836642,3,2,0
IPL26-219,Mangesh Yadav,BOWLER,Indian,0.25,65.0,26.0,0.0,0.0,0.0,65.0,0,1,33.926235678013065,3,0,0
IPL26-220,Vicky Kanhaiya Ostwal,BOWLER,Indian,0.5,74.0,26.0,0.0,0.0,0.0,74.0,0,1,63.10482200894634,3,0,0
IPL26-221,Kanishk Chouhan,BATSMAN,Indian,0.25,50.0,26.0,0.0,0.0,0.0,50.0,0,1,11.983565363022983,1,2,0
IPL26-222,Vihaan Malhotra,BATSMAN,Indian,0.25,50.0,19.0,0.0,0.0,0.0,50.0,0,1,50.8610203877965,3,2,0
IPL26-223,Satvik Deswal,BOWLER,Indian,0.25,77.0,26.0,0.0,0.0,0.0,77.0,0,1,74.27468988178538,2,2,0
IPL26-224,Yash Raj Punja,BOWLER,Indian,0.25,68.0,26.0,0.0,9.0,128.95,68.0,0,1,95.50600045878768,0,0,0
IPL26-225,Pat Cummins,ALL_ROUNDER,Australian,2.0,,33.0,0.0,0.0,0.0,50.0,1,1,13.141595737274482,3,1,0
IPL26-226,Heinrich Klaasen,WICKET_KEEPER,South African,1.5,80.0,26.0,0.0,0.0,0.0,80.0,1,1,69.91774857356963,5,2,0
IPL26-227,Travis Head,BATSMAN,Australian,1.5,75.0,32.0,0.0,0.0,0.0,75.0,1,1,65.41392565919432,0,0,0
IPL26-228,Abhishek Sharma,ALL_ROUNDER,Indian,1.5,,26.0,434.0,1.0,1410.48,50.0,0,1,99.50568561477392,1,1,0
IPL26-229,Nitish Kumar Reddy,ALL_ROUNDER,Indian,1.0,,23.0,0.0,0.0,0.0,50.0,0,1,53.82069727990276,5,1,0
IPL26-230,Ishan Kishan,WICKET_KEEPER,Indian,2.0,78.0,27.0,389.0,0.0,1062.44,78.0,0,1,100.0,0,0,0
IPL26-231,Harshal Patel,BOWLER,Indian,2.0,88.0,35.0,0.0,0.0,0.0,88.0,0,1,97.73758539027907,5,1,1
IPL26-232,Jaydev Unadkat,BOWLER,Indian,2.0,81.0,33.0,0.0,0.0,0.0,81.0,0,1,64.33866596594835,1,1,0
IPL26-233,Zeeshan Ansari,BOWLER,Indian,0.5,59.0,26.0,0.0,6.0,99.75,59.0,0,1,97.52246331765258,2,0,0
IPL26-234,Brydon Carse,BOWLER,English,1.0,72.0,30.0,0.0,0.0,0.0,72.0,1,1,31.420028513841125,1,0,0
IPL26-235,Kamindu Mendis,BATSMAN,Sri Lankan,1.0,65.0,27.0,0.0,0.0,0.0,65.0,1,1,26.70936826774345,1,0,0
IPL26-236,Harsh Dubey,BOWLER,Indian,0.5,70.0,23.0,13.0,12.0,174.77,70.0,0,1,100.0,5,2,0
IPL26-237,Aniket Verma,BATSMAN,Indian,0.25,66.0,24.0,117.0,0.0,403.65,66.0,0,1,98.8872926391443,4,0,0
IPL26-238,Eshan Malinga,BOWLER,Sri Lankan,0.25,74.0,25.0,0.0,0.0,0.0,74.0,1,1,45.88492266680573,3,0,0
IPL26-239,Smaran Ravichandaran,BATSMAN,Indian,0.25,73.0,26.0,0.0,0.0,0.0,73.0,0,1,51.220405452071084,3,1,0
IPL26-240,Liam Livingstone,ALL_ROUNDER,English,1.5,,32.0,0.0,0.0,0.0,50.0,1,1,38.85745325205828,2,0,0
IPL26-241,Salil Arora,WICKET_KEEPER,Indian,0.25,68.0,23.0,35.0,0.0,31.36,68.0,0,1,100.0,2,2,0
IPL26-242,Jack Edwards,ALL_ROUNDER,Australian,1.0,,26.0,0.0,0.0,0.0,50.0,1,1,33.511882736896425,3,0,0
IPL26-243,Shivam Mavi,BOWLER,Indian,1.5,64.0,27.0,0.0,12.0,0.0,64.0,0,1,59.183475179095964,4,2,0
IPL26-244,Amit Kumar,BOWLER,Indian,0.25,56.0,26.0,0.0,1.0,0.0,56.0,0,1,27.42109417529244,3,0,0
IPL26-245,Onkar Tarmale,ALL_ROUNDER,Indian,0.25,,26.0,0.0,0.0,0.0,50.0,0,1,51.183541263656956,4,0,0
IPL26-246,Sakib Hussain,BOWLER,Indian,0.25,71.0,21.0,0.0,11.0,221.1,71.0,0,1,93.84020937126989,2,0,0
IPL26-247,Praful Hinge,BOWLER,Indian,0.25,70.0,26.0,0.0,0.0,0.0,70.0,0,1,46.756281387077394,0,0,0
IPL26-248,Shivang Kumar,BOWLER,Indian,0.25,63.0,26.0,53.0,5.0,185.9,63.0,0,1,100.0,5,2,0
IPL26-249,Krains Fuletra,BOWLER,Indian,0.25,55.0,26.0,0.0,0.0,0.0,55.0,0,1,76.96591928841326,2,2,0
IPL26-250,Jake Fraser-McGurk,BATSMAN,Australian,1.0,71.0,23.0,0.0,0.0,0.0,71.0,1,1,57.98439726749363,2,1,0
IPL26-251,Devon Conway,WICKET_KEEPER,New Zealander,1.5,76.0,26.0,0.0,0.0,0.0,76.0,1,1,54.63498096242992,1,2,0
IPL26-252,Gus Atkinson,BOWLER,English,1.0,80.0,28.0,0.0,0.0,0.0,80.0,1,1,37.596504970867976,1,0,0
IPL26-253,Jamie Smith,WICKET_KEEPER,English,1.0,71.0,37.0,0.0,0.0,0.0,71.0,1,1,51.5913570928402,1,1,0
IPL26-254,Deepak Hooda,ALL_ROUNDER,Indian,2.0,,31.0,0.0,0.0,0.0,50.0,0,1,34.92295009879516,5,1,0
IPL26-255,Wiaan Mulder,BOWLER,South African,1.0,50.0,28.0,0.0,0.0,0.0,50.0,1,1,37.18861175843192,1,1,0
IPL26-256,Rahmanullah Gurbaz,WICKET_KEEPER,Afghan,1.0,67.0,24.0,233.0,0.0,183.09,67.0,1,1,95.27654656231785,4,0,0
IPL26-257,Jonny Bairstow,WICKET_KEEPER,English,1.5,75.0,36.0,0.0,0.0,0.0,75.0,1,1,73.61312385721874,3,2,0
IPL26-258,K.S. Bharat,WICKET_KEEPER,Indian,1.5,67.0,26.0,0.0,0.0,0.0,67.0,0,1,50.83617989426473,0,0,0
IPL26-259,Gerald Coetzee,BOWLER,South African,1.0,67.0,25.0,0.0,0.0,0.0,67.0,1,1,31.325771488282815,2,1,0
IPL26-260,Spencer Johnson,BOWLER,Australian,1.0,57.0,38.0,0.0,0.0,0.0,57.0,1,1,15.364831158179836,4,0,0
IPL26-261,Fazalhaq Farooqi,BOWLER,Afghan,1.0,63.0,25.0,0.0,18.0,34.22,63.0,1,1,100.0,0,0,0
IPL26-262,Maheesh Theekshana,BOWLER,Sri Lankan,1.0,71.0,25.0,0.0,0.0,0.0,71.0,1,1,47.760379123749026,4,2,0
IPL26-263,Mujeeb Ur Rahman,BOWLER,Afghan,2.0,67.0,25.0,0.0,7.0,8.29,67.0,1,1,97.8807422755322,4,2,0
IPL26-264,Aarya Desai,BATSMAN,Indian,0.25,55.0,23.0,99.0,0.0,0.0,55.0,0,1,51.86999780852111,2,1,0
IPL26-265,Yash Dhull,BATSMAN,Indian,0.5,55.0,23.0,0.0,0.0,0.0,55.0,0,1,42.86267289172076,3,0,0
IPL26-266,Abhinav Manohar,BATSMAN,Indian,0.5,62.0,31.0,0.0,0.0,0.0,62.0,0,1,23.512626798872315,1,0,0
IPL26-267,Anmolpreet Singh,BATSMAN,Indian,1.0,63.0,28.0,344.0,0.0,4.93,63.0,0,1,74.7067423948811,5,2,0
IPL26-268,Atharva Taide,BATSMAN,Indian,0.5,68.0,26.0,326.0,0.0,59.39,68.0,0,1,100.0,3,0,0
IPL26-269,Mahipal Lomror,BATSMAN,Indian,1.5,65.0,26.0,0.0,0.0,0.0,65.0,0,1,51.269977925019234,5,0,0
IPL26-270,Vijay Shankar,ALL_ROUNDER,Indian,2.0,,35.0,0.0,0.0,0.0,50.0,0,1,34.36318411676949,2,0,0
IPL26-271,Tanush Kotian,BATSMAN,Indian,0.5,61.0,27.0,75.0,14.0,18.32,61.0,0,1,100.0,2,2,0
IPL26-272,Kamlesh Nagarkoti,BOWLER,Indian,1.5,57.0,26.0,0.0,0.0,0.0,57.0,0,1,22.19041037720308,2,1,0
IPL26-273,Ruchit Ahir,BATSMAN,Indian,0.25,74.0,26.0,0.0,0.0,0.0,74.0,0,1,56.88430069915556,0,0,0
IPL26-274,Sanvir Singh,BATSMAN,Indian,0.5,60.0,29.0,103.0,4.0,20.67,60.0,0,1,93.74501834509077,5,0,0
IPL26-275,Vansh Bedi,WICKET_KEEPER,Indian,0.25,50.0,23.0,0.0,0.0,0.0,50.0,0,1,43.90301811148759,3,1,0
IPL26-276,Raj Limbani,BOWLER,Indian,0.25,75.0,26.0,0.0,0.0,0.0,75.0,0,1,34.190744938646276,3,2,0
IPL26-277,Simarjeet Singh,BOWLER,Indian,1.0,65.0,28.0,0.0,9.0,87.74,65.0,0,1,98.19269637620285,4,2,0
IPL26-278,Akash Madhwal,BOWLER,Indian,1.0,68.0,32.0,0.0,10.0,143.34,68.0,0,1,95.90367803222598,4,1,0
IPL26-279,Karn Sharma,BOWLER,Indian,2.0,80.0,38.0,0.0,0.0,0.0,80.0,0,1,68.44535415104694,4,1,0
IPL26-280,Sean Abbott,BOWLER,Australian,1.0,54.0,34.0,0.0,0.0,0.0,54.0,1,1,41.43175473931186,2,0,0
IPL26-281,Michael Bracewell,ALL_ROUNDER,New Zealander,1.0,,35.0,0.0,0.0,0.0,50.0,1,1,41.42673109714307,3,1,0
IPL26-282,Daryl Mitchell,BATSMAN,New Zealander,1.0,67.0,26.0,0.0,0.0,0.0,67.0,1,1,66.09144761164526,5,0,0
IPL26-283,Dasun Shanaka,BATSMAN,Sri Lankan,1.5,62.0,34.0,0.0,0.0,0.0,62.0,1,1,25.293205220257587,2,0,0
IPL26-284,Chetan Sakariya,BOWLER,Indian,1.5,70.0,27.0,0.0,0.0,0.0,70.0,0,1,35.59824277888683,0,0,0
IPL26-285,Waqar Salamkheil,BOWLER,Afghan,1.0,72.0,29.0,0.0,10.0,0.0,72.0,1,1,56.40739925121951,4,2,0
IPL26-286,Taskin Ahmed,BOWLER,Bangladeshi,1.0,80.0,31.0,0.0,12.0,0.0,80.0,1,1,78.66211929148172,2,2,0
IPL26-287,Alzarri Joseph,BOWLER,West Indian,1.5,68.0,29.0,0.0,0.0,0.0,68.0,1,1,57.42605344721687,2,2,0
IPL26-288,Riley Meredith,BOWLER,Australian,1.0,69.0,29.0,0.0,0.0,0.0,69.0,1,1,93.62965507523339,0,0,0
IPL26-289,Jhye Richardson,BOWLER,Australian,1.5,58.0,29.0,0.0,0.0,0.0,58.0,1,1,53.63355996541135,1,2,0
IPL26-290,Daniel Lawrence,BATSMAN,English,1.0,79.0,26.0,0.0,0.0,0.0,79.0,1,1,71.75461085564612,3,1,0
IPL26-291,Murugan Ashwin,BOWLER,Indian,1.5,72.0,35.0,0.0,0.0,0.0,72.0,0,1,80.01941815374762,5,2,0
IPL26-292,William Sutherland,ALL_ROUNDER,Australian,1.0,,26.0,0.0,0.0,0.0,50.0,1,1,40.169158057224905,1,1,0
IPL26-293,Kartikeya Singh,BOWLER,Indian,0.5,79.0,26.0,0.0,0.0,0.0,79.0,0,1,59.337541510671585,4,0,0
IPL26-294,Shivam Shukla,BOWLER,Indian,0.25,63.0,26.0,0.0,2.0,0.0,63.0,0,1,43.98445050316451,2,1,0
IPL26-295,Wahidullah Zadran,BOWLER,Afghan,1.0,62.0,26.0,0.0,2.0,0.0,62.0,1,1,23.986917361486608,0,0,0
IPL26-296,KC Cariappa,BOWLER,Indian,0.5,59.0,32.0,0.0,9.0,0.0,59.0,0,1,42.11701899770344,0,0,0
IPL26-297,Sediqullah Atal,BATSMAN,Afghan,1.0,64.0,24.0,244.0,0.0,14.99,64.0,1,1,100.0,3,1,0
IPL26-298,Nathan Smith,BOWLER,New Zealander,1.0,53.0,26.0,8.0,1.0,0.0,53.0,1,1,35.93152889613381,1,0,0
IPL26-299,Manan Vohra,BATSMAN,Indian,1.5,68.0,32.0,0.0,0.0,0.0,68.0,0,1,51.653987616942786,3,0,0
IPL26-300,Jacob Duffy,BOWLER,New Zealander,1.0,67.0,25.0,0.0,0.0,0.0,67.0,1,1,82.44635969880783,2,2,0
IPL26-001,MS Dhoni,WICKET_KEEPER,Indian,2.0,76.0,44.0,150.0,0.0,492.22,76.0,0,1,100.0,1,2,0
IPL26-002,Ruturaj Gaikwad,BATSMAN,Indian,2.0,79.0,29.0,0.0,0.0,0.0,79.0,0,1,63.33186749168946,2,2,0
IPL26-003,Sanju Samson,WICKET_KEEPER,Indian,2.0,85.0,31.0,0.0,0.0,0.0,85.0,0,1,72.49619225176616,0,0,1
IPL26-004,Shivam Dube,ALL_ROUNDER,Indian,2.0,,32.0,0.0,0.0,0.0,50.0,0,1,38.761916067693654,3,2,0
IPL26-005,Ayush Mhatre,BATSMAN,Indian,0.25,73.0,18.0,0.0,0.0,0.0,73.0,0,1,76.932612212019,5,2,0
IPL26-006,Dewald Brevis,BATSMAN,South African,1.0,68.0,23.0,0.0,0.0,0.0,68.0,1,1,48.83803803259373,3,1,0
IPL26-007,Urvil Patel,WICKET_KEEPER,Indian,0.25,69.0,27.0,197.0,0.0,268.05,69.0,0,1,100.0,5,2,0
IPL26-008,Noor Ahmad,BOWLER,Afghan,1.5,76.0,21.0,0.0,12.0,701.28,76.0,1,1,100.0,0,0,1
IPL26-009,Nathan Ellis,BOWLER,Australian,1.0,71.0,26.0,0.0,0.0,0.0,71.0,1,1,49.31275065809342,0,0,0
IPL26-010,Shreyas Gopal,BOWLER,Indian,2.0,76.0,32.0,0.0,0.0,0.0,76.0,0,1,91.70527015880225,0,0,0
IPL26-011,Khaleel Ahmed,BOWLER,Indian,2.0,80.0,26.0,0.0,0.0,0.0,80.0,0,1,71.22342695212569,1,1,0
IPL26-012,Ramakrishna Ghosh,BOWLER,Indian,0.25,55.0,28.0,0.0,0.0,0.0,55.0,0,1,28.963379444550558,5,1,0
IPL26-013,Mukesh Choudhary,BOWLER,Indian,1.5,68.0,30.0,0.0,9.0,140.19,68.0,0,1,100.0,1,1,0
IPL26-014,Jamie Overton,ALL_ROUNDER,English,1.0,,32.0,0.0,0.0,0.0,50.0,1,1,43.66603031857939,1,0,0
IPL26-015,Gurjapneet Singh,BOWLER,Indian,0.5,58.0,27.0,0.0,4.0,99.53,58.0,0,1,100.0,4,0,0
IPL26-016,Anshul Kamboj,ALL_ROUNDER,Indian,0.5,,31.0,0.0,0.0,0.0,50.0,0,1,26.24238571795899,3,1,0
IPL26-017,Prashant Veer,BATSMAN,Indian,0.25,73.0,20.0,0.0,0.0,0.0,73.0,0,1,40.29902913279373,3,0,0
IPL26-018,Kartik Sharma,WICKET_KEEPER,Indian,0.25,70.0,26.0,277.0,0.0,292.84,70.0,0,1,100.0,2,1,0
IPL26-019,Rahul Chahar,BOWLER,Indian,2.0,78.0,26.0,0.0,0.0,0.0,78.0,0,1,55.89770710839707,1,0,0
IPL26-020,Akeal Hosein,BOWLER,West Indian,1.0,71.0,33.0,0.0,0.0,0.0,71.0,1,1,23.813973656328198,5,2,0
IPL26-021,Matt Henry,BOWLER,New Zealander,1.0,54.0,47.0,0.0,0.0,0.0,54.0,1,1,4.354853262207719,4,2,0
IPL26-022,Matthew Short,BATSMAN,Australian,1.0,64.0,26.0,0.0,0.0,0.0,64.0,1,1,35.24499532842045,4,1,0
IPL26-023,Sarfaraz Khan,BATSMAN,Indian,1.0,67.0,26.0,0.0,0.0,0.0,67.0,0,1,33.45134524650104,3,0,0
IPL26-024,Zak Foulkes,BOWLER,English,1.0,81.0,24.0,0.0,0.0,0.0,81.0,1,1,67.32049606618048,1,0,0
IPL26-025,Aman Khan,BOWLER,Indian,0.25,64.0,26.0,24.0,6.0,0.0,64.0,0,1,32.48924263835826,2,2,0
IPL26-026,KL Rahul,WICKET_KEEPER,Indian,2.0,87.0,34.0,482.0,0.0,1380.75,87.0,0,1,100.0,1,2,0
IPL26-027,Axar Patel,ALL_ROUNDER,Indian,2.0,,32.0,0.0,0.0,0.0,50.0,0,1,11.083115987540525,0,0,0
IPL26-028,Kuldeep Yadav,BOWLER,Indian,2.0,77.0,26.0,0.0,8.0,718.52,77.0,0,1,98.77921682354676,1,0,0
IPL26-029,T. Natarajan,BOWLER,Indian,2.0,75.0,26.0,0.0,0.0,0.0,75.0,0,1,81.8051673752651,0,0,0
IPL26-030,Mitchell Starc,BOWLER,Australian,1.5,80.0,36.0,0.0,0.0,0.0,80.0,1,1,62.56070793732516,0,0,0
IPL26-031,Tristan Stubbs,WICKET_KEEPER,South African,1.5,77.0,25.0,0.0,0.0,0.0,77.0,1,1,51.87488399463389,2,0,0
IPL26-032,Mukesh Kumar,BOWLER,Indian,1.5,67.0,26.0,0.0,6.0,521.18,67.0,0,1,100.0,5,0,0
IPL26-033,Nitish Rana,BATSMAN,Indian,2.0,76.0,32.0,0.0,0.0,0.0,76.0,0,1,38.13464091835264,3,1,0
IPL26-034,Abishek Porel,WICKET_KEEPER,Indian,1.0,69.0,23.0,235.0,0.0,743.92,69.0,0,1,98.51218248320004,1,0,0
IPL26-035,Ashutosh Sharma,BATSMAN,Indian,0.5,72.0,26.0,230.0,0.0,869.41,72.0,0,1,100.0,0,0,0
IPL26-036,Sameer Rizvi,BATSMAN,Indian,0.5,71.0,22.0,310.0,0.0,503.63,71.0,0,1,99.24972206483737,1,1,0
IPL26-037,Karun Nair,BATSMAN,Indian,1.5,70.0,34.0,0.0,0.0,0.0,70.0,0,1,42.46214139947997,5,0,0
IPL26-038,Dushmantha Chameera,BOWLER,Sri Lankan,1.0,61.0,34.0,0.0,0.0,0.0,61.0,1,1,41.79847972422865,3,2,0
IPL26-039,Vipraj Nigam,ALL_ROUNDER,Indian,0.5,,21.0,0.0,0.0,0.0,50.0,0,1,12.812991576572795,5,1,0
IPL26-040,Ajay Mandal,ALL_ROUNDER,Indian,0.25,,26.0,149.0,10.0,0.0,50.0,0,1,30.15409484070907,3,2,0
IPL26-041,Madhav Tiwari,BOWLER,Indian,0.25,70.0,22.0,0.0,0.0,0.0,70.0,0,1,33.79016523824646,4,0,0
IPL26-042,Tripurana Vijay,BOWLER,Indian,0.25,50.0,24.0,0.0,0.0,0.0,50.0,0,1,33.597119069225705,3,0,0
IPL26-043,Auqib Nabi Dar,ALL_ROUNDER,Indian,0.25,,26.0,0.0,0.0,0.0,50.0,0,1,16.739594074967407,2,0,0
IPL26-044,Pathum Nissanka,BATSMAN,Sri Lankan,1.0,69.0,28.0,0.0,0.0,0.0,69.0,1,1,71.82721102035252,5,0,0
IPL26-045,David Miller,BATSMAN,South African,2.0,80.0,26.0,0.0,0.0,0.0,80.0,1,1,49.03059106091242,0,0,0
IPL26-046,Ben Duckett,BATSMAN,English,1.0,84.0,31.0,0.0,0.0,0.0,84.0,1,1,44.93952732721398,4,1,0
IPL26-047,Lungi Ngidi,BOWLER,South African,1.5,77.0,30.0,0.0,0.0,0.0,77.0,1,1,62.722724714510335,2,2,0
IPL26-048,Kyle Jamieson,ALL_ROUNDER,New Zealander,1.5,,26.0,0.0,0.0,0.0,50.0,1,1,19.897421051116513,1,0,0
IPL26-049,Prithvi Shaw,BATSMAN,Indian,2.0,72.0,26.0,0.0,0.0,0.0,72.0,0,1,60.182039371784505,5,2,0
IPL26-050,Sahil Parakh,BATSMAN,Indian,0.25,61.0,26.0,0.0,0.0,0.0,61.0,0,1,8.164196415914747,0,0,0
IPL26-051,Shubman Gill,BATSMAN,Indian,2.0,84.0,26.0,435.0,0.0,1502.36,84.0,0,1,100.0,3,0,0
IPL26-052,Rashid Khan,ALL_ROUNDER,Afghan,2.0,,26.0,86.0,13.0,1036.91,50.0,1,1,100.0,0,0,0
IPL26-053,Jos Buttler,WICKET_KEEPER,English,2.0,86.0,35.0,0.0,0.0,0.0,86.0,1,1,44.45305234898043,1,1,0
IPL26-054,Kagiso Rabada,BOWLER,South African,2.0,89.0,31.0,0.0,0.0,0.0,89.0,1,1,59.45588996366899,4,1,0
IPL26-055,Mohammed Siraj,BOWLER,Indian,2.0,79.0,32.0,0.0,12.0,835.35,79.0,0,1,100.0,4,1,0
IPL26-056,Sai Sudharsan,BATSMAN,Indian,1.5,83.0,24.0,487.0,0.0,1572.25,83.0,0,1,93.05213766618202,5,1,1
IPL26-057,Prasidh Krishna,BOWLER,Indian,2.0,77.0,30.0,0.0,12.0,571.61,77.0,0,1,91.77300626521554,4,1,0
IPL26-058,Washington Sundar,ALL_ROUNDER,Indian,2.0,,26.0,240.0,4.0,670.48,50.0,0,1,100.0,5,0,0
IPL26-059,Rahul Tewatia,ALL_ROUNDER,Indian,2.0,,33.0,0.0,0.0,0.0,50.0,0,1,53.275760731627514,5,1,0
IPL26-060,Shahrukh Khan,BATSMAN,Indian,1.5,66.0,26.0,144.0,0.0,378.48,66.0,0,1,100.0,5,0,0
IPL26-061,R. Sai Kishore,BOWLER,Indian,1.5,75.0,26.0,0.0,0.0,0.0,75.0,0,1,60.39006981811136,3,0,0
IPL26-062,Glenn Phillips,BATSMAN,New Zealander,1.5,61.0,26.0,0.0,0.0,0.0,61.0,1,1,42.239047472502826,2,1,0
IPL26-063,Jayant Yadav,BOWLER,Indian,2.0,61.0,36.0,0.0,0.0,0.0,61.0,0,1,40.750522360062206,5,1,0
IPL26-064,Anuj Rawat,WICKET_KEEPER,Indian,0.5,66.0,26.0,282.0,0.0,109.12,66.0,0,1,100.0,5,0,0
IPL26-065,Kumar Kushagra,WICKET_KEEPER,Indian,0.5,56.0,21.0,21.0,0.0,18.97,56.0,0,1,100.0,2,1,0
IPL26-066,Gurnoor Singh Brar,BOWLER,Indian,0.5,65.0,26.0,0.0,0.0,0.0,65.0,0,1,23.34317566424797,0,0,0
IPL26-067,Nishant Sindhu,BATSMAN,Indian,0.5,61.0,22.0,0.0,0.0,0.0,61.0,0,1,29.88937123458176,5,1,0
IPL26-068,Manav Suthar,BOWLER,Indian,0.25,58.0,23.0,0.0,0.0,0.0,58.0,0,1,27.320595491269806,3,2,0
IPL26-069,Ishant Sharma,BOWLER,Indian,1.5,78.0,37.0,0.0,0.0,0.0,78.0,0,1,72.45345800894987,4,0,0
IPL26-070,Arshad Khan,BOWLER,Indian,0.5,64.0,26.0,0.0,9.0,357.1,64.0,0,1,91.53521592902307,4,2,0
IPL26-071,Jason Holder,ALL_ROUNDER,West Indian,1.5,,41.0,0.0,0.0,0.0,50.0,1,1,34.66257620955317,1,1,0
IPL26-072,Tom Banton,WICKET_KEEPER,English,1.0,58.0,27.0,0.0,0.0,0.0,58.0,1,1,6.611442133804404,1,2,0
IPL26-073,Ashok Sharma,BOWLER,Indian,0.25,64.0,26.0,0.0,6.0,94.13,64.0,0,1,94.48205341392115,4,1,0
IPL26-074,Luke Wood,BOWLER,English,1.0,50.0,26.0,0.0,0.0,0.0,50.0,1,1,35.76073029668931,4,2,0
IPL26-075,Prithvi Raj,BOWLER,Indian,0.25,73.0,26.0,3.0,0.0,0.0,73.0,0,1,54.183777225478245,3,1,0
IPL26-076,Sunil Narine,ALL_ROUNDER,West Indian,2.0,,37.0,0.0,0.0,0.0,50.0,1,1,24.437753025422182,2,2,0
IPL26-077,Varun Chakravarthy,BOWLER,Indian,2.0,85.0,34.0,0.0,0.0,0.0,85.0,0,1,66.32264131449713,1,2,0
IPL26-078,Rinku Singh,BATSMAN,Indian,1.5,74.0,37.0,0.0,0.0,0.0,74.0,0,1,64.51685215458758,2,2,0
IPL26-079,Harshit Rana,BOWLER,Indian,1.0,73.0,24.0,0.0,10.0,541.9,73.0,0,1,100.0,3,0,0
IPL26-080,Angkrish Raghuvanshi,BATSMAN,Indian,0.5,73.0,22.0,0.0,0.0,0.0,73.0,0,1,62.05676481905144,4,2,0
IPL26-081,Ramandeep Singh,ALL_ROUNDER,Indian,1.5,,26.0,100.0,6.0,355.97,50.0,0,1,98.87683425001488,5,0,0
IPL26-082,Ajinkya Rahane,BATSMAN,Indian,2.0,84.0,38.0,0.0,0.0,0.0,84.0,0,1,54.16199764678318,2,1,0
IPL26-083,Rovman Powell,BATSMAN,West Indian,1.5,67.0,32.0,0.0,0.0,0.0,67.0,1,1,37.52009208791361,4,2,0
IPL26-084,Vaibhav Arora,BOWLER,Indian,1.5,73.0,28.0,0.0,0.0,0.0,73.0,0,1,58.49582900178326,4,1,0
IPL26-085,Manish Pandey,BATSMAN,Indian,2.0,79.0,26.0,0.0,0.0,0.0,79.0,0,1,66.96304943224436,0,0,0
IPL26-086,Anukul Roy,BOWLER,Indian,0.5,69.0,27.0,0.0,0.0,0.0,69.0,0,1,38.80554821256458,2,2,0
IPL26-087,Umran Malik,BOWLER,Indian,1.5,65.0,26.0,0.0,5.0,0.0,65.0,0,1,43.81402502075543,5,0,0
IPL26-088,Cameron Green,ALL_ROUNDER,Australian,1.0,,26.0,0.0,0.0,0.0,50.0,1,1,5.440006722251231,2,2,0
IPL26-089,Matheesha Pathirana,BOWLER,Sri Lankan,1.5,77.0,24.0,0.0,0.0,0.0,77.0,1,1,41.259274328591935,4,1,1
IPL26-090,Mustafizur Rahman,BOWLER,Bangladeshi,1.5,77.0,30.0,0.0,13.0,258.07,77.0,1,1,99.9018110053666,5,1,0
IPL26-091,Tejasvi Singh,BATSMAN,Indian,0.25,78.0,26.0,0.0,0.0,0.0,78.0,0,1,72.95033710799872,3,2,0
IPL26-092,Finn Allen,BATSMAN,New Zealander,1.0,74.0,27.0,0.0,0.0,0.0,74.0,1,1,75.46317109888565,0,0,0
IPL26-093,Rachin Ravindra,BATSMAN,New Zealander,1.0,67.0,26.0,0.0,0.0,0.0,67.0,1,1,52.74055032616421,4,0,0
IPL26-094,Tim Seifert,WICKET_KEEPER,New Zealander,1.0,58.0,24.0,0.0,0.0,0.0,58.0,1,1,53.6791159816199,1,1,0
IPL26-095,Akash Deep,BOWLER,Indian,1.0,58.0,26.0,0.0,5.0,74.49,58.0,0,1,97.85297229437373,1,1,0
IPL26-096,Rahul Tripathi,BATSMAN,Indian,2.0,73.0,26.0,0.0,0.0,0.0,73.0,0,1,59.036027890875935,0,0,0
IPL26-097,Prashant Solanki,BOWLER,Indian,0.25,75.0,26.0,0.0,0.0,0.0,75.0,0,1,48.03969382610508,3,2,0
IPL26-098,Kartik Tyagi,BOWLER,Indian,1.0,71.0,25.0,0.0,15.0,267.17,71.0,0,1,100.0,4,1,0
IPL26-099,Sarthak Ranjan,BATSMAN,Indian,0.25,59.0,29.0,61.0,0.0,0.0,59.0,0,1,44.62389253864562,2,0,0
IPL26-100,Daksh Kamra,BATSMAN,Indian,0.25,50.0,26.0,0.0,0.0,0.0,50.0,0,1,49.560590057955764,0,0,0
IPL26-101,Rishabh Pant,WICKET_KEEPER,Indian,2.0,82.0,28.0,0.0,0.0,0.0,82.0,0,1,58.148104825595986,3,2,0
IPL26-102,Nicholas Pooran,WICKET_KEEPER,West Indian,2.0,77.0,30.0,0.0,0.0,0.0,77.0,1,1,73.45662847821163,2,0,0
IPL26-103,Mayank Yadav,BOWLER,Indian,1.0,63.0,26.0,0.0,0.0,0.0,63.0,0,1,12.451707154588531,1,1,0
IPL26-104,Mohammed Shami,BOWLER,Indian,2.0,77.0,36.0,0.0,9.0,366.12,77.0,0,1,93.78068382304357,1,2,0
IPL26-105,Mohsin Khan,BOWLER,Indian,1.5,75.0,38.0,0.0,13.0,341.0,75.0,0,1,96.53547401102047,2,1,0
IPL26-106,Ayush Badoni,BATSMAN,Indian,0.5,70.0,26.0,0.0,0.0,0.0,70.0,0,1,58.73650123778237,0,0,0
IPL26-107,Avesh Khan,BOWLER,Indian,1.5,73.0,29.0,0.0,9.0,614.92,73.0,0,1,100.0,1,2,0
IPL26-108,Abdul Samad,BATSMAN,Indian,1.5,66.0,26.0,124.0,10.0,652.13,66.0,0,1,98.52525160853986,4,0,0
IPL26-109,Mitchell Marsh,ALL_ROUNDER,Australian,1.5,,34.0,0.0,0.0,0.0,50.0,1,1,37.544416386941236,5,2,0
IPL26-110,Aiden Markram,ALL_ROUNDER,South African,1.5,,31.0,0.0,0.0,0.0,50.0,1,1,22.147436621792647,2,1,0
IPL26-111,Shahbaz Ahmed,ALL_ROUNDER,Indian,1.5,,26.0,168.0,7.0,458.64,50.0,0,1,100.0,2,2,0
IPL26-112,Matthew Breetzke,BATSMAN,South African,1.0,61.0,27.0,0.0,0.0,0.0,61.0,1,1,38.19967638173375,1,2,0
IPL26-113,Digvesh Rathi,BOWLER,Indian,0.5,65.0,26.0,0.0,0.0,0.0,65.0,0,1,25.912211919853547,0,0,0
IPL26-114,Himmat Singh,BATSMAN,Indian,0.5,66.0,29.0,173.0,0.0,101.92,66.0,0,1,94.06200790485244,4,2,0
IPL26-115,Arshin Kulkarni,BATSMAN,Indian,0.25,56.0,26.0,0.0,0.0,0.0,56.0,0,1,34.25402523357246,0,0,0
IPL26-116,Manimaran Siddharth,BOWLER,Indian,0.5,68.0,27.0,0.0,0.0,0.0,68.0,0,1,56.525572977336694,3,1,0
IPL26-117,Akash Singh,BOWLER,Indian,0.25,67.0,39.0,0.0,9.0,96.39,67.0,0,1,100.0,3,0,0
IPL26-118,Arjun Tendulkar,BOWLER,Indian,0.5,64.0,26.0,38.0,8.0,32.51,64.0,0,1,99.07356170561145,5,0,0
IPL26-119,Prince Yadav,BATSMAN,Indian,0.25,52.0,24.0,5.0,0.0,347.54,52.0,0,1,99.35089650133287,1,0,0
IPL26-120,Josh Inglis,WICKET_KEEPER,Australian,1.0,74.0,31.0,0.0,0.0,0.0,74.0,1,1,76.38746803101829,1,2,0
IPL26-121,Akshat Raghuwanshi,BATSMAN,Indian,0.25,59.0,22.0,53.0,0.0,22.82,59.0,0,1,99.26498999185756,1,0,0
IPL26-122,Mukul Choudhary,BATSMAN,Indian,0.25,71.0,21.0,0.0,0.0,0.0,71.0,0,1,48.04534230986984,5,2,0
IPL26-123,Wanindu Hasaranga,BOWLER,Sri Lankan,1.5,76.0,28.0,0.0,0.0,0.0,76.0,1,1,54.92521096455894,3,2,0
IPL26-124,Anrich Nortje,BOWLER,South African,1.5,76.0,32.0,0.0,0.0,0.0,76.0,1,1,45.68618542119278,0,0,0
IPL26-125,Naman Tiwari,BOWLER,Indian,0.25,76.0,26.0,0.0,0.0,0.0,76.0,0,1,62.88201686763573,5,1,0
IPL26-126,Rohit Sharma,BATSMAN,Indian,2.0,54.0,39.0,5.0,0.0,0.0,54.0,0,1,38.489856403138994,5,1,0
IPL26-127,Jasprit Bumrah,BOWLER,Indian,2.0,95.0,32.0,0.0,0.0,0.0,95.0,0,1,79.952143631766,0,0,1
IPL26-128,Suryakumar Yadav,BATSMAN,Indian,2.0,84.0,35.0,0.0,0.0,0.0,84.0,0,1,67.68063865685168,1,1,0
IPL26-129,Hardik Pandya,ALL_ROUNDER,Indian,2.0,,32.0,0.0,0.0,0.0,50.0,0,1,39.65174726744094,4,2,0
IPL26-130,Tilak Varma,BATSMAN,Indian,1.5,76.0,23.0,324.0,0.0,1185.21,76.0,0,1,100.0,0,0,1
IPL26-131,Trent Boult,BOWLER,New Zealander,2.0,87.0,36.0,0.0,0.0,0.0,87.0,1,1,78.76173364945338,3,0,1
IPL26-132,Deepak Chahar,BOWLER,Indian,2.0,80.0,26.0,0.0,0.0,0.0,80.0,0,1,52.31411898776609,2,2,0
IPL26-133,Naman Dhir,BATSMAN,Indian,0.5,71.0,26.0,259.0,0.0,863.67,71.0,0,1,100.0,2,2,0
IPL26-134,Will Jacks,ALL_ROUNDER,English,1.5,,27.0,0.0,0.0,0.0,50.0,1,1,23.18942909609604,5,1,0
IPL26-135,Robin Minz,WICKET_KEEPER,Indian,0.5,55.0,23.0,0.0,0.0,0.0,55.0,0,1,28.100475902505828,2,2,0
IPL26-136,Ryan Rickelton,WICKET_KEEPER,South African,1.0,73.0,29.0,0.0,0.0,0.0,73.0,1,1,28.138871208275003,4,1,0
IPL26-137,Shardul Thakur,ALL_ROUNDER,Indian,2.0,,34.0,0.0,0.0,0.0,50.0,0,1,29.368020502504308,1,0,0
IPL26-138,Sherfane Rutherford,BATSMAN,West Indian,1.0,67.0,27.0,0.0,0.0,0.0,67.0,1,1,47.6694413573683,3,0,0
IPL26-139,Mayank Markande,BOWLER,Indian,1.5,72.0,28.0,0.0,0.0,0.0,72.0,0,1,45.95700051582563,4,2,0
IPL26-140,Allah Ghazanfar,BOWLER,Afghan,1.0,70.0,26.0,0.0,0.0,0.0,70.0,1,1,46.651610340668924,3,0,0
IPL26-141,Corbin Bosch,ALL_ROUNDER,South African,1.0,,31.0,0.0,0.0,0.0,50.0,1,1,4.9195727139505765,3,2,0
IPL26-142,Mitchell Santner,ALL_ROUNDER,New Zealander,1.5,,34.0,0.0,0.0,0.0,50.0,1,1,24.859249717473354,1,0,0
IPL26-143,Ashwani Kumar,BOWLER,Indian,0.25,73.0,26.0,0.0,17.0,180.0,73.0,0,1,92.22052176898187,5,1,0
IPL26-144,Raj Angad Bawa,BATSMAN,Indian,0.5,62.0,23.0,0.0,0.0,0.0,62.0,0,1,38.513683413170746,2,1,0
IPL26-145,Raghu Sharma,BOWLER,Indian,0.25,59.0,26.0,0.0,4.0,37.39,59.0,0,1,100.0,1,1,0
IPL26-146,Quinton de Kock,WICKET_KEEPER,South African,2.0,79.0,33.0,0.0,0.0,0.0,79.0,1,1,36.99716274881844,4,1,0
IPL26-147,Atharva Ankolekar,ALL_ROUNDER,Indian,1.0,,25.0,78.0,9.0,0.0,50.0,0,1,29.450997174247725,5,2,0
IPL26-148,Mohammad Izhar,BOWLER,Indian,0.25,76.0,26.0,0.0,0.0,0.0,76.0,0,1,68.19910781458454,4,0,0
IPL26-149,Danish Malewar,BATSMAN,Indian,0.25,52.0,26.0,0.0,0.0,0.0,52.0,0,1,54.24458342470192,5,2,0
IPL26-150,Mayank Rawat,BATSMAN,Indian,0.25,56.0,26.0,24.0,0.0,0.0,56.0,0,1,46.9815291266661,4,1,0
IPL26-151,Shreyas Iyer,BATSMAN,Indian,2.0,83.0,31.0,0.0,0.0,0.0,83.0,0,1,68.95835090767169,1,2,0
IPL26-152,Arshdeep Singh,BOWLER,Indian,2.0,78.0,21.0,0.0,12.0,828.89,78.0,0,1,96.47494072120796,5,0,1
IPL26-153,Yuzvendra Chahal,BOWLER,Indian,2.0,100.0,35.0,0.0,0.0,0.0,100.0,0,1,78.60446587521896,5,2,1
IPL26-154,Marco Jansen,ALL_ROUNDER,South African,1.0,,26.0,0.0,0.0,0.0,50.0,1,1,4.010066333122991,3,0,0
IPL26-155,Prabhsimran Singh,WICKET_KEEPER,Indian,1.5,74.0,25.0,0.0,0.0,0.0,74.0,0,1,53.9823188253238,3,2,0
IPL26-156,Harpreet Brar,ALL_ROUNDER,Indian,1.5,,30.0,91.0,13.0,492.23,50.0,0,1,100.0,0,0,0
IPL26-157,Shashank Singh,BATSMAN,Indian,1.5,73.0,26.0,193.0,0.0,1092.28,73.0,0,1,95.39663203460317,4,0,0
IPL26-158,Azmatullah Omarzai,ALL_ROUNDER,Afghan,1.0,,26.0,225.0,9.0,458.76,50.0,1,1,100.0,3,1,0
IPL26-159,Nehal Wadhera,BATSMAN,Indian,0.5,68.0,25.0,0.0,0.0,0.0,68.0,0,1,41.8348806645905,0,0,0
IPL26-160,Xavier Bartlett,BOWLER,Australian,1.0,55.0,27.0,0.0,0.0,0.0,55.0,1,1,71.39250138053579,3,1,0
IPL26-161,Lockie Ferguson,BOWLER,New Zealander,1.5,74.0,35.0,0.0,0.0,0.0,74.0,1,1,46.59504732095922,4,1,0
IPL26-162,Marcus Stoinis,ALL_ROUNDER,Australian,1.5,,36.0,0.0,0.0,0.0,50.0,1,1,30.84556042205535,5,1,0
IPL26-163,Mitch Owen,ALL_ROUNDER,Australian,1.0,,22.0,0.0,0.0,0.0,50.0,1,1,35.65978933047354,2,2,0
IPL26-164,Musheer Khan,BOWLER,Indian,0.5,61.0,26.0,0.0,1.0,9.79,61.0,0,1,100.0,4,2,0
IPL26-165,Priyansh Arya,BATSMAN,Indian,0.5,74.0,25.0,261.0,0.0,912.18,74.0,0,1,100.0,1,2,0
IPL26-166,Vyshak Vijaykumar,BOWLER,Indian,1.5,62.0,26.0,0.0,0.0,0.0,62.0,0,1,19.008265612344125,3,2,0
IPL26-167,Yash Thakur,BOWLER,Indian,0.5,67.0,26.0,0.0,8.0,223.54,67.0,0,1,98.41795775152599,3,0,0
IPL26-168,Pyla Avinash,BATSMAN,Indian,0.25,63.0,25.0,0.0,0.0,0.0,63.0,0,1,66.20783071762122,5,0,0
IPL26-169,Harnoor Pannu,BATSMAN,Indian,0.25,64.0,26.0,0.0,0.0,0.0,64.0,0,1,55.98758005850114,1,2,0
IPL26-170,Vishnu Vinod,WICKET_KEEPER,Indian,1.0,62.0,32.0,226.0,0.0,15.19,62.0,0,1,100.0,5,0,0
IPL26-171,Suryansh Shedge,BATSMAN,Indian,0.25,67.0,23.0,165.0,0.0,226.14,67.0,0,1,100.0,1,0,0
IPL26-172,Cooper Connolly,BATSMAN,Australian,1.0,75.0,22.0,0.0,0.0,0.0,75.0,1,1,67.82572478809585,2,1,0
IPL26-173,Ben Dwarshuis,BOWLER,Australian,1.0,56.0,31.0,0.0,0.0,0.0,56.0,1,1,20.81360585706641,3,1,0
IPL26-174,Praveen Dubey,BOWLER,Indian,0.25,59.0,32.0,0.0,0.0,0.0,59.0,0,1,60.709619187952896,3,1,0
IPL26-175,Vishal Nishad,BOWLER,Indian,0.25,51.0,26.0,0.0,0.0,0.0,51.0,0,1,9.209884876213069,2,1,0
IPL26-176,Yashasvi Jaiswal,BATSMAN,Indian,1.5,78.0,24.0,0.0,0.0,0.0,78.0,0,1,70.34339979044701,0,0,1
IPL26-177,Ravindra Jadeja,ALL_ROUNDER,Indian,2.0,,37.0,0.0,0.0,0.0,50.0,0,1,67.6403459711226,5,2,0
IPL26-178,Riyan Parag,ALL_ROUNDER,Indian,2.0,,24.0,0.0,0.0,0.0,50.0,0,1,11.212007820499927,2,0,0
IPL26-179,Jofra Archer,BOWLER,English,1.5,80.0,31.0,0.0,0.0,0.0,80.0,1,1,44.84936928816953,5,0,0
IPL26-180,Dhruv Jurel,WICKET_KEEPER,Indian,1.0,73.0,25.0,334.0,0.0,1059.22,73.0,0,1,90.81897313448351,4,0,0
IPL26-181,Shimron Hetmyer,BATSMAN,West Indian,2.0,72.0,29.0,0.0,0.0,0.0,72.0,1,1,56.03472711087734,3,1,0
IPL26-182,Sam Curran,ALL_ROUNDER,English,2.0,,26.0,0.0,0.0,0.0,50.0,1,1,16.931032157387644,5,1,0
IPL26-183,Sandeep Sharma,BOWLER,Indian,2.0,77.0,26.0,0.0,9.0,459.67,77.0,0,1,89.23554703523759,1,1,0
IPL26-184,Vaibhav Suryavanshi,BATSMAN,Indian,0.5,80.0,26.0,0.0,0.0,0.0,80.0,0,1,38.68294155666283,5,2,0
IPL26-185,Tushar Deshpande,BOWLER,Indian,1.5,72.0,26.0,0.0,0.0,0.0,72.0,0,1,65.49344220925437,4,0,0
IPL26-186,Shubham Dubey,BATSMAN,Indian,0.5,72.0,32.0,0.0,0.0,0.0,72.0,0,1,36.03508973640896,3,2,0
IPL26-187,Yudhvir Charak,BOWLER,Indian,0.5,66.0,26.0,0.0,0.0,0.0,66.0,0,1,57.29634033178593,2,1,0
IPL26-188,Kwena Maphaka,BOWLER,South African,0.5,52.0,20.0,0.0,0.0,0.0,52.0,1,1,18.61778327923078,4,2,0
IPL26-189,Lhuan-Dre Pretorius,BATSMAN,South African,0.5,57.0,20.0,0.0,0.0,0.0,57.0,1,1,59.75456780930738,3,0,0
IPL26-190,Nandre Burger,BOWLER,South African,1.0,70.0,30.0,0.0,0.0,0.0,70.0,1,1,42.846583029895285,5,0,0
IPL26-191,Donovan Ferreira,WICKET_KEEPER,South African,1.0,69.0,27.0,0.0,0.0,0.0,69.0,1,1,42.71770453597161,0,0,0
IPL26-192,Ravi Bishnoi,BOWLER,Indian,2.0,74.0,25.0,0.0,12.0,466.26,74.0,0,1,100.0,0,0,0
IPL26-193,Adam Milne,BOWLER,New Zealander,1.0,59.0,34.0,0.0,0.0,0.0,59.0,1,1,52.81124729152511,1,2,0
IPL26-194,Ravi Singh,BATSMAN,Indian,0.25,59.0,26.0,4.0,0.0,4.35,59.0,0,1,68.40954773178476,3,1,0
IPL26-195,Sushant Mishra,BOWLER,Indian,0.25,75.0,25.0,0.0,0.0,0.0,75.0,0,1,41.497247001173285,0,0,1
IPL26-196,Kuldeep Sen,BOWLER,Indian,1.0,70.0,29.0,0.0,0.0,0.0,70.0,0,1,52.5371002355849,2,0,0
IPL26-197,Brijesh Sharma,BOWLER,Indian,0.25,67.0,26.0,0.0,11.0,210.22,67.0,0,1,96.22127420253578,3,1,0
IPL26-198,Aman Rao Perala,BATSMAN,Indian,0.25,71.0,26.0,0.0,0.0,0.0,71.0,0,1,73.28969053208844,2,1,0
IPL26-199,Vignesh Puthur,BOWLER,Indian,0.25,73.0,25.0,0.0,0.0,0.0,73.0,0,1,24.3954115726264,2,0,0
IPL26-200,Virat Kohli,BATSMAN,Indian,2.0,100.0,37.0,0.0,0.0,0.0,100.0,0,1,82.9104136648302,0,0,1
IPL26-201,Rajat Patidar,BATSMAN,Indian,1.5,75.0,33.0,0.0,0.0,0.0,75.0,0,1,58.85264693050534,3,2,0
IPL26-202,Phil Salt,WICKET_KEEPER,English,1.0,75.0,47.0,0.0,0.0,0.0,75.0,1,1,72.15682090581754,5,1,0
IPL26-203,Josh Hazlewood,BOWLER,Australian,1.5,79.0,35.0,0.0,0.0,0.0,79.0,1,1,42.81923050122854,4,0,0
IPL26-204,Yash Dayal,BOWLER,Indian,1.5,68.0,28.0,0.0,7.0,485.16,68.0,0,1,99.87486520627428,0,0,0
IPL26-205,Krunal Pandya,ALL_ROUNDER,Indian,2.0,,35.0,0.0,0.0,0.0,50.0,0,1,14.28198229973729,0,0,0
IPL26-206,Bhuvneshwar Kumar,BOWLER,Indian,2.0,98.0,36.0,0.0,0.0,0.0,98.0,0,1,92.78016122934004,5,1,1
IPL26-207,Tim David,BATSMAN,Singaporean,1.5,74.0,26.0,0.0,0.0,0.0,74.0,1,1,61.2438216302571,3,1,0
IPL26-208,Romario Shepherd,ALL_ROUNDER,West Indian,1.0,,31.0,0.0,0.0,0.0,50.0,1,1,33.809155854405056,3,2,0
IPL26-209,Nuwan Thushara,BOWLER,Sri Lankan,1.0,68.0,31.0,0.0,0.0,0.0,68.0,1,1,46.63754198070384,2,0,0
IPL26-210,Swapnil Singh,BOWLER,Indian,1.0,66.0,35.0,74.0,7.0,131.12,66.0,0,1,94.67443168462313,5,2,0
IPL26-211,Jacob Bethell,BATSMAN,English,1.0,64.0,20.0,0.0,0.0,0.0,64.0,1,1,32.273505654549304,5,1,0
IPL26-212,Devdutt Padikkal,BATSMAN,Indian,1.5,73.0,25.0,0.0,0.0,0.0,73.0,0,1,53.43624444661864,3,0,0
IPL26-213,Suyash Sharma,BOWLER,Indian,0.5,64.0,26.0,0.0,7.0,369.66,64.0,0,1,99.06514348507277,2,0,0
IPL26-214,Rasikh Dar,BOWLER,Indian,0.5,71.0,26.0,0.0,0.0,0.0,71.0,0,1,55.679336723965754,0,0,0
IPL26-215,Jitesh Sharma,WICKET_KEEPER,Indian,1.5,56.0,32.0,0.0,0.0,0.0,56.0,0,1,27.933192501388135,1,1,0
IPL26-216,Abhinandan Singh,BOWLER,Indian,0.25,59.0,26.0,0.0,3.0,38.42,59.0,0,1,99.64750610970454,4,2,0
IPL26-217,Venkatesh Iyer,ALL_ROUNDER,Indian,1.5,,35.0,0.0,0.0,0.0,50.0,0,1,60.41912588630235,0,0,0
IPL26-218,Jordan Cox,WICKET_KEEPER,English,1.0,80.0,34.0,0.0,0.0,0.0,80.0,1,1,67.42986588772742,3,2,0
IPL26-219,Mangesh Yadav,BOWLER,Indian,0.25,65.0,26.0,0.0,0.0,0.0,65.0,0,1,17.253114710190914,4,0,0
IPL26-220,Vicky Kanhaiya Ostwal,BOWLER,Indian,0.5,74.0,26.0,0.0,0.0,0.0,74.0,0,1,59.151627160413675,1,0,0
IPL26-221,Kanishk Chouhan,BATSMAN,Indian,0.25,50.0,26.0,0.0,0.0,0.0,50.0,0,1,14.6593371679821,1,1,0
IPL26-222,Vihaan Malhotra,BATSMAN,Indian,0.25,50.0,19.0,0.0,0.0,0.0,50.0,0,1,35.75779534193125,2,1,0
IPL26-223,Satvik Deswal,BOWLER,Indian,0.25,77.0,26.0,0.0,0.0,0.0,77.0,0,1,77.37857733509209,4,2,0
IPL26-224,Yash Raj Punja,BOWLER,Indian,0.25,68.0,26.0,0.0,9.0,128.95,68.0,0,1,100.0,2,2,0
IPL26-225,Pat Cummins,ALL_ROUNDER,Australian,2.0,,33.0,0.0,0.0,0.0,50.0,1,1,23.783574483210927,0,0,0
IPL26-226,Heinrich Klaasen,WICKET_KEEPER,South African,1.5,80.0,26.0,0.0,0.0,0.0,80.0,1,1,73.38342758401379,5,1,0
IPL26-227,Travis Head,BATSMAN,Australian,1.5,75.0,32.0,0.0,0.0,0.0,75.0,1,1,68.64534458829723,5,0,0
IPL26-228,Abhishek Sharma,ALL_ROUNDER,Indian,1.5,,26.0,434.0,1.0,1410.48,50.0,0,1,100.0,5,0,0
IPL26-229,Nitish Kumar Reddy,ALL_ROUNDER,Indian,1.0,,23.0,0.0,0.0,0.0,50.0,0,1,40.645472544327156,4,2,0
IPL26-230,Ishan Kishan,WICKET_KEEPER,Indian,2.0,78.0,27.0,389.0,0.0,1062.44,78.0,0,1,96.93298668229531,5,2,0
IPL26-231,Harshal Patel,BOWLER,Indian,2.0,88.0,35.0,0.0,0.0,0.0,88.0,0,1,94.93954630736856,0,0,1
IPL26-232,Jaydev Unadkat,BOWLER,Indian,2.0,81.0,33.0,0.0,0.0,0.0,81.0,0,1,55.3782941672508,2,2,0
IPL26-233,Zeeshan Ansari,BOWLER,Indian,0.5,59.0,26.0,0.0,6.0,99.75,59.0,0,1,100.0,4,1,0
IPL26-234,Brydon Carse,BOWLER,English,1.0,72.0,30.0,0.0,0.0,0.0,72.0,1,1,41.49682743988698,2,0,0
IPL26-235,Kamindu Mendis,BATSMAN,Sri Lankan,1.0,65.0,27.0,0.0,0.0,0.0,65.0,1,1,31.672513656384222,4,2,0
IPL26-236,Harsh Dubey,BOWLER,Indian,0.5,70.0,23.0,13.0,12.0,174.77,70.0,0,1,100.0,2,1,0
IPL26-237,Aniket Verma,BATSMAN,Indian,0.25,66.0,24.0,117.0,0.0,403.65,66.0,0,1,100.0,1,2,0
IPL26-238,Eshan Malinga,BOWLER,Sri Lankan,0.25,74.0,25.0,0.0,0.0,0.0,74.0,1,1,46.51061640272504,2,2,0
IPL26-239,Smaran Ravichandaran,BATSMAN,Indian,0.25,73.0,26.0,0.0,0.0,0.0,73.0,0,1,44.41898451653891,5,0,0
IPL26-240,Liam Livingstone,ALL_ROUNDER,English,1.5,,32.0,0.0,0.0,0.0,50.0,1,1,22.347673947739878,1,2,0
IPL26-241,Salil Arora,WICKET_KEEPER,Indian,0.25,68.0,23.0,35.0,0.0,31.36,68.0,0,1,100.0,2,0,0
IPL26-242,Jack Edwards,ALL_ROUNDER,Australian,1.0,,26.0,0.0,0.0,0.0,50.0,1,1,27.31596849787318,4,0,0
IPL26-243,Shivam Mavi,BOWLER,Indian,1.5,64.0,27.0,0.0,12.0,0.0,64.0,0,1,55.28392172607694,4,0,0
IPL26-244,Amit Kumar,BOWLER,Indian,0.25,56.0,26.0,0.0,1.0,0.0,56.0,0,1,30.34446324787181,4,1,0
IPL26-245,Onkar Tarmale,ALL_ROUNDER,Indian,0.25,,26.0,0.0,0.0,0.0,50.0,0,1,42.79310896945965,3,1,0
IPL26-246,Sakib Hussain,BOWLER,Indian,0.25,71.0,21.0,0.0,11.0,221.1,71.0,0,1,100.0,0,0,0
IPL26-247,Praful Hinge,BOWLER,Indian,0.25,70.0,26.0,0.0,0.0,0.0,70.0,0,1,49.8259233029439,4,2,0
IPL26-248,Shivang Kumar,BOWLER,Indian,0.25,63.0,26.0,53.0,5.0,185.9,63.0,0,1,97.11744799636641,1,0,0
IPL26-249,Krains Fuletra,BOWLER,Indian,0.25,55.0,26.0,0.0,0.0,0.0,55.0,0,1,62.84732603811974,4,2,0
IPL26-250,Jake Fraser-McGurk,BATSMAN,Australian,1.0,71.0,23.0,0.0,0.0,0.0,71.0,1,1,57.65378797521268,3,0,0
IPL26-251,Devon Conway,WICKET_KEEPER,New Zealander,1.5,76.0,26.0,0.0,0.0,0.0,76.0,1,1,45.10165668076849,5,2,0
IPL26-252,Gus Atkinson,BOWLER,English,1.0,80.0,28.0,0.0,0.0,0.0,80.0,1,1,36.542054685212676,1,1,0
IPL26-253,Jamie Smith,WICKET_KEEPER,English,1.0,71.0,37.0,0.0,0.0,0.0,71.0,1,1,59.15388582754356,3,2,0
IPL26-254,Deepak Hooda,ALL_ROUNDER,Indian,2.0,,31.0,0.0,0.0,0.0,50.0,0,1,26.57150897424726,5,0,0
IPL26-255,Wiaan Mulder,BOWLER,South African,1.0,50.0,28.0,0.0,0.0,0.0,50.0,1,1,43.60646490938682,1,1,0
IPL26-256,Rahmanullah Gurbaz,WICKET_KEEPER,Afghan,1.0,67.0,24.0,233.0,0.0,183.09,67.0,1,1,100.0,2,2,0
IPL26-257,Jonny Bairstow,WICKET_KEEPER,English,1.5,75.0,36.0,0.0,0.0,0.0,75.0,1,1,57.233219664195396,0,0,0
IPL26-258,K.S. Bharat,WICKET_KEEPER,Indian,1.5,67.0,26.0,0.0,0.0,0.0,67.0,0,1,51.89042381846937,0,0,0
IPL26-259,Gerald Coetzee,BOWLER,South African,1.0,67.0,25.0,0.0,0.0,0.0,67.0,1,1,33.50544636383907,3,2,0
IPL26-260,Spencer Johnson,BOWLER,Australian,1.0,57.0,38.0,0.0,0.0,0.0,57.0,1,1,14.140768932162372,5,2,0
IPL26-261,Fazalhaq Farooqi,BOWLER,Afghan,1.0,63.0,25.0,0.0,18.0,34.22,63.0,1,1,95.33366020463401,0,0,0
IPL26-262,Maheesh Theekshana,BOWLER,Sri Lankan,1.0,71.0,25.0,0.0,0.0,0.0,71.0,1,1,42.08586446303713,5,1,0
IPL26-263,Mujeeb Ur Rahman,BOWLER,Afghan,2.0,67.0,25.0,0.0,7.0,8.29,67.0,1,1,87.02598642986548,5,1,0
IPL26-264,Aarya Desai,BATSMAN,Indian,0.25,55.0,23.0,99.0,0.0,0.0,55.0,0,1,46.981251615234974,3,1,0
IPL26-265,Yash Dhull,BATSMAN,Indian,0.5,55.0,23.0,0.0,0.0,0.0,55.0,0,1,46.76994856266477,3,0,0
IPL26-266,Abhinav Manohar,BATSMAN,Indian,0.5,62.0,31.0,0.0,0.0,0.0,62.0,0,1,16.454412604663396,3,1,0
IPL26-267,Anmolpreet Singh,BATSMAN,Indian,1.0,63.0,28.0,344.0,0.0,4.93,63.0,0,1,66.5821930106163,0,0,0
IPL26-268,Atharva Taide,BATSMAN,Indian,0.5,68.0,26.0,326.0,0.0,59.39,68.0,0,1,100.0,3,2,0
IPL26-269,Mahipal Lomror,BATSMAN,Indian,1.5,65.0,26.0,0.0,0.0,0.0,65.0,0,1,46.5510955020084,0,0,0
IPL26-270,Vijay Shankar,ALL_ROUNDER,Indian,2.0,,35.0,0.0,0.0,0.0,50.0,0,1,32.43439700263297,3,2,0
IPL26-271,Tanush Kotian,BATSMAN,Indian,0.5,61.0,27.0,75.0,14.0,18.32,61.0,0,1,100.0,4,1,0
IPL26-272,Kamlesh Nagarkoti,BOWLER,Indian,1.5,57.0,26.0,0.0,0.0,0.0,57.0,0,1,20.714060758298686,5,2,0
IPL26-273,Ruchit Ahir,BATSMAN,Indian,0.25,74.0,26.0,0.0,0.0,0.0,74.0,0,1,65.43592515691759,3,0,0
IPL26-274,Sanvir Singh,BATSMAN,Indian,0.5,60.0,29.0,103.0,4.0,20.67,60.0,0,1,100.0,1,0,0
IPL26-275,Vansh Bedi,WICKET_KEEPER,Indian,0.25,50.0,23.0,0.0,0.0,0.0,50.0,0,1,28.433573735961485,5,1,0
IPL26-276,Raj Limbani,BOWLER,Indian,0.25,75.0,26.0,0.0,0.0,0.0,75.0,0,1,48.64198659886817,5,1,0
IPL26-277,Simarjeet Singh,BOWLER,Indian,1.0,65.0,28.0,0.0,9.0,87.74,65.0,0,1,96.9714253849833,3,1,0
IPL26-278,Akash Madhwal,BOWLER,Indian,1.0,68.0,32.0,0.0,10.0,143.34,68.0,0,1,100.0,2,2,0
IPL26-279,Karn Sharma,BOWLER,Indian,2.0,80.0,38.0,0.0,0.0,0.0,80.0,0,1,66.8632733072567,3,1,0
IPL26-280,Sean Abbott,BOWLER,Australian,1.0,54.0,34.0,0.0,0.0,0.0,54.0,1,1,48.92047434251751,5,0,0
IPL26-281,Michael Bracewell,ALL_ROUNDER,New Zealander,1.0,,35.0,0.0,0.0,0.0,50.0,1,1,54.05332463126342,1,2,0
IPL26-282,Daryl Mitchell,BATSMAN,New Zealander,1.0,67.0,26.0,0.0,0.0,0.0,67.0,1,1,62.96705152585238,5,1,0
IPL26-283,Dasun Shanaka,BATSMAN,Sri Lankan,1.5,62.0,34.0,0.0,0.0,0.0,62.0,1,1,17.567870128912716,1,2,0
IPL26-284,Chetan Sakariya,BOWLER,Indian,1.5,70.0,27.0,0.0,0.0,0.0,70.0,0,1,38.23248511596874,0,0,0
IPL26-285,Waqar Salamkheil,BOWLER,Afghan,1.0,72.0,29.0,0.0,10.0,0.0,72.0,1,1,56.33695215936937,4,1,0
IPL26-286,Taskin Ahmed,BOWLER,Bangladeshi,1.0,80.0,31.0,0.0,12.0,0.0,80.0,1,1,77.77372550131625,5,2,0
IPL26-287,Alzarri Joseph,BOWLER,West Indian,1.5,68.0,29.0,0.0,0.0,0.0,68.0,1,1,56.40839195000441,3,0,0
IPL26-288,Riley Meredith,BOWLER,Australian,1.0,69.0,29.0,0.0,0.0,0.0,69.0,1,1,98.17339224343945,0,0,0
IPL26-289,Jhye Richardson,BOWLER,Australian,1.5,58.0,29.0,0.0,0.0,0.0,58.0,1,1,47.48675918972205,4,2,0
IPL26-290,Daniel Lawrence,BATSMAN,English,1.0,79.0,26.0,0.0,0.0,0.0,79.0,1,1,69.2978531550605,3,1,0
IPL26-291,Murugan Ashwin,BOWLER,Indian,1.5,72.0,35.0,0.0,0.0,0.0,72.0,0,1,61.45195625984478,2,2,0
IPL26-292,William Sutherland,ALL_ROUNDER,Australian,1.0,,26.0,0.0,0.0,0.0,50.0,1,1,45.7729383093091,3,0,0
IPL26-293,Kartikeya Singh,BOWLER,Indian,0.5,79.0,26.0,0.0,0.0,0.0,79.0,0,1,50.98648993553784,1,2,0
IPL26-294,Shivam Shukla,BOWLER,Indian,0.25,63.0,26.0,0.0,2.0,0.0,63.0,0,1,49.14998339398932,1,2,0
IPL26-295,Wahidullah Zadran,BOWLER,Afghan,1.0,62.0,26.0,0.0,2.0,0.0,62.0,1,1,33.090885544572856,2,0,0
IPL26-296,KC Cariappa,BOWLER,Indian,0.5,59.0,32.0,0.0,9.0,0.0,59.0,0,1,41.37624167221485,0,0,0
IPL26-297,Sediqullah Atal,BATSMAN,Afghan,1.0,64.0,24.0,244.0,0.0,14.99,64.0,1,1,100.0,4,2,0
IPL26-298,Nathan Smith,BOWLER,New Zealander,1.0,53.0,26.0,8.0,1.0,0.0,53.0,1,1,30.69978521159253,3,1,0
IPL26-299,Manan Vohra,BATSMAN,Indian,1.5,68.0,32.0,0.0,0.0,0.0,68.0,0,1,45.44413664794753,1,1,0
IPL26-300,Jacob Duffy,BOWLER,New Zealander,1.0,67.0,25.0,0.0,0.0,0.0,67.0,1,1,74.61082516639341,0,0,0
IPL26-001,MS Dhoni,WICKET_KEEPER,Indian,2.0,76.0,44.0,150.0,0.0,492.22,76.0,0,1,100.0,5,2,0
IPL26-002,Ruturaj Gaikwad,BATSMAN,Indian,2.0,79.0,29.0,0.0,0.0,0.0,79.0,0,1,61.89719317984483,5,0,0
IPL26-003,Sanju Samson,WICKET_KEEPER,Indian,2.0,85.0,31.0,0.0,0.0,0.0,85.0,0,1,63.3853592106747,0,0,1
IPL26-004,Shivam Dube,ALL_ROUNDER,Indian,2.0,,32.0,0.0,0.0,0.0,50.0,0,1,30.2893278114048,1,0,0
IPL26-005,Ayush Mhatre,BATSMAN,Indian,0.25,73.0,18.0,0.0,0.0,0.0,73.0,0,1,74.36411062857597,0,0,0
IPL26-006,Dewald Brevis,BATSMAN,South African,1.0,68.0,23.0,0.0,0.0,0.0,68.0,1,1,36.45581435110405,5,0,0
IPL26-007,Urvil Patel,WICKET_KEEPER,Indian,0.25,69.0,27.0,197.0,0.0,268.05,69.0,0,1,100.0,4,2,0
IPL26-008,Noor Ahmad,BOWLER,Afghan,1.5,76.0,21.0,0.0,12.0,701.28,76.0,1,1,100.0,3,2,1
IPL26-009,Nathan Ellis,BOWLER,Australian,1.0,71.0,26.0,0.0,0.0,0.0,71.0,1,1,43.16818953865827,0,0,0
IPL26-010,Shreyas Gopal,BOWLER,Indian,2.0,76.0,32.0,0.0,0.0,0.0,76.0,0,1,81.82975704497835,4,1,0
IPL26-011,Khaleel Ahmed,BOWLER,Indian,2.0,80.0,26.0,0.0,0.0,0.0,80.0,0,1,76.00719950573108,3,1,0
IPL26-012,Ramakrishna Ghosh,BOWLER,Indian,0.25,55.0,28.0,0.0,0.0,0.0,55.0,0,1,32.470230323484635,2,2,0
IPL26-013,Mukesh Choudhary,BOWLER,Indian,1.5,68.0,30.0,0.0,9.0,140.19,68.0,0,1,100.0,0,0,0
IPL26-014,Jamie Overton,ALL_ROUNDER,English,1.0,,32.0,0.0,0.0,0.0,50.0,1,1,41.80992403159695,0,0,0
IPL26-015,Gurjapneet Singh,BOWLER,Indian,0.5,58.0,27.0,0.0,4.0,99.53,58.0,0,1,96.75334344039803,2,1,0
IPL26-016,Anshul Kamboj,ALL_ROUNDER,Indian,0.5,,31.0,0.0,0.0,0.0,50.0,0,1,23.46434693609647,2,2,0
IPL26-017,Prashant Veer,BATSMAN,Indian,0.25,73.0,20.0,0.0,0.0,0.0,73.0,0,1,43.67853666249227,0,0,0
IPL26-018,Kartik Sharma,WICKET_KEEPER,Indian,0.25,70.0,26.0,277.0,0.0,292.84,70.0,0,1,96.33106013107319,2,0,0
IPL26-019,Rahul Chahar,BOWLER,Indian,2.0,78.0,26.0,0.0,0.0,0.0,78.0,0,1,61.809751030838655,1,2,0
IPL26-020,Akeal Hosein,BOWLER,West Indian,1.0,71.0,33.0,0.0,0.0,0.0,71.0,1,1,24.038448210923406,3,2,0
IPL26-021,Matt Henry,BOWLER,New Zealander,1.0,54.0,47.0,0.0,0.0,0.0,54.0,1,1,13.943776352079443,3,0,0
IPL26-022,Matthew Short,BATSMAN,Australian,1.0,64.0,26.0,0.0,0.0,0.0,64.0,1,1,36.89146469787985,3,2,0
IPL26-023,Sarfaraz Khan,BATSMAN,Indian,1.0,67.0,26.0,0.0,0.0,0.0,67.0,0,1,35.0171858697914,1,1,0
IPL26-024,Zak Foulkes,BOWLER,English,1.0,81.0,24.0,0.0,0.0,0.0,81.0,1,1,68.9801258551768,2,1,0
IPL26-025,Aman Khan,BOWLER,Indian,0.25,64.0,26.0,24.0,6.0,0.0,64.0,0,1,43.81731069566664,4,0,0
IPL26-026,KL Rahul,WICKET_KEEPER,Indian,2.0,87.0,34.0,482.0,0.0,1380.75,87.0,0,1,90.94983798363711,2,1,0
IPL26-027,Axar Patel,ALL_ROUNDER,Indian,2.0,,32.0,0.0,0.0,0.0,50.0,0,1,5.375775145784737,0,0,0
IPL26-028,Kuldeep Yadav,BOWLER,Indian,2.0,77.0,26.0,0.0,8.0,718.52,77.0,0,1,100.0,5,0,0
IPL26-029,T. Natarajan,BOWLER,Indian,2.0,75.0,26.0,0.0,0.0,0.0,75.0,0,1,75.22466615955594,3,1,0
IPL26-030,Mitchell Starc,BOWLER,Australian,1.5,80.0,36.0,0.0,0.0,0.0,80.0,1,1,61.04237118071056,2,0,0
IPL26-031,Tristan Stubbs,WICKET_KEEPER,South African,1.5,77.0,25.0,0.0,0.0,0.0,77.0,1,1,59.16297068913304,4,1,0
IPL26-032,Mukesh Kumar,BOWLER,Indian,1.5,67.0,26.0,0.0,6.0,521.18,67.0,0,1,100.0,0,0,0
IPL26-033,Nitish Rana,BATSMAN,Indian,2.0,76.0,32.0,0.0,0.0,0.0,76.0,0,1,29.06350507147959,1,2,0
IPL26-034,Abishek Porel,WICKET_KEEPER,Indian,1.0,69.0,23.0,235.0,0.0,743.92,69.0,0,1,100.0,1,0,0
IPL26-035,Ashutosh Sharma,BATSMAN,Indian,0.5,72.0,26.0,230.0,0.0,869.41,72.0,0,1,100.0,4,1,0
IPL26-036,Sameer Rizvi,BATSMAN,Indian,0.5,71.0,22.0,310.0,0.0,503.63,71.0,0,1,94.92790561416,0,0,0
IPL26-037,Karun Nair,BATSMAN,Indian,1.5,70.0,34.0,0.0,0.0,0.0,70.0,0,1,45.74861035002899,3,2,0
IPL26-038,Dushmantha Chameera,BOWLER,Sri Lankan,1.0,61.0,34.0,0.0,0.0,0.0,61.0,1,1,37.836348916502715,2,2,0
IPL26-039,Vipraj Nigam,ALL_ROUNDER,Indian,0.5,,21.0,0.0,0.0,0.0,50.0,0,1,12.88590420134108,0,0,0
IPL26-040,Ajay Mandal,ALL_ROUNDER,Indian,0.25,,26.0,149.0,10.0,0.0,50.0,0,1,34.35253062427421,1,0,0
IPL26-041,Madhav Tiwari,BOWLER,Indian,0.25,70.0,22.0,0.0,0.0,0.0,70.0,0,1,28.976649976719493,4,2,0
IPL26-042,Tripurana Vijay,BOWLER,Indian,0.25,50.0,24.0,0.0,0.0,0.0,50.0,0,1,27.745765051660342,4,0,0
IPL26-043,Auqib Nabi Dar,ALL_ROUNDER,Indian,0.25,,26.0,0.0,0.0,0.0,50.0,0,1,21.6910966545902,2,0,0
IPL26-044,Pathum Nissanka,BATSMAN,Sri Lankan,1.0,69.0,28.0,0.0,0.0,0.0,69.0,1,1,84.17956763466286,4,2,0
IPL26-045,David Miller,BATSMAN,South African,2.0,80.0,26.0,0.0,0.0,0.0,80.0,1,1,62.853259902178706,4,0,0
IPL26-046,Ben Duckett,BATSMAN,English,1.0,84.0,31.0,0.0,0.0,0.0,84.0,1,1,59.58875568605531,0,0,0
IPL26-047,Lungi Ngidi,BOWLER,South African,1.5,77.0,30.0,0.0,0.0,0.0,77.0,1,1,69.8733855919414,3,1,0
IPL26-048,Kyle Jamieson,ALL_ROUNDER,New Zealander,1.5,,26.0,0.0,0.0,0.0,50.0,1,1,11.15969499042313,2,0,0
IPL26-049,Prithvi Shaw,BATSMAN,Indian,2.0,72.0,26.0,0.0,0.0,0.0,72.0,0,1,54.21117067148585,0,0,0
IPL26-050,Sahil Parakh,BATSMAN,Indian,0.25,61.0,26.0,0.0,0.0,0.0,61.0,0,1,9.407004586644497,3,2,0
IPL26-051,Shubman Gill,BATSMAN,Indian,2.0,84.0,26.0,435.0,0.0,1502.36,84.0,0,1,88.96124541808716,0,0,0
IPL26-052,Rashid Khan,ALL_ROUNDER,Afghan,2.0,,26.0,86.0,13.0,1036.91,50.0,1,1,98.8990268649602,5,1,0
IPL26-053,Jos Buttler,WICKET_KEEPER,English,2.0,86.0,35.0,0.0,0.0,0.0,86.0,1,1,35.73793563434358,0,0,0
IPL26-054,Kagiso Rabada,BOWLER,South African,2.0,89.0,31.0,0.0,0.0,0.0,89.0,1,1,74.2130852609657,4,0,0
IPL26-055,Mohammed Siraj,BOWLER,Indian,2.0,79.0,32.0,0.0,12.0,835.35,79.0,0,1,93.79969853764707,3,0,0
IPL26-056,Sai Sudharsan,BATSMAN,Indian,1.5,83.0,24.0,487.0,0.0,1572.25,83.0,0,1,95.5283368845579,2,0,1
IPL26-057,Prasidh Krishna,BOWLER,Indian,2.0,77.0,30.0,0.0,12.0,571.61,77.0,0,1,96.65294902583724,2,2,0
IPL26-058,Washington Sundar,ALL_ROUNDER,Indian,2.0,,26.0,240.0,4.0,670.48,50.0,0,1,98.97532481093377,3,0,0
IPL26-059,Rahul Tewatia,ALL_ROUNDER,Indian,2.0,,33.0,0.0,0.0,0.0,50.0,0,1,41.11133997462634,4,2,0
IPL26-060,Shahrukh Khan,BATSMAN,Indian,1.5,66.0,26.0,144.0,0.0,378.48,66.0,0,1,100.0,1,0,0
IPL26-061,R. Sai Kishore,BOWLER,Indian,1.5,75.0,26.0,0.0,0.0,0.0,75.0,0,1,54.68287375031179,0,0,0
IPL26-062,Glenn Phillips,BATSMAN,New Zealander,1.5,61.0,26.0,0.0,0.0,0.0,61.0,1,1,41.66600644528824,4,2,0
IPL26-063,Jayant Yadav,BOWLER,Indian,2.0,61.0,36.0,0.0,0.0,0.0,61.0,0,1,50.13778073227851,5,2,0
IPL26-064,Anuj Rawat,WICKET_KEEPER,Indian,0.5,66.0,26.0,282.0,0.0,109.12,66.0,0,1,100.0,3,0,0
IPL26-065,Kumar Kushagra,WICKET_KEEPER,Indian,0.5,56.0,21.0,21.0,0.0,18.97,56.0,0,1,99.09755105534182,0,0,0
IPL26-066,Gurnoor Singh Brar,BOWLER,Indian,0.5,65.0,26.0,0.0,0.0,0.0,65.0,0,1,18.926411884847102,2,2,0
IPL26-067,Nishant Sindhu,BATSMAN,Indian,0.5,61.0,22.0,0.0,0.0,0.0,61.0,0,1,29.230679146977728,1,1,0
IPL26-068,Manav Suthar,BOWLER,Indian,0.25,58.0,23.0,0.0,0.0,0.0,58.0,0,1,26.65931671755616,5,1,0
IPL26-069,Ishant Sharma,BOWLER,Indian,1.5,78.0,37.0,0.0,0.0,0.0,78.0,0,1,75.2001405267026,2,0,0
IPL26-070,Arshad Khan,BOWLER,Indian,0.5,64.0,26.0,0.0,9.0,357.1,64.0,0,1,100.0,3,1,0
IPL26-071,Jason Holder,ALL_ROUNDER,West Indian,1.5,,41.0,0.0,0.0,0.0,50.0,1,1,24.343178238937956,0,0,0
IPL26-072,Tom Banton,WICKET_KEEPER,English,1.0,58.0,27.0,0.0,0.0,0.0,58.0,1,1,11.461607640728653,3,0,0
IPL26-073,Ashok Sharma,BOWLER,Indian,0.25,64.0,26.0,0.0,6.0,94.13,64.0,0,1,100.0,0,0,0
IPL26-074,Luke Wood,BOWLER,English,1.0,50.0,26.0,0.0,0.0,0.0,50.0,1,1,32.86570027990817,4,2,0
IPL26-075,Prithvi Raj,BOWLER,Indian,0.25,73.0,26.0,3.0,0.0,0.0,73.0,0,1,43.95928193169744,1,1,0
IPL26-076,Sunil Narine,ALL_ROUNDER,West Indian,2.0,,37.0,0.0,0.0,0.0,50.0,1,1,12.957666129826357,4,0,0
IPL26-077,Varun Chakravarthy,BOWLER,Indian,2.0,85.0,34.0,0.0,0.0,0.0,85.0,0,1,64.88518412449099,4,1,0
IPL26-078,Rinku Singh,BATSMAN,Indian,1.5,74.0,37.0,0.0,0.0,0.0,74.0,0,1,73.62173917275554,3,0,0
IPL26-079,Harshit Rana,BOWLER,Indian,1.0,73.0,24.0,0.0,10.0,541.9,73.0,0,1,99.09260835210402,1,1,0
IPL26-080,Angkrish Raghuvanshi,BATSMAN,Indian,0.5,73.0,22.0,0.0,0.0,0.0,73.0,0,1,70.8293095967601,0,0,0
IPL26-081,Ramandeep Singh,ALL_ROUNDER,Indian,1.5,,26.0,100.0,6.0,355.97,50.0,0,1,100.0,0,0,0
IPL26-082,Ajinkya Rahane,BATSMAN,Indian,2.0,84.0,38.0,0.0,0.0,0.0,84.0,0,1,56.017975576212145,5,2,0
IPL26-083,Rovman Powell,BATSMAN,West Indian,1.5,67.0,32.0,0.0,0.0,0.0,67.0,1,1,39.6499527550378,2,1,0
IPL26-084,Vaibhav Arora,BOWLER,Indian,1.5,73.0,28.0,0.0,0.0,0.0,73.0,0,1,58.69328979434123,5,2,0
IPL26-085,Manish Pandey,BATSMAN,Indian,2.0,79.0,26.0,0.0,0.0,0.0,79.0,0,1,70.55931258105079,5,2,0
IPL26-086,Anukul Roy,BOWLER,Indian,0.5,69.0,27.0,0.0,0.0,0.0,69.0,0,1,38.27094411931233,0,0,0
IPL26-087,Umran Malik,BOWLER,Indian,1.5,65.0,26.0,0.0,5.0,0.0,65.0,0,1,43.929191162055865,3,0,0
IPL26-088,Cameron Green,ALL_ROUNDER,Australian,1.0,,26.0,0.0,0.0,0.0,50.0,1,1,9.243505974318715,4,0,0
IPL26-089,Matheesha Pathirana,BOWLER,Sri Lankan,1.5,77.0,24.0,0.0,0.0,0.0,77.0,1,1,28.011142543346438,4,1,1
IPL26-090,Mustafizur Rahman,BOWLER,Bangladeshi,1.5,77.0,30.0,0.0,13.0,258.07,77.0,1,1,95.55926052136311,4,0,0
IPL26-091,Tejasvi Singh,BATSMAN,Indian,0.25,78.0,26.0,0.0,0.0,0.0,78.0,0,1,68.65348159247611,1,0,0
IPL26-092,Finn Allen,BATSMAN,New Zealander,1.0,74.0,27.0,0.0,0.0,0.0,74.0,1,1,81.95059291772195,0,0,0
IPL26-093,Rachin Ravindra,BATSMAN,New Zealander,1.0,67.0,26.0,0.0,0.0,0.0,67.0,1,1,43.46516092693817,3,1,0
IPL26-094,Tim Seifert,WICKET_KEEPER,New Zealander,1.0,58.0,24.0,0.0,0.0,0.0,58.0,1,1,55.61261392352674,1,0,0
IPL26-095,Akash Deep,BOWLER,Indian,1.0,58.0,26.0,0.0,5.0,74.49,58.0,0,1,99.15845883018966,2,0,0
IPL26-096,Rahul Tripathi,BATSMAN,Indian,2.0,73.0,26.0,0.0,0.0,0.0,73.0,0,1,64.55656609506643,3,0,0
IPL26-097,Prashant Solanki,BOWLER,Indian,0.25,75.0,26.0,0.0,0.0,0.0,75.0,0,1,51.10868560824293,5,0,0
IPL26-098,Kartik Tyagi,BOWLER,Indian,1.0,71.0,25.0,0.0,15.0,267.17,71.0,0,1,100.0,3,2,0
IPL26-099,Sarthak Ranjan,BATSMAN,Indian,0.25,59.0,29.0,61.0,0.0,0.0,59.0,0,1,35.75101643553945,3,2,0
IPL26-100,Daksh Kamra,BATSMAN,Indian,0.25,50.0,26.0,0.0,0.0,0.0,50.0,0,1,54.10416873321451,4,0,0
IPL26-101,Rishabh Pant,WICKET_KEEPER,Indian,2.0,82.0,28.0,0.0,0.0,0.0,82.0,0,1,65.25730241396046,3,2,0
IPL26-102,Nicholas Pooran,WICKET_KEEPER,West Indian,2.0,77.0,30.0,0.0,0.0,0.0,77.0,1,1,82.37734765015675,5,1,0
IPL26-103,Mayank Yadav,BOWLER,Indian,1.0,63.0,26.0,0.0,0.0,0.0,63.0,0,1,6.886805067762981,5,2,0
IPL26-104,Mohammed Shami,BOWLER,Indian,2.0,77.0,36.0,0.0,9.0,366.12,77.0,0,1,100.0,0,0,0
IPL26-105,Mohsin Khan,BOWLER,Indian,1.5,75.0,38.0,0.0,13.0,341.0,75.0,0,1,96.27607896636736,3,0,0
IPL26-106,Ayush Badoni,BATSMAN,Indian,0.5,70.0,26.0,0.0,0.0,0.0,70.0,0,1,53.8430506406971,4,2,0
IPL26-107,Avesh Khan,BOWLER,Indian,1.5,73.0,29.0,0.0,9.0,614.92,73.0,0,1,96.77215285675763,3,2,0
IPL26-108,Abdul Samad,BATSMAN,Indian,1.5,66.0,26.0,124.0,10.0,652.13,66.0,0,1,100.0,2,2,0
IPL26-109,Mitchell Marsh,ALL_ROUNDER,Australian,1.5,,34.0,0.0,0.0,0.0,50.0,1,1,28.87745014311921,2,2,0
IPL26-110,Aiden Markram,ALL_ROUNDER,South African,1.5,,31.0,0.0,0.0,0.0,50.0,1,1,15.71793861255827,4,1,0
IPL26-111,Shahbaz Ahmed,ALL_ROUNDER,Indian,1.5,,26.0,168.0,7.0,458.64,50.0,0,1,100.0,0,0,0
IPL26-112,Matthew Breetzke,BATSMAN,South African,1.0,61.0,27.0,0.0,0.0,0.0,61.0,1,1,46.653711691445764,0,0,0
IPL26-113,Digvesh Rathi,BOWLER,Indian,0.5,65.0,26.0,0.0,0.0,0.0,65.0,0,1,21.62308823174731,5,1,0
IPL26-114,Himmat Singh,BATSMAN,Indian,0.5,66.0,29.0,173.0,0.0,101.92,66.0,0,1,100.0,5,2,0
IPL26-115,Arshin Kulkarni,BATSMAN,Indian,0.25,56.0,26.0,0.0,0.0,0.0,56.0,0,1,36.93292925477208,1,1,0
IPL26-116,Manimaran Siddharth,BOWLER,Indian,0.5,68.0,27.0,0.0,0.0,0.0,68.0,0,1,62.557774246886154,4,2,0
IPL26-117,Akash Singh,BOWLER,Indian,0.25,67.0,39.0,0.0,9.0,96.39,67.0,0,1,96.27263253968943,3,1,0
IPL26-118,Arjun Tendulkar,BOWLER,Indian,0.5,64.0,26.0,38.0,8.0,32.51,64.0,0,1,95.28074647288142,4,0,0
IPL26-119,Prince Yadav,BATSMAN,Indian,0.25,52.0,24.0,5.0,0.0,347.54,52.0,0,1,94.52706730223535,1,0,0
IPL26-120,Josh Inglis,WICKET_KEEPER,Australian,1.0,74.0,31.0,0.0,0.0,0.0,74.0,1,1,74.83956273865283,5,0,0
IPL26-121,Akshat Raghuwanshi,BATSMAN,Indian,0.25,59.0,22.0,53.0,0.0,22.82,59.0,0,1,100.0,4,2,0
IPL26-122,Mukul Choudhary,BATSMAN,Indian,0.25,71.0,21.0,0.0,0.0,0.0,71.0,0,1,45.866288564626466,4,2,0
IPL26-123,Wanindu Hasaranga,BOWLER,Sri Lankan,1.5,76.0,28.0,0.0,0.0,0.0,76.0,1,1,46.31605572014827,5,1,0
IPL26-124,Anrich Nortje,BOWLER,South African,1.5,76.0,32.0,0.0,0.0,0.0,76.0,1,1,39.37710470290833,1,1,0
IPL26-125,Naman Tiwari,BOWLER,Indian,0.25,76.0,26.0,0.0,0.0,0.0,76.0,0,1,66.26509762934901,5,0,0
IPL26-126,Rohit Sharma,BATSMAN,Indian,2.0,54.0,39.0,5.0,0.0,0.0,54.0,0,1,29.75297848058508,0,0,0
IPL26-127,Jasprit Bumrah,BOWLER,Indian,2.0,95.0,32.0,0.0,0.0,0.0,95.0,0,1,72.90982589010213,3,1,1
IPL26-128,Suryakumar Yadav,BATSMAN,Indian,2.0,84.0,35.0,0.0,0.0,0.0,84.0,0,1,79.627243961129,5,2,0
IPL26-129,Hardik Pandya,ALL_ROUNDER,Indian,2.0,,32.0,0.0,0.0,0.0,50.0,0,1,35.353996876422514,1,2,0
IPL26-130,Tilak Varma,BATSMAN,Indian,1.5,76.0,23.0,324.0,0.0,1185.21,76.0,0,1,95.06606977130228,2,0,1
IPL26-131,Trent Boult,BOWLER,New Zealander,2.0,87.0,36.0,0.0,0.0,0.0,87.0,1,1,88.93978732607229,0,0,1
IPL26-132,Deepak Chahar,BOWLER,Indian,2.0,80.0,26.0,0.0,0.0,0.0,80.0,0,1,48.202929041713666,2,2,0
IPL26-133,Naman Dhir,BATSMAN,Indian,0.5,71.0,26.0,259.0,0.0,863.67,71.0,0,1,93.9277035962367,5,2,0
IPL26-134,Will Jacks,ALL_ROUNDER,English,1.5,,27.0,0.0,0.0,0.0,50.0,1,1,20.263046527975014,0,0,0
IPL26-135,Robin Minz,WICKET_KEEPER,Indian,0.5,55.0,23.0,0.0,0.0,0.0,55.0,0,1,26.967594525058452,3,2,0
IPL26-136,Ryan Rickelton,WICKET_KEEPER,South African,1.0,73.0,29.0,0.0,0.0,0.0,73.0,1,1,31.295168380441755,5,0,0
IPL26-137,Shardul Thakur,ALL_ROUNDER,Indian,2.0,,34.0,0.0,0.0,0.0,50.0,0,1,33.635083097709675,3,1,0
IPL26-138,Sherfane Rutherford,BATSMAN,West Indian,1.0,67.0,27.0,0.0,0.0,0.0,67.0,1,1,43.8524869918432,4,0,0
IPL26-139,Mayank Markande,BOWLER,Indian,1.5,72.0,28.0,0.0,0.0,0.0,72.0,0,1,58.14328389556512,2,1,0
IPL26-140,Allah Ghazanfar,BOWLER,Afghan,1.0,70.0,26.0,0.0,0.0,0.0,70.0,1,1,45.72816340218858,0,0,0
IPL26-141,Corbin Bosch,ALL_ROUNDER,South African,1.0,,31.0,0.0,0.0,0.0,50.0,1,1,5.2006695878905305,3,1,0
IPL26-142,Mitchell Santner,ALL_ROUNDER,New Zealander,1.5,,34.0,0.0,0.0,0.0,50.0,1,1,29.241831968433438,1,0,0
IPL26-143,Ashwani Kumar,BOWLER,Indian,0.25,73.0,26.0,0.0,17.0,180.0,73.0,0,1,94.08296905866735,3,0,0
IPL26-144,Raj Angad Bawa,BATSMAN,Indian,0.5,62.0,23.0,0.0,0.0,0.0,62.0,0,1,28.714831334225885,1,2,0
IPL26-145,Raghu Sharma,BOWLER,Indian,0.25,59.0,26.0,0.0,4.0,37.39,59.0,0,1,100.0,5,0,0
IPL26-146,Quinton de Kock,WICKET_KEEPER,South African,2.0,79.0,33.0,0.0,0.0,0.0,79.0,1,1,56.422780209427415,0,0,0
IPL26-147,Atharva Ankolekar,ALL_ROUNDER,Indian,1.0,,25.0,78.0,9.0,0.0,50.0,0,1,25.270234231752873,3,0,0
IPL26-148,Mohammad Izhar,BOWLER,Indian,0.25,76.0,26.0,0.0,0.0,0.0,76.0,0,1,61.83091281263235,3,0,0
IPL26-149,Danish Malewar,BATSMAN,Indian,0.25,52.0,26.0,0.0,0.0,0.0,52.0,0,1,54.55946494555343,0,0,0
IPL26-150,Mayank Rawat,BATSMAN,Indian,0.25,56.0,26.0,24.0,0.0,0.0,56.0,0,1,38.646129943694554,3,1,0
IPL26-151,Shreyas Iyer,BATSMAN,Indian,2.0,83.0,31.0,0.0,0.0,0.0,83.0,0,1,64.48472954218548,1,0,0
IPL26-152,Arshdeep Singh,BOWLER,Indian,2.0,78.0,21.0,0.0,12.0,828.89,78.0,0,1,99.489357799825,3,1,1
IPL26-153,Yuzvendra Chahal,BOWLER,Indian,2.0,100.0,35.0,0.0,0.0,0.0,100.0,0,1,80.9296032014937,2,0,1
IPL26-154,Marco Jansen,ALL_ROUNDER,South African,1.0,,26.0,0.0,0.0,0.0,50.0,1,1,0.0,5,0,0
IPL26-155,Prabhsimran Singh,WICKET_KEEPER,Indian,1.5,74.0,25.0,0.0,0.0,0.0,74.0,0,1,51.79323517209891,4,0,0
IPL26-156,Harpreet Brar,ALL_ROUNDER,Indian,1.5,,30.0,91.0,13.0,492.23,50.0,0,1,90.98109289110911,1,0,0
IPL26-157,Shashank Singh,BATSMAN,Indian,1.5,73.0,26.0,193.0,0.0,1092.28,73.0,0,1,98.22506357943357,2,1,0
IPL26-158,Azmatullah Omarzai,ALL_ROUNDER,Afghan,1.0,,26.0,225.0,9.0,458.76,50.0,1,1,99.532829645415,5,1,0
IPL26-159,Nehal Wadhera,BATSMAN,Indian,0.5,68.0,25.0,0.0,0.0,0.0,68.0,0,1,50.04836527442079,0,0,0
IPL26-160,Xavier Bartlett,BOWLER,Australian,1.0,55.0,27.0,0.0,0.0,0.0,55.0,1,1,73.14651438909533,1,0,0
IPL26-161,Lockie Ferguson,BOWLER,New Zealander,1.5,74.0,35.0,0.0,0.0,0.0,74.0,1,1,55.63419928196744,4,1,0
IPL26-162,Marcus Stoinis,ALL_ROUNDER,Australian,1.5,,36.0,0.0,0.0,0.0,50.0,1,1,26.824877538637587,5,2,0
IPL26-163,Mitch Owen,ALL_ROUNDER,Australian,1.0,,22.0,0.0,0.0,0.0,50.0,1,1,22.04793830466988,4,2,0
IPL26-164,Musheer Khan,BOWLER,Indian,0.5,61.0,26.0,0.0,1.0,9.79,61.0,0,1,100.0,0,0,0
IPL26-165,Priyansh Arya,BATSMAN,Indian,0.5,74.0,25.0,261.0,0.0,912.18,74.0,0,1,89.80519361497292,0,0,0
IPL26-166,Vyshak Vijaykumar,BOWLER,Indian,1.5,62.0,26.0,0.0,0.0,0.0,62.0,0,1,25.386330496231984,1,0,0
IPL26-167,Yash Thakur,BOWLER,Indian,0.5,67.0,26.0,0.0,8.0,223.54,67.0,0,1,94.09853530205054,3,2,0
IPL26-168,Pyla Avinash,BATSMAN,Indian,0.25,63.0,25.0,0.0,0.0,0.0,63.0,0,1,68.00641542231122,0,0,0
IPL26-169,Harnoor Pannu,BATSMAN,Indian,0.25,64.0,26.0,0.0,0.0,0.0,64.0,0,1,56.5312575289405,5,1,0
IPL26-170,Vishnu Vinod,WICKET_KEEPER,Indian,1.0,62.0,32.0,226.0,0.0,15.19,62.0,0,1,98.90421990143469,3,2,0
IPL26-171,Suryansh Shedge,BATSMAN,Indian,0.25,67.0,23.0,165.0,0.0,226.14,67.0,0,1,100.0,2,1,0
IPL26-172,Cooper Connolly,BATSMAN,Australian,1.0,75.0,22.0,0.0,0.0,0.0,75.0,1,1,61.548469172790945,4,2,0
IPL26-173,Ben Dwarshuis,BOWLER,Australian,1.0,56.0,31.0,0.0,0.0,0.0,56.0,1,1,17.992140007639875,3,2,0
IPL26-174,Praveen Dubey,BOWLER,Indian,0.25,59.0,32.0,0.0,0.0,0.0,59.0,0,1,53.73464049576594,4,2,0
IPL26-175,Vishal Nishad,BOWLER,Indian,0.25,51.0,26.0,0.0,0.0,0.0,51.0,0,1,5.647037926370823,3,0,0
IPL26-176,Yashasvi Jaiswal,BATSMAN,Indian,1.5,78.0,24.0,0.0,0.0,0.0,78.0,0,1,67.108434453841,2,0,1
IPL26-177,Ravindra Jadeja,ALL_ROUNDER,Indian,2.0,,37.0,0.0,0.0,0.0,50.0,0,1,65.32659374711828,0,0,0
IPL26-178,Riyan Parag,ALL_ROUNDER,Indian,2.0,,24.0,0.0,0.0,0.0,50.0,0,1,19.949063549877387,2,2,0
IPL26-179,Jofra Archer,BOWLER,English,1.5,80.0,31.0,0.0,0.0,0.0,80.0,1,1,42.381913821454724,0,0,0
IPL26-180,Dhruv Jurel,WICKET_KEEPER,Indian,1.0,73.0,25.0,334.0,0.0,1059.22,73.0,0,1,99.14068506768353,0,0,0
IPL26-181,Shimron Hetmyer,BATSMAN,West Indian,2.0,72.0,29.0,0.0,0.0,0.0,72.0,1,1,47.95394782036061,4,1,0
IPL26-182,Sam Curran,ALL_ROUNDER,English,2.0,,26.0,0.0,0.0,0.0,50.0,1,1,21.421429730816506,5,1,0
IPL26-183,Sandeep Sharma,BOWLER,Indian,2.0,77.0,26.0,0.0,9.0,459.67,77.0,0,1,100.0,2,0,0
IPL26-184,Vaibhav Suryavanshi,BATSMAN,Indian,0.5,80.0,26.0,0.0,0.0,0.0,80.0,0,1,38.199357344008085,3,0,0
IPL26-185,Tushar Deshpande,BOWLER,Indian,1.5,72.0,26.0,0.0,0.0,0.0,72.0,0,1,57.525769477831645,2,2,0
IPL26-186,Shubham Dubey,BATSMAN,Indian,0.5,72.0,32.0,0.0,0.0,0.0,72.0,0,1,45.868900654913666,4,2,0
IPL26-187,Yudhvir Charak,BOWLER,Indian,0.5,66.0,26.0,0.0,0.0,0.0,66.0,0,1,58.740677675401514,0,0,0
IPL26-188,Kwena Maphaka,BOWLER,South African,0.5,52.0,20.0,0.0,0.0,0.0,52.0,1,1,15.96906408805803,4,0,0
IPL26-189,Lhuan-Dre Pretorius,BATSMAN,South African,0.5,57.0,20.0,0.0,0.0,0.0,57.0,1,1,53.8698556424134,1,1,0
IPL26-190,Nandre Burger,BOWLER,South African,1.0,70.0,30.0,0.0,0.0,0.0,70.0,1,1,38.10047926735219,1,2,0
IPL26-191,Donovan Ferreira,WICKET_KEEPER,South African,1.0,69.0,27.0,0.0,0.0,0.0,69.0,1,1,41.33054833582144,3,2,0
IPL26-192,Ravi Bishnoi,BOWLER,Indian,2.0,74.0,25.0,0.0,12.0,466.26,74.0,0,1,92.37739356690413,4,1,0
IPL26-193,Adam Milne,BOWLER,New Zealander,1.0,59.0,34.0,0.0,0.0,0.0,59.0,1,1,52.40738324699239,3,2,0
IPL26-194,Ravi Singh,BATSMAN,Indian,0.25,59.0,26.0,4.0,0.0,4.35,59.0,0,1,73.07943149029667,3,1,0
IPL26-195,Sushant Mishra,BOWLER,Indian,0.25,75.0,25.0,0.0,0.0,0.0,75.0,0,1,45.382618754807105,1,0,1
IPL26-196,Kuldeep Sen,BOWLER,Indian,1.0,70.0,29.0,0.0,0.0,0.0,70.0,0,1,51.60308367487787,3,1,0
IPL26-197,Brijesh Sharma,BOWLER,Indian,0.25,67.0,26.0,0.0,11.0,210.22,67.0,0,1,100.0,1,0,0
IPL26-198,Aman Rao Perala,BATSMAN,Indian,0.25,71.0,26.0,0.0,0.0,0.0,71.0,0,1,67.27971424078535,0,0,0
IPL26-199,Vignesh Puthur,BOWLER,Indian,0.25,73.0,25.0,0.0,0.0,0.0,73.0,0,1,33.25359863504892,4,2,0
IPL26-200,Virat Kohli,BATSMAN,Indian,2.0,100.0,37.0,0.0,0.0,0.0,100.0,0,1,82.14641889703391,3,2,1
IPL26-201,Rajat Patidar,BATSMAN,Indian,1.5,75.0,33.0,0.0,0.0,0.0,75.0,0,1,53.03528386946264,1,2,0
IPL26-202,Phil Salt,WICKET_KEEPER,English,1.0,75.0,47.0,0.0,0.0,0.0,75.0,1,1,66.65998396833386,2,1,0
IPL26-203,Josh Hazlewood,BOWLER,Australian,1.5,79.0,35.0,0.0,0.0,0.0,79.0,1,1,42.398353824653775,3,1,0
IPL26-204,Yash Dayal,BOWLER,Indian,1.5,68.0,28.0,0.0,7.0,485.16,68.0,0,1,100.0,5,2,0
IPL26-205,Krunal Pandya,ALL_ROUNDER,Indian,2.0,,35.0,0.0,0.0,0.0,50.0,0,1,15.4226343812152,0,0,0
IPL26-206,Bhuvneshwar Kumar,BOWLER,Indian,2.0,98.0,36.0,0.0,0.0,0.0,98.0,0,1,78.58884162405002,0,0,1
IPL26-207,Tim David,BATSMAN,Singaporean,1.5,74.0,26.0,0.0,0.0,0.0,74.0,1,1,54.24105714842308,2,1,0
IPL26-208,Romario Shepherd,ALL_ROUNDER,West Indian,1.0,,31.0,0.0,0.0,0.0,50.0,1,1,36.956329414165836,1,0,0
IPL26-209,Nuwan Thushara,BOWLER,Sri Lankan,1.0,68.0,31.0,0.0,0.0,0.0,68.0,1,1,49.57037825264928,3,0,0
IPL26-210,Swapnil Singh,BOWLER,Indian,1.0,66.0,35.0,74.0,7.0,131.12,66.0,0,1,100.0,1,2,0
IPL26-211,Jacob Bethell,BATSMAN,English,1.0,64.0,20.0,0.0,0.0,0.0,64.0,1,1,21.700902939263827,0,0,0
IPL26-212,Devdutt Padikkal,BATSMAN,Indian,1.5,73.0,25.0,0.0,0.0,0.0,73.0,0,1,70.06353831897947,1,1,0
IPL26-213,Suyash Sharma,BOWLER,Indian,0.5,64.0,26.0,0.0,7.0,369.66,64.0,0,1,98.65140734221332,0,0,0
IPL26-214,Rasikh Dar,BOWLER,Indian,0.5,71.0,26.0,0.0,0.0,0.0,71.0,0,1,61.36586839942161,1,0,0
IPL26-215,Jitesh Sharma,WICKET_KEEPER,Indian,1.5,56.0,32.0,0.0,0.0,0.0,56.0,0,1,23.600239601687026,2,2,0
IPL26-216,Abhinandan Singh,BOWLER,Indian,0.25,59.0,26.0,0.0,3.0,38.42,59.0,0,1,100.0,4,0,0
IPL26-217,Venkatesh Iyer,ALL_ROUNDER,Indian,1.5,,35.0,0.0,0.0,0.0,50.0,0,1,65.4462158988977,2,2,0
IPL26-218,Jordan Cox,WICKET_KEEPER,English,1.0,80.0,34.0,0.0,0.0,0.0,80.0,1,1,72.93652390971874,2,0,0
IPL26-219,Mangesh Yadav,BOWLER,Indian,0.25,65.0,26.0,0.0,0.0,0.0,65.0,0,1,26.10817264353415,4,0,0
IPL26-220,Vicky Kanhaiya Ostwal,BOWLER,Indian,0.5,74.0,26.0,0.0,0.0,0.0,74.0,0,1,63.17203250253898,4,1,0
IPL26-221,Kanishk Chouhan,BATSMAN,Indian,0.25,50.0,26.0,0.0,0.0,0.0,50.0,0,1,20.397607747506605,3,0,0
IPL26-222,Vihaan Malhotra,BATSMAN,Indian,0.25,50.0,19.0,0.0,0.0,0.0,50.0,0,1,53.47249107756329,3,0,0
IPL26-223,Satvik Deswal,BOWLER,Indian,0.25,77.0,26.0,0.0,0.0,0.0,77.0,0,1,75.34034705710627,2,2,0
IPL26-224,Yash Raj Punja,BOWLER,Indian,0.25,68.0,26.0,0.0,9.0,128.95,68.0,0,1,100.0,2,0,0
IPL26-225,Pat Cummins,ALL_ROUNDER,Australian,2.0,,33.0,0.0,0.0,0.0,50.0,1,1,16.482693172623314,0,0,0
IPL26-226,Heinrich Klaasen,WICKET_KEEPER,South African,1.5,80.0,26.0,0.0,0.0,0.0,80.0,1,1,79.21044375621383,0,0,0
IPL26-227,Travis Head,BATSMAN,Australian,1.5,75.0,32.0,0.0,0.0,0.0,75.0,1,1,66.69749271528391,3,0,0
IPL26-228,Abhishek Sharma,ALL_ROUNDER,Indian,1.5,,26.0,434.0,1.0,1410.48,50.0,0,1,97.95019748073614,5,2,0
IPL26-229,Nitish Kumar Reddy,ALL_ROUNDER,Indian,1.0,,23.0,0.0,0.0,0.0,50.0,0,1,38.59551200340914,5,1,0
IPL26-230,Ishan Kishan,WICKET_KEEPER,Indian,2.0,78.0,27.0,389.0,0.0,1062.44,78.0,0,1,100.0,3,2,0
IPL26-231,Harshal Patel,BOWLER,Indian,2.0,88.0,35.0,0.0,0.0,0.0,88.0,0,1,93.79411005359393,0,0,1
IPL26-232,Jaydev Unadkat,BOWLER,Indian,2.0,81.0,33.0,0.0,0.0,0.0,81.0,0,1,52.847428696579925,0,0,0
IPL26-233,Zeeshan Ansari,BOWLER,Indian,0.5,59.0,26.0,0.0,6.0,99.75,59.0,0,1,96.58020249100451,5,1,0
IPL26-234,Brydon Carse,BOWLER,English,1.0,72.0,30.0,0.0,0.0,0.0,72.0,1,1,38.01589084251059,1,0,0
IPL26-235,Kamindu Mendis,BATSMAN,Sri Lankan,1.0,65.0,27.0,0.0,0.0,0.0,65.0,1,1,35.94036907874553,1,2,0
IPL26-236,Harsh Dubey,BOWLER,Indian,0.5,70.0,23.0,13.0,12.0,174.77,70.0,0,1,100.0,0,0,0
IPL26-237,Aniket Verma,BATSMAN,Indian,0.25,66.0,24.0,117.0,0.0,403.65,66.0,0,1,100.0,1,1,0
IPL26-238,Eshan Malinga,BOWLER,Sri Lankan,0.25,74.0,25.0,0.0,0.0,0.0,74.0,1,1,43.86974478100884,4,2,0
IPL26-239,Smaran Ravichandaran,BATSMAN,Indian,0.25,73.0,26.0,0.0,0.0,0.0,73.0,0,1,48.87427354755524,3,0,0
IPL26-240,Liam Livingstone,ALL_ROUNDER,English,1.5,,32.0,0.0,0.0,0.0,50.0,1,1,38.60279390179102,3,1,0
IPL26-241,Salil Arora,WICKET_KEEPER,Indian,0.25,68.0,23.0,35.0,0.0,31.36,68.0,0,1,100.0,0,0,0
IPL26-242,Jack Edwards,ALL_ROUNDER,Australian,1.0,,26.0,0.0,0.0,0.0,50.0,1,1,37.07287807054683,2,0,0
IPL26-243,Shivam Mavi,BOWLER,Indian,1.5,64.0,27.0,0.0,12.0,0.0,64.0,0,1,58.65602826866961,5,1,0
IPL26-244,Amit Kumar,BOWLER,Indian,0.25,56.0,26.0,0.0,1.0,0.0,56.0,0,1,32.35975584531523,0,0,0
IPL26-245,Onkar Tarmale,ALL_ROUNDER,Indian,0.25,,26.0,0.0,0.0,0.0,50.0,0,1,52.86209655223214,1,0,0
IPL26-246,Sakib Hussain,BOWLER,Indian,0.25,71.0,21.0,0.0,11.0,221.1,71.0,0,1,95.89879335275648,5,0,0
IPL26-247,Praful Hinge,BOWLER,Indian,0.25,70.0,26.0,0.0,0.0,0.0,70.0,0,1,45.910008211027645,2,0,0
IPL26-248,Shivang Kumar,BOWLER,Indian,0.25,63.0,26.0,53.0,5.0,185.9,63.0,0,1,91.79866680387342,1,0,0
IPL26-249,Krains Fuletra,BOWLER,Indian,0.25,55.0,26.0,0.0,0.0,0.0,55.0,0,1,67.63974548388381,4,1,0
IPL26-250,Jake Fraser-McGurk,BATSMAN,Australian,1.0,71.0,23.0,0.0,0.0,0.0,71.0,1,1,59.42977176673995,1,1,0
IPL26-251,Devon Conway,WICKET_KEEPER,New Zealander,1.5,76.0,26.0,0.0,0.0,0.0,76.0,1,1,40.40043829462081,4,0,0
IPL26-252,Gus Atkinson,BOWLER,English,1.0,80.0,28.0,0.0,0.0,0.0,80.0,1,1,44.470548496454185,5,2,0
IPL26-253,Jamie Smith,WICKET_KEEPER,English,1.0,71.0,37.0,0.0,0.0,0.0,71.0,1,1,57.56324333307219,4,0,0
IPL26-254,Deepak Hooda,ALL_ROUNDER,Indian,2.0,,31.0,0.0,0.0,0.0,50.0,0,1,26.799012156163013,5,2,0
IPL26-255,Wiaan Mulder,BOWLER,South African,1.0,50.0,28.0,0.0,0.0,0.0,50.0,1,1,43.75304462316509,5,0,0
IPL26-256,Rahmanullah Gurbaz,WICKET_KEEPER,Afghan,1.0,67.0,24.0,233.0,0.0,183.09,67.0,1,1,97.68365522169584,5,2,0
IPL26-257,Jonny Bairstow,WICKET_KEEPER,English,1.5,75.0,36.0,0.0,0.0,0.0,75.0,1,1,61.00134531037885,5,0,0
IPL26-258,K.S. Bharat,WICKET_KEEPER,Indian,1.5,67.0,26.0,0.0,0.0,0.0,67.0,0,1,53.18267242396273,5,2,0
IPL26-259,Gerald Coetzee,BOWLER,South African,1.0,67.0,25.0,0.0,0.0,0.0,67.0,1,1,34.31351486309906,1,0,0
IPL26-260,Spencer Johnson,BOWLER,Australian,1.0,57.0,38.0,0.0,0.0,0.0,57.0,1,1,13.381239256585088,5,0,0
IPL26-261,Fazalhaq Farooqi,BOWLER,Afghan,1.0,63.0,25.0,0.0,18.0,34.22,63.0,1,1,100.0,1,2,0
IPL26-262,Maheesh Theekshana,BOWLER,Sri Lankan,1.0,71.0,25.0,0.0,0.0,0.0,71.0,1,1,43.49545385394703,5,1,0
IPL26-263,Mujeeb Ur Rahman,BOWLER,Afghan,2.0,67.0,25.0,0.0,7.0,8.29,67.0,1,1,87.90213853523386,4,2,0
IPL26-264,Aarya Desai,BATSMAN,Indian,0.25,55.0,23.0,99.0,0.0,0.0,55.0,0,1,42.85583272895349,5,1,0
IPL26-265,Yash Dhull,BATSMAN,Indian,0.5,55.0,23.0,0.0,0.0,0.0,55.0,0,1,34.39424946120303,2,0,0
IPL26-266,Abhinav Manohar,BATSMAN,Indian,0.5,62.0,31.0,0.0,0.0,0.0,62.0,0,1,27.678514253174114,5,2,0
IPL26-267,Anmolpreet Singh,BATSMAN,Indian,1.0,63.0,28.0,344.0,0.0,4.93,63.0,0,1,71.50047372640795,5,2,0
IPL26-268,Atharva Taide,BATSMAN,Indian,0.5,68.0,26.0,326.0,0.0,59.39,68.0,0,1,99.22537699081862,4,2,0
IPL26-269,Mahipal Lomror,BATSMAN,Indian,1.5,65.0,26.0,0.0,0.0,0.0,65.0,0,1,51.10139531343222,3,1,0
IPL26-270,Vijay Shankar,ALL_ROUNDER,Indian,2.0,,35.0,0.0,0.0,0.0,50.0,0,1,34.38780484187766,4,1,0
IPL26-271,Tanush Kotian,BATSMAN,Indian,0.5,61.0,27.0,75.0,14.0,18.32,61.0,0,1,100.0,2,0,0
IPL26-272,Kamlesh Nagarkoti,BOWLER,Indian,1.5,57.0,26.0,0.0,0.0,0.0,57.0,0,1,16.038173244828673,3,1,0
IPL26-273,Ruchit Ahir,BATSMAN,Indian,0.25,74.0,26.0,0.0,0.0,0.0,74.0,0,1,55.64329319147343,0,0,0
IPL26-274,Sanvir Singh,BATSMAN,Indian,0.5,60.0,29.0,103.0,4.0,20.67,60.0,0,1,100.0,0,0,0
IPL26-275,Vansh Bedi,WICKET_KEEPER,Indian,0.25,50.0,23.0,0.0,0.0,0.0,50.0,0,1,30.988824392180838,2,2,0
IPL26-276,Raj Limbani,BOWLER,Indian,0.25,75.0,26.0,0.0,0.0,0.0,75.0,0,1,29.59085204334624,4,2,0
IPL26-277,Simarjeet Singh,BOWLER,Indian,1.0,65.0,28.0,0.0,9.0,87.74,65.0,0,1,100.0,1,0,0
IPL26-278,Akash Madhwal,BOWLER,Indian,1.0,68.0,32.0,0.0,10.0,143.34,68.0,0,1,95.72663527514291,2,2,0
IPL26-279,Karn Sharma,BOWLER,Indian,2.0,80.0,38.0,0.0,0.0,0.0,80.0,0,1,67.04199603153658,3,1,0
IPL26-280,Sean Abbott,BOWLER,Australian,1.0,54.0,34.0,0.0,0.0,0.0,54.0,1,1,42.45158930876017,3,0,0
IPL26-281,Michael Bracewell,ALL_ROUNDER,New Zealander,1.0,,35.0,0.0,0.0,0.0,50.0,1,1,51.26431626668254,5,0,0
IPL26-282,Daryl Mitchell,BATSMAN,New Zealander,1.0,67.0,26.0,0.0,0.0,0.0,67.0,1,1,73.74447492739458,0,0,0
IPL26-283,Dasun Shanaka,BATSMAN,Sri Lankan,1.5,62.0,34.0,0.0,0.0,0.0,62.0,1,1,14.883137057929453,3,2,0
IPL26-284,Chetan Sakariya,BOWLER,Indian,1.5,70.0,27.0,0.0,0.0,0.0,70.0,0,1,32.688054994910665,2,0,0
IPL26-285,Waqar Salamkheil,BOWLER,Afghan,1.0,72.0,29.0,0.0,10.0,0.0,72.0,1,1,60.67099147732516,3,0,0
IPL26-286,Taskin Ahmed,BOWLER,Bangladeshi,1.0,80.0,31.0,0.0,12.0,0.0,80.0,1,1,62.180022675919176,2,0,0
IPL26-287,Alzarri Joseph,BOWLER,West Indian,1.5,68.0,29.0,0.0,0.0,0.0,68.0,1,1,59.63662833436952,1,2,0
IPL26-288,Riley Meredith,BOWLER,Australian,1.0,69.0,29.0,0.0,0.0,0.0,69.0,1,1,100.0,5,1,0
IPL26-289,Jhye Richardson,BOWLER,Australian,1.5,58.0,29.0,0.0,0.0,0.0,58.0,1,1,49.360603040372695,0,0,0
IPL26-290,Daniel Lawrence,BATSMAN,English,1.0,79.0,26.0,0.0,0.0,0.0,79.0,1,1,77.21639335708997,3,1,0
IPL26-291,Murugan Ashwin,BOWLER,Indian,1.5,72.0,35.0,0.0,0.0,0.0,72.0,0,1,73.15857034224693,2,2,0
IPL26-292,William Sutherland,ALL_ROUNDER,Australian,1.0,,26.0,0.0,0.0,0.0,50.0,1,1,33.99274136124266,4,2,0
IPL26-293,Kartikeya Singh,BOWLER,Indian,0.5,79.0,26.0,0.0,0.0,0.0,79.0,0,1,54.59730230710758,0,0,0
IPL26-294,Shivam Shukla,BOWLER,Indian,0.25,63.0,26.0,0.0,2.0,0.0,63.0,0,1,50.69052396374791,1,2,0
IPL26-295,Wahidullah Zadran,BOWLER,Afghan,1.0,62.0,26.0,0.0,2.0,0.0,62.0,1,1,34.85720344476226,2,1,0
IPL26-296,KC Cariappa,BOWLER,Indian,0.5,59.0,32.0,0.0,9.0,0.0,59.0,0,1,26.2810150763677,5,0,0
IPL26-297,Sediqullah Atal,BATSMAN,Afghan,1.0,64.0,24.0,244.0,0.0,14.99,64.0,1,1,99.85958067203511,5,2,0
IPL26-298,Nathan Smith,BOWLER,New Zealander,1.0,53.0,26.0,8.0,1.0,0.0,53.0,1,1,27.39574021791319,1,2,0
IPL26-299,Manan Vohra,BATSMAN,Indian,1.5,68.0,32.0,0.0,0.0,0.0,68.0,0,1,44.49065141592597,1,1,0
IPL26-300,Jacob Duffy,BOWLER,New Zealander,1.0,67.0,25.0,0.0,0.0,0.0,67.0,1,1,78.58892833899479,5,1,0
IPL26-001,MS Dhoni,WICKET_KEEPER,Indian,2.0,76.0,44.0,150.0,0.0,492.22,76.0,0,1,100.0,0,0,0
IPL26-002,Ruturaj Gaikwad,BATSMAN,Indian,2.0,79.0,29.0,0.0,0.0,0.0,79.0,0,1,71.7503942154016,1,1,0
IPL26-003,Sanju Samson,WICKET_KEEPER,Indian,2.0,85.0,31.0,0.0,0.0,0.0,85.0,0,1,66.01106523031572,1,2,1
IPL26-004,Shivam Dube,ALL_ROUNDER,Indian,2.0,,32.0,0.0,0.0,0.0,50.0,0,1,43.13317468751277,1,2,0
IPL26-005,Ayush Mhatre,BATSMAN,Indian,0.25,73.0,18.0,0.0,0.0,0.0,73.0,0,1,69.01566929011771,3,2,0
IPL26-006,Dewald Brevis,BATSMAN,South African,1.0,68.0,23.0,0.0,0.0,0.0,68.0,1,1,50.54741930608196,2,2,0
IPL26-007,Urvil Patel,WICKET_KEEPER,Indian,0.25,69.0,27.0,197.0,0.0,268.05,69.0,0,1,100.0,1,2,0
IPL26-008,Noor Ahmad,BOWLER,Afghan,1.5,76.0,21.0,0.0,12.0,701.28,76.0,1,1,98.15361430376899,1,0,1
IPL26-009,Nathan Ellis,BOWLER,Australian,1.0,71.0,26.0,0.0,0.0,0.0,71.0,1,1,48.20488798247355,5,0,0
IPL26-010,Shreyas Gopal,BOWLER,Indian,2.0,76.0,32.0,0.0,0.0,0.0,76.0,0,1,70.80701606811928,0,0,0
IPL26-011,Khaleel Ahmed,BOWLER,Indian,2.0,80.0,26.0,0.0,0.0,0.0,80.0,0,1,73.55478499469697,5,1,0
IPL26-012,Ramakrishna Ghosh,BOWLER,Indian,0.25,55.0,28.0,0.0,0.0,0.0,55.0,0,1,22.811026670065363,5,2,0
IPL26-013,Mukesh Choudhary,BOWLER,Indian,1.5,68.0,30.0,0.0,9.0,140.19,68.0,0,1,93.23664857078232,0,0,0
IPL26-014,Jamie Overton,ALL_ROUNDER,English,1.0,,32.0,0.0,0.0,0.0,50.0,1,1,30.526604722700014,2,1,0
IPL26-015,Gurjapneet Singh,BOWLER,Indian,0.5,58.0,27.0,0.0,4.0,99.53,58.0,0,1,100.0,5,0,0
IPL26-016,Anshul Kamboj,ALL_ROUNDER,Indian,0.5,,31.0,0.0,0.0,0.0,50.0,0,1,19.902417639349125,2,0,0
IPL26-017,Prashant Veer,BATSMAN,Indian,0.25,73.0,20.0,0.0,0.0,0.0,73.0,0,1,53.682692246028644,5,2,0
IPL26-018,Kartik Sharma,WICKET_KEEPER,Indian,0.25,70.0,26.0,277.0,0.0,292.84,70.0,0,1,97.32099268473851,4,1,0
IPL26-019,Rahul Chahar,BOWLER,Indian,2.0,78.0,26.0,0.0,0.0,0.0,78.0,0,1,53.09264428552578,0,0,0
IPL26-020,Akeal Hosein,BOWLER,West Indian,1.0,71.0,33.0,0.0,0.0,0.0,71.0,1,1,16.718174130389738,5,2,0
IPL26-021,Matt Henry,BOWLER,New Zealander,1.0,54.0,47.0,0.0,0.0,0.0,54.0,1,1,14.305290612339201,4,0,0
IPL26-022,Matthew Short,BATSMAN,Australian,1.0,64.0,26.0,0.0,0.0,0.0,64.0,1,1,34.78619617170207,3,2,0
IPL26-023,Sarfaraz Khan,BATSMAN,Indian,1.0,67.0,26.0,0.0,0.0,0.0,67.0,0,1,29.066096712530637,4,1,0
IPL26-024,Zak Foulkes,BOWLER,English,1.0,81.0,24.0,0.0,0.0,0.0,81.0,1,1,66.51380111819304,1,2,0
IPL26-025,Aman Khan,BOWLER,Indian,0.25,64.0,26.0,24.0,6.0,0.0,64.0,0,1,32.88855254801956,5,2,0
IPL26-026,KL Rahul,WICKET_KEEPER,Indian,2.0,87.0,34.0,482.0,0.0,1380.75,87.0,0,1,100.0,4,2,0
IPL26-027,Axar Patel,ALL_ROUNDER,Indian,2.0,,32.0,0.0,0.0,0.0,50.0,0,1,16.057940629435258,2,0,0
IPL26-028,Kuldeep Yadav,BOWLER,Indian,2.0,77.0,26.0,0.0,8.0,718.52,77.0,0,1,98.20115677105457,3,1,0
IPL26-029,T. Natarajan,BOWLER,Indian,2.0,75.0,26.0,0.0,0.0,0.0,75.0,0,1,70.35449310341312,5,0,0
IPL26-030,Mitchell Starc,BOWLER,Australian,1.5,80.0,36.0,0.0,0.0,0.0,80.0,1,1,54.546029687085586,1,0,0
IPL26-031,Tristan Stubbs,WICKET_KEEPER,South African,1.5,77.0,25.0,0.0,0.0,0.0,77.0,1,1,59.314325603233286,4,0,0
IPL26-032,Mukesh Kumar,BOWLER,Indian,1.5,67.0,26.0,0.0,6.0,521.18,67.0,0,1,95.18120536894695,3,0,0
IPL26-033,Nitish Rana,BATSMAN,Indian,2.0,76.0,32.0,0.0,0.0,0.0,76.0,0,1,29.843022632322935,5,0,0
IPL26-034,Abishek Porel,WICKET_KEEPER,Indian,1.0,69.0,23.0,235.0,0.0,743.92,69.0,0,1,100.0,3,1,0
IPL26-035,Ashutosh Sharma,BATSMAN,Indian,0.5,72.0,26.0,230.0,0.0,869.41,72.0,0,1,99.75673824214775,1,2,0
IPL26-036,Sameer Rizvi,BATSMAN,Indian,0.5,71.0,22.0,310.0,0.0,503.63,71.0,0,1,100.0,4,0,0
IPL26-037,Karun Nair,BATSMAN,Indian,1.5,70.0,34.0,0.0,0.0,0.0,70.0,0,1,38.04178245862191,3,0,0
IPL26-038,Dushmantha Chameera,BOWLER,Sri Lankan,1.0,61.0,34.0,0.0,0.0,0.0,61.0,1,1,41.51183527461916,3,1,0
IPL26-039,Vipraj Nigam,ALL_ROUNDER,Indian,0.5,,21.0,0.0,0.0,0.0,50.0,0,1,8.113930617323934,0,0,0
IPL26-040,Ajay Mandal,ALL_ROUNDER,Indian,0.25,,26.0,149.0,10.0,0.0,50.0,0,1,40.08646233080901,3,2,0
IPL26-041,Madhav Tiwari,BOWLER,Indian,0.25,70.0,22.0,0.0,0.0,0.0,70.0,0,1,46.16666632483669,0,0,0
IPL26-042,Tripurana Vijay,BOWLER,Indian,0.25,50.0,24.0,0.0,0.0,0.0,50.0,0,1,16.39365444191038,4,2,0
IPL26-043,Auqib Nabi Dar,ALL_ROUNDER,Indian,0.25,,26.0,0.0,0.0,0.0,50.0,0,1,16.326846515596998,5,0,0
IPL26-044,Pathum Nissanka,BATSMAN,Sri Lankan,1.0,69.0,28.0,0.0,0.0,0.0,69.0,1,1,69.30152649218367,5,0,0
IPL26-045,David Miller,BATSMAN,South African,2.0,80.0,26.0,0.0,0.0,0.0,80.0,1,1,56.5474219568965,4,2,0
IPL26-046,Ben Duckett,BATSMAN,English,1.0,84.0,31.0,0.0,0.0,0.0,84.0,1,1,47.717146216709686,4,1,0
IPL26-047,Lungi Ngidi,BOWLER,South African,1.5,77.0,30.0,0.0,0.0,0.0,77.0,1,1,62.08994758305518,2,2,0
IPL26-048,Kyle Jamieson,ALL_ROUNDER,New Zealander,1.5,,26.0,0.0,0.0,0.0,50.0,1,1,7.078046184808102,4,1,0
IPL26-049,Prithvi Shaw,BATSMAN,Indian,2.0,72.0,26.0,0.0,0.0,0.0,72.0,0,1,50.11316706466384,3,0,0
IPL26-050,Sahil Parakh,BATSMAN,Indian,0.25,61.0,26.0,0.0,0.0,0.0,61.0,0,1,12.641284788798085,5,1,0
IPL26-051,Shubman Gill,BATSMAN,Indian,2.0,84.0,26.0,435.0,0.0,1502.36,84.0,0,1,100.0,1,2,0
IPL26-052,Rashid Khan,ALL_ROUNDER,Afghan,2.0,,26.0,86.0,13.0,1036.91,50.0,1,1,96.39131223331373,5,2,0
IPL26-053,Jos Buttler,WICKET_KEEPER,English,2.0,86.0,35.0,0.0,0.0,0.0,86.0,1,1,46.96131362722053,0,0,0
IPL26-054,Kagiso Rabada,BOWLER,South African,2.0,89.0,31.0,0.0,0.0,0.0,89.0,1,1,69.21951811510053,5,1,0
IPL26-055,Mohammed Siraj,BOWLER,Indian,2.0,79.0,32.0,0.0,12.0,835.35,79.0,0,1,98.64172444836973,2,1,0
IPL26-056,Sai Sudharsan,BATSMAN,Indian,1.5,83.0,24.0,487.0,0.0,1572.25,83.0,0,1,100.0,4,1,1
IPL26-057,Prasidh Krishna,BOWLER,Indian,2.0,77.0,30.0,0.0,12.0,571.61,77.0,0,1,100.0,4,0,0
IPL26-058,Washington Sundar,ALL_ROUNDER,Indian,2.0,,26.0,240.0,4.0,670.48,50.0,0,1,93.50209381536202,5,1,0
IPL26-059,Rahul Tewatia,ALL_ROUNDER,Indian,2.0,,33.0,0.0,0.0,0.0,50.0,0,1,45.22566078932702,1,2,0
IPL26-060,Shahrukh Khan,BATSMAN,Indian,1.5,66.0,26.0,144.0,0.0,378.48,66.0,0,1,100.0,1,1,0
IPL26-061,R. Sai Kishore,BOWLER,Indian,1.5,75.0,26.0,0.0,0.0,0.0,75.0,0,1,51.82920777408647,2,0,0
IPL26-062,Glenn Phillips,BATSMAN,New Zealander,1.5,61.0,26.0,0.0,0.0,0.0,61.0,1,1,43.3591639829507,0,0,0
IPL26-063,Jayant Yadav,BOWLER,Indian,2.0,61.0,36.0,0.0,0.0,0.0,61.0,0,1,44.17310415822344,5,1,0
IPL26-064,Anuj Rawat,WICKET_KEEPER,Indian,0.5,66.0,26.0,282.0,0.0,109.12,66.0,0,1,94.38727596877793,4,2,0
IPL26-065,Kumar Kushagra,WICKET_KEEPER,Indian,0.5,56.0,21.0,21.0,0.0,18.97,56.0,0,1,95.41248589492868,5,1,0
IPL26-066,Gurnoor Singh Brar,BOWLER,Indian,0.5,65.0,26.0,0.0,0.0,0.0,65.0,0,1,27.9104774787061,2,2,0
IPL26-067,Nishant Sindhu,BATSMAN,Indian,0.5,61.0,22.0,0.0,0.0,0.0,61.0,0,1,31.55981342820761,3,2,0
IPL26-068,Manav Suthar,BOWLER,Indian,0.25,58.0,23.0,0.0,0.0,0.0,58.0,0,1,33.847799811800805,3,0,0
IPL26-069,Ishant Sharma,BOWLER,Indian,1.5,78.0,37.0,0.0,0.0,0.0,78.0,0,1,75.55977947528622,2,2,0
IPL26-070,Arshad Khan,BOWLER,Indian,0.5,64.0,26.0,0.0,9.0,357.1,64.0,0,1,100.0,4,2,0
IPL26-071,Jason Holder,ALL_ROUNDER,West Indian,1.5,,41.0,0.0,0.0,0.0,50.0,1,1,28.521913701971506,2,0,0
IPL26-072,Tom Banton,WICKET_KEEPER,English,1.0,58.0,27.0,0.0,0.0,0.0,58.0,1,1,16.790986202666232,4,2,0
IPL26-073,Ashok Sharma,BOWLER,Indian,0.25,64.0,26.0,0.0,6.0,94.13,64.0,0,1,100.0,1,0,0
IPL26-074,Luke Wood,BOWLER,English,1.0,50.0,26.0,0.0,0.0,0.0,50.0,1,1,33.714305820581785,2,1,0
IPL26-075,Prithvi Raj,BOWLER,Indian,0.25,73.0,26.0,3.0,0.0,0.0,73.0,0,1,47.00638104468594,4,0,0
IPL26-076,Sunil Narine,ALL_ROUNDER,West Indian,2.0,,37.0,0.0,0.0,0.0,50.0,1,1,12.190632482632008,2,2,0
IPL26-077,Varun Chakravarthy,BOWLER,Indian,2.0,85.0,34.0,0.0,0.0,0.0,85.0,0,1,76.74641811270219,2,0,0
IPL26-078,Rinku Singh,BATSMAN,Indian,1.5,74.0,37.0,0.0,0.0,0.0,74.0,0,1,72.32528004601,4,2,0
IPL26-079,Harshit Rana,BOWLER,Indian,1.0,73.0,24.0,0.0,10.0,541.9,73.0,0,1,99.68904491500345,4,1,0
IPL26-080,Angkrish Raghuvanshi,BATSMAN,Indian,0.5,73.0,22.0,0.0,0.0,0.0,73.0,0,1,72.5909685860955,0,0,0
IPL26-081,Ramandeep Singh,ALL_ROUNDER,Indian,1.5,,26.0,100.0,6.0,355.97,50.0,0,1,98.3296138451003,2,1,0
IPL26-082,Ajinkya Rahane,BATSMAN,Indian,2.0,84.0,38.0,0.0,0.0,0.0,84.0,0,1,54.23476678112842,3,2,0
IPL26-083,Rovman Powell,BATSMAN,West Indian,1.5,67.0,32.0,0.0,0.0,0.0,67.0,1,1,37.26349266877121,2,2,0
IPL26-084,Vaibhav Arora,BOWLER,Indian,1.5,73.0,28.0,0.0,0.0,0.0,73.0,0,1,57.85119071668227,2,1,0
IPL26-085,Manish Pandey,BATSMAN,Indian,2.0,79.0,26.0,0.0,0.0,0.0,79.0,0,1,72.7614056173212,4,0,0
IPL26-086,Anukul Roy,BOWLER,Indian,0.5,69.0,27.0,0.0,0.0,0.0,69.0,0,1,42.93892604252536,2,0,0
IPL26-087,Umran Malik,BOWLER,Indian,1.5,65.0,26.0,0.0,5.0,0.0,65.0,0,1,40.36748070587595,5,2,0
IPL26-088,Cameron Green,ALL_ROUNDER,Australian,1.0,,26.0,0.0,0.0,0.0,50.0,1,1,12.747612411551238,2,1,0
IPL26-089,Matheesha Pathirana,BOWLER,Sri Lankan,1.5,77.0,24.0,0.0,0.0,0.0,77.0,1,1,43.18713649599747,5,1,1
IPL26-090,Mustafizur Rahman,BOWLER,Bangladeshi,1.5,77.0,30.0,0.0,13.0,258.07,77.0,1,1,97.81617881380892,3,0,0
IPL26-091,Tejasvi Singh,BATSMAN,Indian,0.25,78.0,26.0,0.0,0.0,0.0,78.0,0,1,62.15500183221958,4,0,0
IPL26-092,Finn Allen,BATSMAN,New Zealander,1.0,74.0,27.0,0.0,0.0,0.0,74.0,1,1,83.09151994958944,2,0,0
IPL26-093,Rachin Ravindra,BATSMAN,New Zealander,1.0,67.0,26.0,0.0,0.0,0.0,67.0,1,1,52.82711856974743,5,1,0
IPL26-094,Tim Seifert,WICKET_KEEPER,New Zealander,1.0,58.0,24.0,0.0,0.0,0.0,58.0,1,1,46.59167999285227,5,0,0
IPL26-095,Akash Deep,BOWLER,Indian,1.0,58.0,26.0,0.0,5.0,74.49,58.0,0,1,100.0,5,0,0
IPL26-096,Rahul Tripathi,BATSMAN,Indian,2.0,73.0,26.0,0.0,0.0,0.0,73.0,0,1,55.9096665229578,1,2,0
IPL26-097,Prashant Solanki,BOWLER,Indian,0.25,75.0,26.0,0.0,0.0,0.0,75.0,0,1,46.640639757578434,0,0,0
IPL26-098,Kartik Tyagi,BOWLER,Indian,1.0,71.0,25.0,0.0,15.0,267.17,71.0,0,1,100.0,3,0,0
IPL26-099,Sarthak Ranjan,BATSMAN,Indian,0.25,59.0,29.0,61.0,0.0,0.0,59.0,0,1,43.2488950810446,2,1,0
IPL26-100,Daksh Kamra,BATSMAN,Indian,0.25,50.0,26.0,0.0,0.0,0.0,50.0,0,1,49.151720169057555,1,1,0
IPL26-101,Rishabh Pant,WICKET_KEEPER,Indian,2.0,82.0,28.0,0.0,0.0,0.0,82.0,0,1,58.00990415176943,2,2,0
IPL26-102,Nicholas Pooran,WICKET_KEEPER,West Indian,2.0,77.0,30.0,0.0,0.0,0.0,77.0,1,1,75.88869525980388,2,0,0
IPL26-103,Mayank Yadav,BOWLER,Indian,1.0,63.0,26.0,0.0,0.0,0.0,63.0,0,1,0.0,4,2,0
IPL26-104,Mohammed Shami,BOWLER,Indian,2.0,77.0,36.0,0.0,9.0,366.12,77.0,0,1,99.66410854975322,4,1,0
IPL26-105,Mohsin Khan,BOWLER,Indian,1.5,75.0,38.0,0.0,13.0,341.0,75.0,0,1,96.42120005444625,4,2,0
IPL26-106,Ayush Badoni,BATSMAN,Indian,0.5,70.0,26.0,0.0,0.0,0.0,70.0,0,1,65.73879789419146,1,1,0
IPL26-107,Avesh Khan,BOWLER,Indian,1.5,73.0,29.0,0.0,9.0,614.92,73.0,0,1,100.0,2,2,0
IPL26-108,Abdul Samad,BATSMAN,Indian,1.5,66.0,26.0,124.0,10.0,652.13,66.0,0,1,97.09973379314978,0,0,0
IPL26-109,Mitchell Marsh,ALL_ROUNDER,Australian,1.5,,34.0,0.0,0.0,0.0,50.0,1,1,32.502728526249456,3,0,0
IPL26-110,Aiden Markram,ALL_ROUNDER,South African,1.5,,31.0,0.0,0.0,0.0,50.0,1,1,28.013315294526656,4,2,0
IPL26-111,Shahbaz Ahmed,ALL_ROUNDER,Indian,1.5,,26.0,168.0,7.0,458.64,50.0,0,1,100.0,4,0,0
IPL26-112,Matthew Breetzke,BATSMAN,South African,1.0,61.0,27.0,0.0,0.0,0.0,61.0,1,1,42.756187987612975,2,0,0
IPL26-113,Digvesh Rathi,BOWLER,Indian,0.5,65.0,26.0,0.0,0.0,0.0,65.0,0,1,18.89987837278522,2,0,0
IPL26-114,Himmat Singh,BATSMAN,Indian,0.5,66.0,29.0,173.0,0.0,101.92,66.0,0,1,100.0,1,0,0
IPL26-115,Arshin Kulkarni,BATSMAN,Indian,0.25,56.0,26.0,0.0,0.0,0.0,56.0,0,1,26.516609570800835,1,2,0
IPL26-116,Manimaran Siddharth,BOWLER,Indian,0.5,68.0,27.0,0.0,0.0,0.0,68.0,0,1,57.70246889462256,4,1,0
IPL26-117,Akash Singh,BOWLER,Indian,0.25,67.0,39.0,0.0,9.0,96.39,67.0,0,1,100.0,2,1,0
IPL26-118,Arjun Tendulkar,BOWLER,Indian,0.5,64.0,26.0,38.0,8.0,32.51,64.0,0,1,96.18356947910709,0,0,0
IPL26-119,Prince Yadav,BATSMAN,Indian,0.25,52.0,24.0,5.0,0.0,347.54,52.0,0,1,100.0,3,2,0
IPL26-120,Josh Inglis,WICKET_KEEPER,Australian,1.0,74.0,31.0,0.0,0.0,0.0,74.0,1,1,79.5850556351781,2,0,0
IPL26-121,Akshat Raghuwanshi,BATSMAN,Indian,0.25,59.0,22.0,53.0,0.0,22.82,59.0,0,1,98.9534309021032,2,1,0
IPL26-122,Mukul Choudhary,BATSMAN,Indian,0.25,71.0,21.0,0.0,0.0,0.0,71.0,0,1,48.59083696472535,5,2,0
IPL26-123,Wanindu Hasaranga,BOWLER,Sri Lankan,1.5,76.0,28.0,0.0,0.0,0.0,76.0,1,1,55.691958429698985,1,0,0
IPL26-124,Anrich Nortje,BOWLER,South African,1.5,76.0,32.0,0.0,0.0,0.0,76.0,1,1,44.54371418305704,3,1,0
IPL26-125,Naman Tiwari,BOWLER,Indian,0.25,76.0,26.0,0.0,0.0,0.0,76.0,0,1,62.82580874976224,4,0,0
IPL26-126,Rohit Sharma,BATSMAN,Indian,2.0,54.0,39.0,5.0,0.0,0.0,54.0,0,1,40.45035962291965,2,1,0
IPL26-127,Jasprit Bumrah,BOWLER,Indian,2.0,95.0,32.0,0.0,0.0,0.0,95.0,0,1,70.66140946912513,4,1,1
IPL26-128,Suryakumar Yadav,BATSMAN,Indian,2.0,84.0,35.0,0.0,0.0,0.0,84.0,0,1,70.5446796274765,2,1,0
IPL26-129,Hardik Pandya,ALL_ROUNDER,Indian,2.0,,32.0,0.0,0.0,0.0,50.0,0,1,38.72246655682578,4,0,0
IPL26-130,Tilak Varma,BATSMAN,Indian,1.5,76.0,23.0,324.0,0.0,1185.21,76.0,0,1,93.30697100138376,3,2,1
IPL26-131,Trent Boult,BOWLER,New Zealander,2.0,87.0,36.0,0.0,0.0,0.0,87.0,1,1,84.9942679731514,1,0,1
IPL26-132,Deepak Chahar,BOWLER,Indian,2.0,80.0,26.0,0.0,0.0,0.0,80.0,0,1,46.43989948804525,3,1,0
IPL26-133,Naman Dhir,BATSMAN,Indian,0.5,71.0,26.0,259.0,0.0,863.67,71.0,0,1,100.0,5,0,0
IPL26-134,Will Jacks,ALL_ROUNDER,English,1.5,,27.0,0.0,0.0,0.0,50.0,1,1,35.04764456687407,0,0,0
IPL26-135,Robin Minz,WICKET_KEEPER,Indian,0.5,55.0,23.0,0.0,0.0,0.0,55.0,0,1,25.285094764100897,1,0,0
IPL26-136,Ryan Rickelton,WICKET_KEEPER,South African,1.0,73.0,29.0,0.0,0.0,0.0,73.0,1,1,28.29949009847532,3,2,0
IPL26-137,Shardul Thakur,ALL_ROUNDER,Indian,2.0,,34.0,0.0,0.0,0.0,50.0,0,1,38.73974359086765,5,2,0
IPL26-138,Sherfane Rutherford,BATSMAN,West Indian,1.0,67.0,27.0,0.0,0.0,0.0,67.0,1,1,48.980175833750764,0,0,0
IPL26-139,Mayank Markande,BOWLER,Indian,1.5,72.0,28.0,0.0,0.0,0.0,72.0,0,1,51.84964575997572,5,1,0
IPL26-140,Allah Ghazanfar,BOWLER,Afghan,1.0,70.0,26.0,0.0,0.0,0.0,70.0,1,1,46.608135102084844,2,2,0
IPL26-141,Corbin Bosch,ALL_ROUNDER,South African,1.0,,31.0,0.0,0.0,0.0,50.0,1,1,0.0,2,0,0
IPL26-142,Mitchell Santner,ALL_ROUNDER,New Zealander,1.5,,34.0,0.0,0.0,0.0,50.0,1,1,23.62113142804843,4,2,0
IPL26-143,Ashwani Kumar,BOWLER,Indian,0.25,73.0,26.0,0.0,17.0,180.0,73.0,0,1,96.55136112967914,1,1,0
IPL26-144,Raj Angad Bawa,BATSMAN,Indian,0.5,62.0,23.0,0.0,0.0,0.0,62.0,0,1,34.3936681400996,2,0,0
IPL26-145,Raghu Sharma,BOWLER,Indian,0.25,59.0,26.0,0.0,4.0,37.39,59.0,0,1,100.0,5,0,0
IPL26-146,Quinton de Kock,WICKET_KEEPER,South African,2.0,79.0,33.0,0.0,0.0,0.0,79.0,1,1,40.683306490279435,1,0,0
IPL26-147,Atharva Ankolekar,ALL_ROUNDER,Indian,1.0,,25.0,78.0,9.0,0.0,50.0,0,1,31.64674025874975,2,1,0
IPL26-148,Mohammad Izhar,BOWLER,Indian,0.25,76.0,26.0,0.0,0.0,0.0,76.0,0,1,60.665948200559036,4,2,0
IPL26-149,Danish Malewar,BATSMAN,Indian,0.25,52.0,26.0,0.0,0.0,0.0,52.0,0,1,58.89398767567878,3,0,0
IPL26-150,Mayank Rawat,BATSMAN,Indian,0.25,56.0,26.0,24.0,0.0,0.0,56.0,0,1,42.57052667273614,4,2,0
IPL26-151,Shreyas Iyer,BATSMAN,Indian,2.0,83.0,31.0,0.0,0.0,0.0,83.0,0,1,68.56351233368592,0,0,0
IPL26-152,Arshdeep Singh,BOWLER,Indian,2.0,78.0,21.0,0.0,12.0,828.89,78.0,0,1,100.0,2,1,1
IPL26-153,Yuzvendra Chahal,BOWLER,Indian,2.0,100.0,35.0,0.0,0.0,0.0,100.0,0,1,83.7242345661718,0,0,1
IPL26-154,Marco Jansen,ALL_ROUNDER,South African,1.0,,26.0,0.0,0.0,0.0,50.0,1,1,0.0,0,0,0
IPL26-155,Prabhsimran Singh,WICKET_KEEPER,Indian,1.5,74.0,25.0,0.0,0.0,0.0,74.0,0,1,50.54110819572299,5,0,0
IPL26-156,Harpreet Brar,ALL_ROUNDER,Indian,1.5,,30.0,91.0,13.0,492.23,50.0,0,1,94.57424736721102,1,0,0
IPL26-157,Shashank Singh,BATSMAN,Indian,1.5,73.0,26.0,193.0,0.0,1092.28,73.0,0,1,95.87294735010522,5,1,0
IPL26-158,Azmatullah Omarzai,ALL_ROUNDER,Afghan,1.0,,26.0,225.0,9.0,458.76,50.0,1,1,100.0,2,0,0
IPL26-159,Nehal Wadhera,BATSMAN,Indian,0.5,68.0,25.0,0.0,0.0,0.0,68.0,0,1,55.12685105279933,0,0,0
IPL26-160,Xavier Bartlett,BOWLER,Australian,1.0,55.0,27.0,0.0,0.0,0.0,55.0,1,1,65.19325985623918,3,2,0
IPL26-161,Lockie Ferguson,BOWLER,New Zealander,1.5,74.0,35.0,0.0,0.0,0.0,74.0,1,1,44.502295744565316,0,0,0
IPL26-162,Marcus Stoinis,ALL_ROUNDER,Australian,1.5,,36.0,0.0,0.0,0.0,50.0,1,1,36.93254044359664,3,0,0
IPL26-163,Mitch Owen,ALL_ROUNDER,Australian,1.0,,22.0,0.0,0.0,0.0,50.0,1,1,32.215647441311184,5,2,0
IPL26-164,Musheer Khan,BOWLER,Indian,0.5,61.0,26.0,0.0,1.0,9.79,61.0,0,1,100.0,5,1,0
IPL26-165,Priyansh Arya,BATSMAN,Indian,0.5,74.0,25.0,261.0,0.0,912.18,74.0,0,1,98.72522103223152,1,1,0
IPL26-166,Vyshak Vijaykumar,BOWLER,Indian,1.5,62.0,26.0,0.0,0.0,0.0,62.0,0,1,23.842558135692517,0,0,0
IPL26-167,Yash Thakur,BOWLER,Indian,0.5,67.0,26.0,0.0,8.0,223.54,67.0,0,1,100.0,4,2,0
IPL26-168,Pyla Avinash,BATSMAN,Indian,0.25,63.0,25.0,0.0,0.0,0.0,63.0,0,1,60.57180724919196,5,2,0
IPL26-169,Harnoor Pannu,BATSMAN,Indian,0.25,64.0,26.0,0.0,0.0,0.0,64.0,0,1,44.18249362656394,5,2,0
IPL26-170,Vishnu Vinod,WICKET_KEEPER,Indian,1.0,62.0,32.0,226.0,0.0,15.19,62.0,0,1,98.85100184712402,1,2,0
IPL26-171,Suryansh Shedge,BATSMAN,Indian,0.25,67.0,23.0,165.0,0.0,226.14,67.0,0,1,95.74296782869843,3,0,0
IPL26-172,Cooper Connolly,BATSMAN,Australian,1.0,75.0,22.0,0.0,0.0,0.0,75.0,1,1,67.74153630018826,1,0,0
IPL26-173,Ben Dwarshuis,BOWLER,Australian,1.0,56.0,31.0,0.0,0.0,0.0,56.0,1,1,37.28548319109596,0,0,0
IPL26-174,Praveen Dubey,BOWLER,Indian,0.25,59.0,32.0,0.0,0.0,0.0,59.0,0,1,61.879322991413005,2,0,0
IPL26-175,Vishal Nishad,BOWLER,Indian,0.25,51.0,26.0,0.0,0.0,0.0,51.0,0,1,8.404585627253798,2,0,0
IPL26-176,Yashasvi Jaiswal,BATSMAN,Indian,1.5,78.0,24.0,0.0,0.0,0.0,78.0,0,1,71.41186391689033,3,0,1
IPL26-177,Ravindra Jadeja,ALL_ROUNDER,Indian,2.0,,37.0,0.0,0.0,0.0,50.0,0,1,65.27027382319574,5,2,0
IPL26-178,Riyan Parag,ALL_ROUNDER,Indian,2.0,,24.0,0.0,0.0,0.0,50.0,0,1,17.242427575298883,3,1,0
IPL26-179,Jofra Archer,BOWLER,English,1.5,80.0,31.0,0.0,0.0,0.0,80.0,1,1,54.539787022036776,5,1,0
IPL26-180,Dhruv Jurel,WICKET_KEEPER,Indian,1.0,73.0,25.0,334.0,0.0,1059.22,73.0,0,1,100.0,5,1,0
IPL26-181,Shimron Hetmyer,BATSMAN,West Indian,2.0,72.0,29.0,0.0,0.0,0.0,72.0,1,1,47.84032829968504,2,1,0
IPL26-182,Sam Curran,ALL_ROUNDER,English,2.0,,26.0,0.0,0.0,0.0,50.0,1,1,24.816025572314285,3,0,0
IPL26-183,Sandeep Sharma,BOWLER,Indian,2.0,77.0,26.0,0.0,9.0,459.67,77.0,0,1,95.3680943500923,1,0,0
IPL26-184,Vaibhav Suryavanshi,BATSMAN,Indian,0.5,80.0,26.0,0.0,0.0,0.0,80.0,0,1,39.51761176571925,5,2,0
IPL26-185,Tushar Deshpande,BOWLER,Indian,1.5,72.0,26.0,0.0,0.0,0.0,72.0,0,1,48.435012064659944,4,1,0
IPL26-186,Shubham Dubey,BATSMAN,Indian,0.5,72.0,32.0,0.0,0.0,0.0,72.0,0,1,33.978610226083006,4,0,0
IPL26-187,Yudhvir Charak,BOWLER,Indian,0.5,66.0,26.0,0.0,0.0,0.0,66.0,0,1,51.62843688833819,1,0,0
IPL26-188,Kwena Maphaka,BOWLER,South African,0.5,52.0,20.0,0.0,0.0,0.0,52.0,1,1,23.087720083216496,4,2,0
IPL26-189,Lhuan-Dre Pretorius,BATSMAN,South African,0.5,57.0,20.0,0.0,0.0,0.0,57.0,1,1,64.84128829497516,0,0,0
IPL26-190,Nandre Burger,BOWLER,South African,1.0,70.0,30.0,0.0,0.0,0.0,70.0,1,1,32.02261373272452,5,2,0
IPL26-191,Donovan Ferreira,WICKET_KEEPER,South African,1.0,69.0,27.0,0.0,0.0,0.0,69.0,1,1,44.443747811914115,1,0,0
IPL26-192,Ravi Bishnoi,BOWLER,Indian,2.0,74.0,25.0,0.0,12.0,466.26,74.0,0,1,96.45210072625413,3,0,0
IPL26-193,Adam Milne,BOWLER,New Zealander,1.0,59.0,34.0,0.0,0.0,0.0,59.0,1,1,44.91023370716837,5,2,0
IPL26-194,Ravi Singh,BATSMAN,Indian,0.25,59.0,26.0,4.0,0.0,4.35,59.0,0,1,70.66491474787814,1,1,0
IPL26-195,Sushant Mishra,BOWLER,Indian,0.25,75.0,25.0,0.0,0.0,0.0,75.0,0,1,34.994621311211574,2,2,1
IPL26-196,Kuldeep Sen,BOWLER,Indian,1.0,70.0,29.0,0.0,0.0,0.0,70.0,0,1,65.54548145078955,3,2,0
IPL26-197,Brijesh Sharma,BOWLER,Indian,0.25,67.0,26.0,0.0,11.0,210.22,67.0,0,1,100.0,2,2,0
IPL26-198,Aman Rao Perala,BATSMAN,Indian,0.25,71.0,26.0,0.0,0.0,0.0,71.0,0,1,63.71905381046524,5,2,0
IPL26-199,Vignesh Puthur,BOWLER,Indian,0.25,73.0,25.0,0.0,0.0,0.0,73.0,0,1,26.063881460726876,3,0,0
IPL26-200,Virat Kohli,BATSMAN,Indian,2.0,100.0,37.0,0.0,0.0,0.0,100.0,0,1,87.87642435513156,4,1,1
IPL26-201,Rajat Patidar,BATSMAN,Indian,1.5,75.0,33.0,0.0,0.0,0.0,75.0,0,1,69.34045577807598,1,2,0
IPL26-202,Phil Salt,WICKET_KEEPER,English,1.0,75.0,47.0,0.0,0.0,0.0,75.0,1,1,58.79742651546986,5,1,0
IPL26-203,Josh Hazlewood,BOWLER,Australian,1.5,79.0,35.0,0.0,0.0,0.0,79.0,1,1,31.046117411133547,0,0,0
IPL26-204,Yash Dayal,BOWLER,Indian,1.5,68.0,28.0,0.0,7.0,485.16,68.0,0,1,100.0,3,1,0
IPL26-205,Krunal Pandya,ALL_ROUNDER,Indian,2.0,,35.0,0.0,0.0,0.0,50.0,0,1,12.141221690590374,3,2,0
IPL26-206,Bhuvneshwar Kumar,BOWLER,Indian,2.0,98.0,36.0,0.0,0.0,0.0,98.0,0,1,81.48765982487164,5,0,1
IPL26-207,Tim David,BATSMAN,Singaporean,1.5,74.0,26.0,0.0,0.0,0.0,74.0,1,1,61.12791552910996,5,2,0
IPL26-208,Romario Shepherd,ALL_ROUNDER,West Indian,1.0,,31.0,0.0,0.0,0.0,50.0,1,1,20.57865406010376,2,1,0
IPL26-209,Nuwan Thushara,BOWLER,Sri Lankan,1.0,68.0,31.0,0.0,0.0,0.0,68.0,1,1,53.21360067544044,4,1,0
IPL26-210,Swapnil Singh,BOWLER,Indian,1.0,66.0,35.0,74.0,7.0,131.12,66.0,0,1,100.0,2,0,0
IPL26-211,Jacob Bethell,BATSMAN,English,1.0,64.0,20.0,0.0,0.0,0.0,64.0,1,1,38.42097987401179,2,2,0
IPL26-212,Devdutt Padikkal,BATSMAN,Indian,1.5,73.0,25.0,0.0,0.0,0.0,73.0,0,1,51.414325695952364,4,1,0
IPL26-213,Suyash Sharma,BOWLER,Indian,0.5,64.0,26.0,0.0,7.0,369.66,64.0,0,1,100.0,0,0,0
IPL26-214,Rasikh Dar,BOWLER,Indian,0.5,71.0,26.0,0.0,0.0,0.0,71.0,0,1,50.76896396918228,2,1,0
IPL26-215,Jitesh Sharma,WICKET_KEEPER,Indian,1.5,56.0,32.0,0.0,0.0,0.0,56.0,0,1,26.561647507976065,2,0,0
IPL26-216,Abhinandan Singh,BOWLER,Indian,0.25,59.0,26.0,0.0,3.0,38.42,59.0,0,1,95.52326838818487,3,0,0
IPL26-217,Venkatesh Iyer,ALL_ROUNDER,Indian,1.5,,35.0,0.0,0.0,0.0,50.0,0,1,55.94611347137024,4,2,0
IPL26-218,Jordan Cox,WICKET_KEEPER,English,1.0,80.0,34.0,0.0,0.0,0.0,80.0,1,1,62.128416839725666,1,1,0
IPL26-219,Mangesh Yadav,BOWLER,Indian,0.25,65.0,26.0,0.0,0.0,0.0,65.0,0,1,30.38612875107856,0,0,0
IPL26-220,Vicky Kanhaiya Ostwal,BOWLER,Indian,0.5,74.0,26.0,0.0,0.0,0.0,74.0,0,1,68.14055971279078,0,0,0
IPL26-221,Kanishk Chouhan,BATSMAN,Indian,0.25,50.0,26.0,0.0,0.0,0.0,50.0,0,1,14.206672096803109,4,2,0
IPL26-222,Vihaan Malhotra,BATSMAN,Indian,0.25,50.0,19.0,0.0,0.0,0.0,50.0,0,1,41.99745903093692,5,1,0
IPL26-223,Satvik Deswal,BOWLER,Indian,0.25,77.0,26.0,0.0,0.0,0.0,77.0,0,1,67.13597661194335,5,2,0
IPL26-224,Yash Raj Punja,BOWLER,Indian,0.25,68.0,26.0,0.0,9.0,128.95,68.0,0,1,98.50161675996607,3,0,0
IPL26-225,Pat Cummins,ALL_ROUNDER,Australian,2.0,,33.0,0.0,0.0,0.0,50.0,1,1,17.438742139515618,3,1,0
IPL26-226,Heinrich Klaasen,WICKET_KEEPER,South African,1.5,80.0,26.0,0.0,0.0,0.0,80.0,1,1,87.5546073938147,4,1,0
IPL26-227,Travis Head,BATSMAN,Australian,1.5,75.0,32.0,0.0,0.0,0.0,75.0,1,1,55.63187877517666,3,0,0
IPL26-228,Abhishek Sharma,ALL_ROUNDER,Indian,1.5,,26.0,434.0,1.0,1410.48,50.0,0,1,100.0,0,0,0
IPL26-229,Nitish Kumar Reddy,ALL_ROUNDER,Indian,1.0,,23.0,0.0,0.0,0.0,50.0,0,1,47.31519626724639,0,0,0
IPL26-230,Ishan Kishan,WICKET_KEEPER,Indian,2.0,78.0,27.0,389.0,0.0,1062.44,78.0,0,1,100.0,1,1,0
IPL26-231,Harshal Patel,BOWLER,Indian,2.0,88.0,35.0,0.0,0.0,0.0,88.0,0,1,100.0,5,2,1
IPL26-232,Jaydev Unadkat,BOWLER,Indian,2.0,81.0,33.0,0.0,0.0,0.0,81.0,0,1,59.17970562299126,4,0,0
IPL26-233,Zeeshan Ansari,BOWLER,Indian,0.5,59.0,26.0,0.0,6.0,99.75,59.0,0,1,100.0,2,2,0
IPL26-234,Brydon Carse,BOWLER,English,1.0,72.0,30.0,0.0,0.0,0.0,72.0,1,1,40.42835426954993,5,2,0
IPL26-235,Kamindu Mendis,BATSMAN,Sri Lankan,1.0,65.0,27.0,0.0,0.0,0.0,65.0,1,1,37.77512796771028,2,2,0
IPL26-236,Harsh Dubey,BOWLER,Indian,0.5,70.0,23.0,13.0,12.0,174.77,70.0,0,1,100.0,1,1,0
IPL26-237,Aniket Verma,BATSMAN,Indian,0.25,66.0,24.0,117.0,0.0,403.65,66.0,0,1,96.87161356251895,1,0,0
IPL26-238,Eshan Malinga,BOWLER,Sri Lankan,0.25,74.0,25.0,0.0,0.0,0.0,74.0,1,1,35.166609752524586,3,0,0
IPL26-239,Smaran Ravichandaran,BATSMAN,Indian,0.25,73.0,26.0,0.0,0.0,0.0,73.0,0,1,50.82857117181015,1,2,0
IPL26-240,Liam Livingstone,ALL_ROUNDER,English,1.5,,32.0,0.0,0.0,0.0,50.0,1,1,31.117086800261422,1,1,0
IPL26-241,Salil Arora,WICKET_KEEPER,Indian,0.25,68.0,23.0,35.0,0.0,31.36,68.0,0,1,99.68237712692323,2,2,0
IPL26-242,Jack Edwards,ALL_ROUNDER,Australian,1.0,,26.0,0.0,0.0,0.0,50.0,1,1,40.33755266337098,3,1,0
IPL26-243,Shivam Mavi,BOWLER,Indian,1.5,64.0,27.0,0.0,12.0,0.0,64.0,0,1,54.12124046010641,1,1,0
IPL26-244,Amit Kumar,BOWLER,Indian,0.25,56.0,26.0,0.0,1.0,0.0,56.0,0,1,35.98091147161073,5,1,0
IPL26-245,Onkar Tarmale,ALL_ROUNDER,Indian,0.25,,26.0,0.0,0.0,0.0,50.0,0,1,52.093124831401724,1,1,0
IPL26-246,Sakib Hussain,BOWLER,Indian,0.25,71.0,21.0,0.0,11.0,221.1,71.0,0,1,100.0,3,0,0
IPL26-247,Praful Hinge,BOWLER,Indian,0.25,70.0,26.0,0.0,0.0,0.0,70.0,0,1,34.79570083150764,4,1,0
IPL26-248,Shivang Kumar,BOWLER,Indian,0.25,63.0,26.0,53.0,5.0,185.9,63.0,0,1,96.96649852617351,3,1,0
IPL26-249,Krains Fuletra,BOWLER,Indian,0.25,55.0,26.0,0.0,0.0,0.0,55.0,0,1,76.85895596024164,2,2,0
IPL26-250,Jake Fraser-McGurk,BATSMAN,Australian,1.0,71.0,23.0,0.0,0.0,0.0,71.0,1,1,66.3854049986094,4,2,0
IPL26-251,Devon Conway,WICKET_KEEPER,New Zealander,1.5,76.0,26.0,0.0,0.0,0.0,76.0,1,1,40.683124416224736,5,0,0
IPL26-252,Gus Atkinson,BOWLER,English,1.0,80.0,28.0,0.0,0.0,0.0,80.0,1,1,34.553848998873946,0,0,0
IPL26-253,Jamie Smith,WICKET_KEEPER,English,1.0,71.0,37.0,0.0,0.0,0.0,71.0,1,1,61.335643458478465,3,1,0
IPL26-254,Deepak Hooda,ALL_ROUNDER,Indian,2.0,,31.0,0.0,0.0,0.0,50.0,0,1,23.47124627598409,2,2,0
IPL26-255,Wiaan Mulder,BOWLER,South African,1.0,50.0,28.0,0.0,0.0,0.0,50.0,1,1,34.76167411592958,5,0,0
IPL26-256,Rahmanullah Gurbaz,WICKET_KEEPER,Afghan,1.0,67.0,24.0,233.0,0.0,183.09,67.0,1,1,96.87827305143388,4,2,0
IPL26-257,Jonny Bairstow,WICKET_KEEPER,English,1.5,75.0,36.0,0.0,0.0,0.0,75.0,1,1,61.175937580323925,5,2,0
IPL26-258,K.S. Bharat,WICKET_KEEPER,Indian,1.5,67.0,26.0,0.0,0.0,0.0,67.0,0,1,42.88384298745585,3,0,0
IPL26-259,Gerald Coetzee,BOWLER,South African,1.0,67.0,25.0,0.0,0.0,0.0,67.0,1,1,23.270263943478575,1,0,0
IPL26-260,Spencer Johnson,BOWLER,Australian,1.0,57.0,38.0,0.0,0.0,0.0,57.0,1,1,18.762622614147695,3,1,0
IPL26-261,Fazalhaq Farooqi,BOWLER,Afghan,1.0,63.0,25.0,0.0,18.0,34.22,63.0,1,1,100.0,0,0,0
IPL26-262,Maheesh Theekshana,BOWLER,Sri Lankan,1.0,71.0,25.0,0.0,0.0,0.0,71.0,1,1,47.559885675692215,3,1,0
IPL26-263,Mujeeb Ur Rahman,BOWLER,Afghan,2.0,67.0,25.0,0.0,7.0,8.29,67.0,1,1,85.76157164787591,4,2,0
IPL26-264,Aarya Desai,BATSMAN,Indian,0.25,55.0,23.0,99.0,0.0,0.0,55.0,0,1,46.8385242451145,4,2,0
IPL26-265,Yash Dhull,BATSMAN,Indian,0.5,55.0,23.0,0.0,0.0,0.0,55.0,0,1,38.17879958580577,3,1,0
IPL26-266,Abhinav Manohar,BATSMAN,Indian,0.5,62.0,31.0,0.0,0.0,0.0,62.0,0,1,26.307890267129732,4,2,0
IPL26-267,Anmolpreet Singh,BATSMAN,Indian,1.0,63.0,28.0,344.0,0.0,4.93,63.0,0,1,77.99170244359041,1,2,0
IPL26-268,Atharva Taide,BATSMAN,Indian,0.5,68.0,26.0,326.0,0.0,59.39,68.0,0,1,96.32913100610752,5,2,0
IPL26-269,Mahipal Lomror,BATSMAN,Indian,1.5,65.0,26.0,0.0,0.0,0.0,65.0,0,1,48.00769166983554,3,0,0
IPL26-270,Vijay Shankar,ALL_ROUNDER,Indian,2.0,,35.0,0.0,0.0,0.0,50.0,0,1,38.06616271900876,1,1,0
IPL26-271,Tanush Kotian,BATSMAN,Indian,0.5,61.0,27.0,75.0,14.0,18.32,61.0,0,1,100.0,5,0,0
IPL26-272,Kamlesh Nagarkoti,BOWLER,Indian,1.5,57.0,26.0,0.0,0.0,0.0,57.0,0,1,27.264671156106623,5,1,0
IPL26-273,Ruchit Ahir,BATSMAN,Indian,0.25,74.0,26.0,0.0,0.0,0.0,74.0,0,1,60.25116002606051,1,1,0
IPL26-274,Sanvir Singh,BATSMAN,Indian,0.5,60.0,29.0,103.0,4.0,20.67,60.0,0,1,100.0,2,2,0
IPL26-275,Vansh Bedi,WICKET_KEEPER,Indian,0.25,50.0,23.0,0.0,0.0,0.0,50.0,0,1,37.925426502707516,3,1,0
IPL26-276,Raj Limbani,BOWLER,Indian,0.25,75.0,26.0,0.0,0.0,0.0,75.0,0,1,39.90425951233814,5,0,0
IPL26-277,Simarjeet Singh,BOWLER,Indian,1.0,65.0,28.0,0.0,9.0,87.74,65.0,0,1,95.69456044913215,5,0,0
IPL26-278,Akash Madhwal,BOWLER,Indian,1.0,68.0,32.0,0.0,10.0,143.34,68.0,0,1,100.0,4,0,0
IPL26-279,Karn Sharma,BOWLER,Indian,2.0,80.0,38.0,0.0,0.0,0.0,80.0,0,1,68.85632676791938,5,1,0
IPL26-280,Sean Abbott,BOWLER,Australian,1.0,54.0,34.0,0.0,0.0,0.0,54.0,1,1,40.19654778988111,1,0,0
IPL26-281,Michael Bracewell,ALL_ROUNDER,New Zealander,1.0,,35.0,0.0,0.0,0.0,50.0,1,1,43.84830381063294,5,1,0
IPL26-282,Daryl Mitchell,BATSMAN,New Zealander,1.0,67.0,26.0,0.0,0.0,0.0,67.0,1,1,64.28990850622736,2,0,0
IPL26-283,Dasun Shanaka,BATSMAN,Sri Lankan,1.5,62.0,34.0,0.0,0.0,0.0,62.0,1,1,23.650883456981557,3,0,0
IPL26-284,Chetan Sakariya,BOWLER,Indian,1.5,70.0,27.0,0.0,0.0,0.0,70.0,0,1,36.91908572942919,3,1,0
IPL26-285,Waqar Salamkheil,BOWLER,Afghan,1.0,72.0,29.0,0.0,10.0,0.0,72.0,1,1,61.28207237534432,5,0,0
IPL26-286,Taskin Ahmed,BOWLER,Bangladeshi,1.0,80.0,31.0,0.0,12.0,0.0,80.0,1,1,76.20657613656503,0,0,0
IPL26-287,Alzarri Joseph,BOWLER,West Indian,1.5,68.0,29.0,0.0,0.0,0.0,68.0,1,1,61.083431055765146,0,0,0
IPL26-288,Riley Meredith,BOWLER,Australian,1.0,69.0,29.0,0.0,0.0,0.0,69.0,1,1,100.0,1,1,0
IPL26-289,Jhye Richardson,BOWLER,Australian,1.5,58.0,29.0,0.0,0.0,0.0,58.0,1,1,51.26991056423493,0,0,0
IPL26-290,Daniel Lawrence,BATSMAN,English,1.0,79.0,26.0,0.0,0.0,0.0,79.0,1,1,70.87086508507129,1,2,0
IPL26-291,Murugan Ashwin,BOWLER,Indian,1.5,72.0,35.0,0.0,0.0,0.0,72.0,0,1,68.29966170213208,4,1,0
IPL26-292,William Sutherland,ALL_ROUNDER,Australian,1.0,,26.0,0.0,0.0,0.0,50.0,1,1,48.81740051825252,1,0,0
IPL26-293,Kartikeya Singh,BOWLER,Indian,0.5,79.0,26.0,0.0,0.0,0.0,79.0,0,1,53.18073185343295,0,0,0
IPL26-294,Shivam Shukla,BOWLER,Indian,0.25,63.0,26.0,0.0,2.0,0.0,63.0,0,1,50.14636866430359,5,0,0
IPL26-295,Wahidullah Zadran,BOWLER,Afghan,1.0,62.0,26.0,0.0,2.0,0.0,62.0,1,1,27.14717733897112,4,1,0
IPL26-296,KC Cariappa,BOWLER,Indian,0.5,59.0,32.0,0.0,9.0,0.0,59.0,0,1,29.999555712187927,0,0,0
IPL26-297,Sediqullah Atal,BATSMAN,Afghan,1.0,64.0,24.0,244.0,0.0,14.99,64.0,1,1,96.07619045936148,1,1,0
IPL26-298,Nathan Smith,BOWLER,New Zealander,1.0,53.0,26.0,8.0,1.0,0.0,53.0,1,1,23.867006289613304,2,0,0
IPL26-299,Manan Vohra,BATSMAN,Indian,1.5,68.0,32.0,0.0,0.0,0.0,68.0,0,1,42.20027699490163,3,2,0
IPL26-300,Jacob Duffy,BOWLER,New Zealander,1.0,67.0,25.0,0.0,0.0,0.0,67.0,1,1,81.79797016985064,0,0,0
IPL26-001,MS Dhoni,WICKET_KEEPER,Indian,2.0,76.0,44.0,150.0,0.0,492.22,76.0,0,1,100.0,0,0,0
IPL26-002,Ruturaj Gaikwad,BATSMAN,Indian,2.0,79.0,29.0,0.0,0.0,0.0,79.0,0,1,66.66612733529041,3,2,0
IPL26-003,Sanju Samson,WICKET_KEEPER,Indian,2.0,85.0,31.0,0.0,0.0,0.0,85.0,0,1,61.64328057966787,3,0,1
IPL26-004,Shivam Dube,ALL_ROUNDER,Indian,2.0,,32.0,0.0,0.0,0.0,50.0,0,1,49.19739010037429,2,0,0
IPL26-005,Ayush Mhatre,BATSMAN,Indian,0.25,73.0,18.0,0.0,0.0,0.0,73.0,0,1,76.94436946324268,5,1,0
IPL26-006,Dewald Brevis,BATSMAN,South African,1.0,68.0,23.0,0.0,0.0,0.0,68.0,1,1,51.450425647779745,2,0,0
IPL26-007,Urvil Patel,WICKET_KEEPER,Indian,0.25,69.0,27.0,197.0,0.0,268.05,69.0,0,1,89.754380567732,4,1,0
IPL26-008,Noor Ahmad,BOWLER,Afghan,1.5,76.0,21.0,0.0,12.0,701.28,76.0,1,1,100.0,5,0,1
IPL26-009,Nathan Ellis,BOWLER,Australian,1.0,71.0,26.0,0.0,0.0,0.0,71.0,1,1,43.91036154947069,1,2,0
IPL26-010,Shreyas Gopal,BOWLER,Indian,2.0,76.0,32.0,0.0,0.0,0.0,76.0,0,1,76.03047938451259,2,0,0
IPL26-011,Khaleel Ahmed,BOWLER,Indian,2.0,80.0,26.0,0.0,0.0,0.0,80.0,0,1,70.26973080523301,3,1,0
IPL26-012,Ramakrishna Ghosh,BOWLER,Indian,0.25,55.0,28.0,0.0,0.0,0.0,55.0,0,1,20.83496601232026,5,0,0
IPL26-013,Mukesh Choudhary,BOWLER,Indian,1.5,68.0,30.0,0.0,9.0,140.19,68.0,0,1,100.0,2,2,0
IPL26-014,Jamie Overton,ALL_ROUNDER,English,1.0,,32.0,0.0,0.0,0.0,50.0,1,1,39.09197548737344,0,0,0
IPL26-015,Gurjapneet Singh,BOWLER,Indian,0.5,58.0,27.0,0.0,4.0,99.53,58.0,0,1,100.0,1,2,0
IPL26-016,Anshul Kamboj,ALL_ROUNDER,Indian,0.5,,31.0,0.0,0.0,0.0,50.0,0,1,27.4838897184776,4,2,0
IPL26-017,Prashant Veer,BATSMAN,Indian,0.25,73.0,20.0,0.0,0.0,0.0,73.0,0,1,53.587963927416915,0,0,0
IPL26-018,Kartik Sharma,WICKET_KEEPER,Indian,0.25,70.0,26.0,277.0,0.0,292.84,70.0,0,1,98.18144475456226,0,0,0
IPL26-019,Rahul Chahar,BOWLER,Indian,2.0,78.0,26.0,0.0,0.0,0.0,78.0,0,1,64.01618727217289,1,2,0
IPL26-020,Akeal Hosein,BOWLER,West Indian,1.0,71.0,33.0,0.0,0.0,0.0,71.0,1,1,23.76573737180793,4,0,0
IPL26-021,Matt Henry,BOWLER,New Zealander,1.0,54.0,47.0,0.0,0.0,0.0,54.0,1,1,10.014305043949205,3,2,0
IPL26-022,Matthew Short,BATSMAN,Australian,1.0,64.0,26.0,0.0,0.0,0.0,64.0,1,1,37.52867538371533,5,2,0
IPL26-023,Sarfaraz Khan,BATSMAN,Indian,1.0,67.0,26.0,0.0,0.0,0.0,67.0,0,1,39.760049917807834,4,2,0
IPL26-024,Zak Foulkes,BOWLER,English,1.0,81.0,24.0,0.0,0.0,0.0,81.0,1,1,63.41532564648264,2,2,0
IPL26-025,Aman Khan,BOWLER,Indian,0.25,64.0,26.0,24.0,6.0,0.0,64.0,0,1,22.75095935116343,0,0,0
IPL26-026,KL Rahul,WICKET_KEEPER,Indian,2.0,87.0,34.0,482.0,0.0,1380.75,87.0,0,1,96.51063115692057,2,0,0
IPL26-027,Axar Patel,ALL_ROUNDER,Indian,2.0,,32.0,0.0,0.0,0.0,50.0,0,1,12.601779147647651,3,2,0
IPL26-028,Kuldeep Yadav,BOWLER,Indian,2.0,77.0,26.0,0.0,8.0,718.52,77.0,0,1,100.0,2,2,0
IPL26-029,T. Natarajan,BOWLER,Indian,2.0,75.0,26.0,0.0,0.0,0.0,75.0,0,1,74.64673483134833,4,1,0
IPL26-030,Mitchell Starc,BOWLER,Australian,1.5,80.0,36.0,0.0,0.0,0.0,80.0,1,1,51.23086915065375,2,2,0
IPL26-031,Tristan Stubbs,WICKET_KEEPER,South African,1.5,77.0,25.0,0.0,0.0,0.0,77.0,1,1,59.11935367897152,3,1,0
IPL26-032,Mukesh Kumar,BOWLER,Indian,1.5,67.0,26.0,0.0,6.0,521.18,67.0,0,1,100.0,3,0,0
IPL26-033,Nitish Rana,BATSMAN,Indian,2.0,76.0,32.0,0.0,0.0,0.0,76.0,0,1,36.15813748227829,3,0,0
IPL26-034,Abishek Porel,WICKET_KEEPER,Indian,1.0,69.0,23.0,235.0,0.0,743.92,69.0,0,1,98.73334834422526,4,2,0
IPL26-035,Ashutosh Sharma,BATSMAN,Indian,0.5,72.0,26.0,230.0,0.0,869.41,72.0,0,1,100.0,3,2,0
IPL26-036,Sameer Rizvi,BATSMAN,Indian,0.5,71.0,22.0,310.0,0.0,503.63,71.0,0,1,100.0,0,0,0
IPL26-037,Karun Nair,BATSMAN,Indian,1.5,70.0,34.0,0.0,0.0,0.0,70.0,0,1,42.78274378821057,3,1,0
IPL26-038,Dushmantha Chameera,BOWLER,Sri Lankan,1.0,61.0,34.0,0.0,0.0,0.0,61.0,1,1,36.74231409055239,2,2,0
IPL26-039,Vipraj Nigam,ALL_ROUNDER,Indian,0.5,,21.0,0.0,0.0,0.0,50.0,0,1,13.721728091739847,5,2,0
IPL26-040,Ajay Mandal,ALL_ROUNDER,Indian,0.25,,26.0,149.0,10.0,0.0,50.0,0,1,33.43248793285411,2,0,0
IPL26-041,Madhav Tiwari,BOWLER,Indian,0.25,70.0,22.0,0.0,0.0,0.0,70.0,0,1,46.193512681266725,5,2,0
IPL26-042,Tripurana Vijay,BOWLER,Indian,0.25,50.0,24.0,0.0,0.0,0.0,50.0,0,1,26.289186961852216,2,0,0
IPL26-043,Auqib Nabi Dar,ALL_ROUNDER,Indian,0.25,,26.0,0.0,0.0,0.0,50.0,0,1,25.15179692567351,4,2,0
IPL26-044,Pathum Nissanka,BATSMAN,Sri Lankan,1.0,69.0,28.0,0.0,0.0,0.0,69.0,1,1,75.2752658323853,2,0,0
IPL26-045,David Miller,BATSMAN,South African,2.0,80.0,26.0,0.0,0.0,0.0,80.0,1,1,58.4689724408737,4,2,0
IPL26-046,Ben Duckett,BATSMAN,English,1.0,84.0,31.0,0.0,0.0,0.0,84.0,1,1,55.60559229694315,4,0,0
IPL26-047,Lungi Ngidi,BOWLER,South African,1.5,77.0,30.0,0.0,0.0,0.0,77.0,1,1,71.51984962362538,3,1,0
IPL26-048,Kyle Jamieson,ALL_ROUNDER,New Zealander,1.5,,26.0,0.0,0.0,0.0,50.0,1,1,8.114772588405973,0,0,0
IPL26-049,Prithvi Shaw,BATSMAN,Indian,2.0,72.0,26.0,0.0,0.0,0.0,72.0,0,1,59.61782611817371,5,0,0
IPL26-050,Sahil Parakh,BATSMAN,Indian,0.25,61.0,26.0,0.0,0.0,0.0,61.0,0,1,8.938424474664012,3,0,0
IPL26-051,Shubman Gill,BATSMAN,Indian,2.0,84.0,26.0,435.0,0.0,1502.36,84.0,0,1,100.0,3,2,0
IPL26-052,Rashid Khan,ALL_ROUNDER,Afghan,2.0,,26.0,86.0,13.0,1036.91,50.0,1,1,100.0,4,2,0
IPL26-053,Jos Buttler,WICKET_KEEPER,English,2.0,86.0,35.0,0.0,0.0,0.0,86.0,1,1,38.920797328333265,4,2,0
IPL26-054,Kagiso Rabada,BOWLER,South African,2.0,89.0,31.0,0.0,0.0,0.0,89.0,1,1,71.07400892920417,5,1,0
IPL26-055,Mohammed Siraj,BOWLER,Indian,2.0,79.0,32.0,0.0,12.0,835.35,79.0,0,1,100.0,2,1,0
IPL26-056,Sai Sudharsan,BATSMAN,Indian,1.5,83.0,24.0,487.0,0.0,1572.25,83.0,0,1,100.0,2,0,1
IPL26-057,Prasidh Krishna,BOWLER,Indian,2.0,77.0,30.0,0.0,12.0,571.61,77.0,0,1,93.79383046319563,3,1,0
IPL26-058,Washington Sundar,ALL_ROUNDER,Indian,2.0,,26.0,240.0,4.0,670.48,50.0,0,1,92.3210486571249,1,0,0
IPL26-059,Rahul Tewatia,ALL_ROUNDER,Indian,2.0,,33.0,0.0,0.0,0.0,50.0,0,1,46.530745459883285,1,0,0
IPL26-060,Shahrukh Khan,BATSMAN,Indian,1.5,66.0,26.0,144.0,0.0,378.48,66.0,0,1,96.39792571598082,2,0,0
IPL26-061,R. Sai Kishore,BOWLER,Indian,1.5,75.0,26.0,0.0,0.0,0.0,75.0,0,1,53.75911167786298,1,1,0
IPL26-062,Glenn Phillips,BATSMAN,New Zealander,1.5,61.0,26.0,0.0,0.0,0.0,61.0,1,1,47.016524128037226,2,2,0
IPL26-063,Jayant Yadav,BOWLER,Indian,2.0,61.0,36.0,0.0,0.0,0.0,61.0,0,1,36.83195613981978,4,1,0
IPL26-064,Anuj Rawat,WICKET_KEEPER,Indian,0.5,66.0,26.0,282.0,0.0,109.12,66.0,0,1,100.0,3,0,0
IPL26-065,Kumar Kushagra,WICKET_KEEPER,Indian,0.5,56.0,21.0,21.0,0.0,18.97,56.0,0,1,99.10100277424233,0,0,0
IPL26-066,Gurnoor Singh Brar,BOWLER,Indian,0.5,65.0,26.0,0.0,0.0,0.0,65.0,0,1,16.702259810772738,3,1,0
IPL26-067,Nishant Sindhu,BATSMAN,Indian,0.5,61.0,22.0,0.0,0.0,0.0,61.0,0,1,33.580821621051314,2,0,0
IPL26-068,Manav Suthar,BOWLER,Indian,0.25,58.0,23.0,0.0,0.0,0.0,58.0,0,1,33.13767104523131,2,0,0
IPL26-069,Ishant Sharma,BOWLER,Indian,1.5,78.0,37.0,0.0,0.0,0.0,78.0,0,1,74.7002900199809,3,1,0
IPL26-070,Arshad Khan,BOWLER,Indian,0.5,64.0,26.0,0.0,9.0,357.1,64.0,0,1,99.41838480361871,5,1,0
IPL26-071,Jason Holder,ALL_ROUNDER,West Indian,1.5,,41.0,0.0,0.0,0.0,50.0,1,1,33.692676096835484,2,1,0
IPL26-072,Tom Banton,WICKET_KEEPER,English,1.0,58.0,27.0,0.0,0.0,0.0,58.0,1,1,16.116814617296065,1,0,0
IPL26-073,Ashok Sharma,BOWLER,Indian,0.25,64.0,26.0,0.0,6.0,94.13,64.0,0,1,99.29353468396953,1,0,0
IPL26-074,Luke Wood,BOWLER,English,1.0,50.0,26.0,0.0,0.0,0.0,50.0,1,1,34.54095434825248,2,2,0
IPL26-075,Prithvi Raj,BOWLER,Indian,0.25,73.0,26.0,3.0,0.0,0.0,73.0,0,1,49.87323156817411,2,2,0
IPL26-076,Sunil Narine,ALL_ROUNDER,West Indian,2.0,,37.0,0.0,0.0,0.0,50.0,1,1,20.88597464881255,5,1,0
IPL26-077,Varun Chakravarthy,BOWLER,Indian,2.0,85.0,34.0,0.0,0.0,0.0,85.0,0,1,82.38652462031521,1,2,0
IPL26-078,Rinku Singh,BATSMAN,Indian,1.5,74.0,37.0,0.0,0.0,0.0,74.0,0,1,60.658158950072746,2,0,0
IPL26-079,Harshit Rana,BOWLER,Indian,1.0,73.0,24.0,0.0,10.0,541.9,73.0,0,1,100.0,2,2,0
IPL26-080,Angkrish Raghuvanshi,BATSMAN,Indian,0.5,73.0,22.0,0.0,0.0,0.0,73.0,0,1,63.44117288438214,5,0,0
IPL26-081,Ramandeep Singh,ALL_ROUNDER,Indian,1.5,,26.0,100.0,6.0,355.97,50.0,0,1,95.28956732622535,5,1,0
IPL26-082,Ajinkya Rahane,BATSMAN,Indian,2.0,84.0,38.0,0.0,0.0,0.0,84.0,0,1,49.12641612143868,3,1,0
IPL26-083,Rovman Powell,BATSMAN,West Indian,1.5,67.0,32.0,0.0,0.0,0.0,67.0,1,1,42.63521140464059,5,0,0
IPL26-084,Vaibhav Arora,BOWLER,Indian,1.5,73.0,28.0,0.0,0.0,0.0,73.0,0,1,58.46429685067051,0,0,0
IPL26-085,Manish Pandey,BATSMAN,Indian,2.0,79.0,26.0,0.0,0.0,0.0,79.0,0,1,66.04664582844292,1,1,0
IPL26-086,Anukul Roy,BOWLER,Indian,0.5,69.0,27.0,0.0,0.0,0.0,69.0,0,1,39.10696728393155,3,1,0
IPL26-087,Umran Malik,BOWLER,Indian,1.5,65.0,26.0,0.0,5.0,0.0,65.0,0,1,43.62122310742504,0,0,0
IPL26-088,Cameron Green,ALL_ROUNDER,Australian,1.0,,26.0,0.0,0.0,0.0,50.0,1,1,9.020323135991305,2,2,0
IPL26-089,Matheesha Pathirana,BOWLER,Sri Lankan,1.5,77.0,24.0,0.0,0.0,0.0,77.0,1,1,33.482981115207366,2,0,1
IPL26-090,Mustafizur Rahman,BOWLER,Bangladeshi,1.5,77.0,30.0,0.0,13.0,258.07,77.0,1,1,88.71933846253528,3,2,0
IPL26-091,Tejasvi Singh,BATSMAN,Indian,0.25,78.0,26.0,0.0,0.0,0.0,78.0,0,1,66.87192009403618,5,2,0
IPL26-092,Finn Allen,BATSMAN,New Zealander,1.0,74.0,27.0,0.0,0.0,0.0,74.0,1,1,68.59545443380827,2,2,0
IPL26-093,Rachin Ravindra,BATSMAN,New Zealander,1.0,67.0,26.0,0.0,0.0,0.0,67.0,1,1,41.000183760744704,4,0,0
IPL26-094,Tim Seifert,WICKET_KEEPER,New Zealander,1.0,58.0,24.0,0.0,0.0,0.0,58.0,1,1,51.693891951982096,3,0,0
IPL26-095,Akash Deep,BOWLER,Indian,1.0,58.0,26.0,0.0,5.0,74.49,58.0,0,1,97.00085561728551,0,0,0
IPL26-096,Rahul Tripathi,BATSMAN,Indian,2.0,73.0,26.0,0.0,0.0,0.0,73.0,0,1,52.59335090641798,3,0,0
IPL26-097,Prashant Solanki,BOWLER,Indian,0.25,75.0,26.0,0.0,0.0,0.0,75.0,0,1,34.743995854757,1,1,0
IPL26-098,Kartik Tyagi,BOWLER,Indian,1.0,71.0,25.0,0.0,15.0,267.17,71.0,0,1,100.0,5,2,0
IPL26-099,Sarthak Ranjan,BATSMAN,Indian,0.25,59.0,29.0,61.0,0.0,0.0,59.0,0,1,48.185070151668576,5,1,0
IPL26-100,Daksh Kamra,BATSMAN,Indian,0.25,50.0,26.0,0.0,0.0,0.0,50.0,0,1,51.08682360201767,3,1,0
IPL26-101,Rishabh Pant,WICKET_KEEPER,Indian,2.0,82.0,28.0,0.0,0.0,0.0,82.0,0,1,60.13373093107934,2,2,0
IPL26-102,Nicholas Pooran,WICKET_KEEPER,West Indian,2.0,77.0,30.0,0.0,0.0,0.0,77.0,1,1,80.48370741564072,2,1,0
IPL26-103,Mayank Yadav,BOWLER,Indian,1.0,63.0,26.0,0.0,0.0,0.0,63.0,0,1,11.597741321715095,4,0,0
IPL26-104,Mohammed Shami,BOWLER,Indian,2.0,77.0,36.0,0.0,9.0,366.12,77.0,0,1,92.16146103087115,4,0,0
IPL26-105,Mohsin Khan,BOWLER,Indian,1.5,75.0,38.0,0.0,13.0,341.0,75.0,0,1,97.92755137063715,5,0,0
IPL26-106,Ayush Badoni,BATSMAN,Indian,0.5,70.0,26.0,0.0,0.0,0.0,70.0,0,1,53.71867274496476,4,0,0
IPL26-107,Avesh Khan,BOWLER,Indian,1.5,73.0,29.0,0.0,9.0,614.92,73.0,0,1,100.0,0,0,0
IPL26-108,Abdul Samad,BATSMAN,Indian,1.5,66.0,26.0,124.0,10.0,652.13,66.0,0,1,99.28020803105994,4,1,0
IPL26-109,Mitchell Marsh,ALL_ROUNDER,Australian,1.5,,34.0,0.0,0.0,0.0,50.0,1,1,32.320666588252955,0,0,0
IPL26-110,Aiden Markram,ALL_ROUNDER,South African,1.5,,31.0,0.0,0.0,0.0,50.0,1,1,26.28050255596737,4,1,0
IPL26-111,Shahbaz Ahmed,ALL_ROUNDER,Indian,1.5,,26.0,168.0,7.0,458.64,50.0,0,1,100.0,5,1,0
IPL26-112,Matthew Breetzke,BATSMAN,South African,1.0,61.0,27.0,0.0,0.0,0.0,61.0,1,1,45.067076470874866,5,1,0
IPL26-113,Digvesh Rathi,BOWLER,Indian,0.5,65.0,26.0,0.0,0.0,0.0,65.0,0,1,19.339006069287045,0,0,0
IPL26-114,Himmat Singh,BATSMAN,Indian,0.5,66.0,29.0,173.0,0.0,101.92,66.0,0,1,94.67232655051528,3,0,0
IPL26-115,Arshin Kulkarni,BATSMAN,Indian,0.25,56.0,26.0,0.0,0.0,0.0,56.0,0,1,38.670776007313044,5,1,0
IPL26-116,Manimaran Siddharth,BOWLER,Indian,0.5,68.0,27.0,0.0,0.0,0.0,68.0,0,1,49.744874875231204,3,2,0
IPL26-117,Akash Singh,BOWLER,Indian,0.25,67.0,39.0,0.0,9.0,96.39,67.0,0,1,96.6756522868801,2,2,0
IPL26-118,Arjun Tendulkar,BOWLER,Indian,0.5,64.0,26.0,38.0,8.0,32.51,64.0,0,1,100.0,0,0,0
IPL26-119,Prince Yadav,BATSMAN,Indian,0.25,52.0,24.0,5.0,0.0,347.54,52.0,0,1,100.0,5,0,0
IPL26-120,Josh Inglis,WICKET_KEEPER,Australian,1.0,74.0,31.0,0.0,0.0,0.0,74.0,1,1,70.80912665996036,1,1,0
IPL26-121,Akshat Raghuwanshi,BATSMAN,Indian,0.25,59.0,22.0,53.0,0.0,22.82,59.0,0,1,99.13360354113051,2,2,0
IPL26-122,Mukul Choudhary,BATSMAN,Indian,0.25,71.0,21.0,0.0,0.0,0.0,71.0,0,1,50.66712331024267,3,0,0
IPL26-123,Wanindu Hasaranga,BOWLER,Sri Lankan,1.5,76.0,28.0,0.0,0.0,0.0,76.0,1,1,36.53091314893171,5,2,0
IPL26-124,Anrich Nortje,BOWLER,South African,1.5,76.0,32.0,0.0,0.0,0.0,76.0,1,1,55.89974055129558,0,0,0
IPL26-125,Naman Tiwari,BOWLER,Indian,0.25,76.0,26.0,0.0,0.0,0.0,76.0,0,1,68.52253950844866,4,2,0
IPL26-126,Rohit Sharma,BATSMAN,Indian,2.0,54.0,39.0,5.0,0.0,0.0,54.0,0,1,27.2424924777195,1,2,0
IPL26-127,Jasprit Bumrah,BOWLER,Indian,2.0,95.0,32.0,0.0,0.0,0.0,95.0,0,1,60.21993827607988,3,2,1
IPL26-128,Suryakumar Yadav,BATSMAN,Indian,2.0,84.0,35.0,0.0,0.0,0.0,84.0,0,1,66.88162380802437,2,0,0
IPL26-129,Hardik Pandya,ALL_ROUNDER,Indian,2.0,,32.0,0.0,0.0,0.0,50.0,0,1,28.336516736306894,0,0,0
IPL26-130,Tilak Varma,BATSMAN,Indian,1.5,76.0,23.0,324.0,0.0,1185.21,76.0,0,1,99.47643370687331,1,1,1
IPL26-131,Trent Boult,BOWLER,New Zealander,2.0,87.0,36.0,0.0,0.0,0.0,87.0,1,1,68.01227420918548,0,0,1
IPL26-132,Deepak Chahar,BOWLER,Indian,2.0,80.0,26.0,0.0,0.0,0.0,80.0,0,1,50.40322555422798,5,1,0
IPL26-133,Naman Dhir,BATSMAN,Indian,0.5,71.0,26.0,259.0,0.0,863.67,71.0,0,1,94.72454745837558,4,0,0
IPL26-134,Will Jacks,ALL_ROUNDER,English,1.5,,27.0,0.0,0.0,0.0,50.0,1,1,32.03768065903877,2,0,0
IPL26-135,Robin Minz,WICKET_KEEPER,Indian,0.5,55.0,23.0,0.0,0.0,0.0,55.0,0,1,27.767494099297764,0,0,0
IPL26-136,Ryan Rickelton,WICKET_KEEPER,South African,1.0,73.0,29.0,0.0,0.0,0.0,73.0,1,1,35.76150663668187,3,2,0
IPL26-137,Shardul Thakur,ALL_ROUNDER,Indian,2.0,,34.0,0.0,0.0,0.0,50.0,0,1,39.99354905554011,5,2,0
IPL26-138,Sherfane Rutherford,BATSMAN,West Indian,1.0,67.0,27.0,0.0,0.0,0.0,67.0,1,1,56.33219530002942,5,2,0
IPL26-139,Mayank Markande,BOWLER,Indian,1.5,72.0,28.0,0.0,0.0,0.0,72.0,0,1,49.24466813482449,2,1,0
IPL26-140,Allah Ghazanfar,BOWLER,Afghan,1.0,70.0,26.0,0.0,0.0,0.0,70.0,1,1,43.585192210766174,5,2,0
IPL26-141,Corbin Bosch,ALL_ROUNDER,South African,1.0,,31.0,0.0,0.0,0.0,50.0,1,1,7.644572372802211,3,1,0
IPL26-142,Mitchell Santner,ALL_ROUNDER,New Zealander,1.5,,34.0,0.0,0.0,0.0,50.0,1,1,26.871507035414243,0,0,0
IPL26-143,Ashwani Kumar,BOWLER,Indian,0.25,73.0,26.0,0.0,17.0,180.0,73.0,0,1,97.44652365122919,2,1,0
IPL26-144,Raj Angad Bawa,BATSMAN,Indian,0.5,62.0,23.0,0.0,0.0,0.0,62.0,0,1,36.26296988414722,5,2,0
IPL26-145,Raghu Sharma,BOWLER,Indian,0.25,59.0,26.0,0.0,4.0,37.39,59.0,0,1,100.0,5,2,0
IPL26-146,Quinton de Kock,WICKET_KEEPER,South African,2.0,79.0,33.0,0.0,0.0,0.0,79.0,1,1,42.44138133143638,3,0,0
IPL26-147,Atharva Ankolekar,ALL_ROUNDER,Indian,1.0,,25.0,78.0,9.0,0.0,50.0,0,1,22.740172883364277,4,2,0
IPL26-148,Mohammad Izhar,BOWLER,Indian,0.25,76.0,26.0,0.0,0.0,0.0,76.0,0,1,61.26944344519812,4,2,0
IPL26-149,Danish Malewar,BATSMAN,Indian,0.25,52.0,26.0,0.0,0.0,0.0,52.0,0,1,60.16368259291615,5,0,0
IPL26-150,Mayank Rawat,BATSMAN,Indian,0.25,56.0,26.0,24.0,0.0,0.0,56.0,0,1,40.788094592485805,0,0,0
IPL26-151,Shreyas Iyer,BATSMAN,Indian,2.0,83.0,31.0,0.0,0.0,0.0,83.0,0,1,70.22268873559925,2,0,0
IPL26-152,Arshdeep Singh,BOWLER,Indian,2.0,78.0,21.0,0.0,12.0,828.89,78.0,0,1,94.50468589714175,5,0,1
IPL26-153,Yuzvendra Chahal,BOWLER,Indian,2.0,100.0,35.0,0.0,0.0,0.0,100.0,0,1,74.82288660378967,1,1,1
IPL26-154,Marco Jansen,ALL_ROUNDER,South African,1.0,,26.0,0.0,0.0,0.0,50.0,1,1,0.0,2,2,0
IPL26-155,Prabhsimran Singh,WICKET_KEEPER,Indian,1.5,74.0,25.0,0.0,0.0,0.0,74.0,0,1,60.66452887621885,4,1,0
IPL26-156,Harpreet Brar,ALL_ROUNDER,Indian,1.5,,30.0,91.0,13.0,492.23,50.0,0,1,99.39864704898733,5,2,0
IPL26-157,Shashank Singh,BATSMAN,Indian,1.5,73.0,26.0,193.0,0.0,1092.28,73.0,0,1,100.0,3,2,0
IPL26-158,Azmatullah Omarzai,ALL_ROUNDER,Afghan,1.0,,26.0,225.0,9.0,458.76,50.0,1,1,100.0,1,1,0
IPL26-159,Nehal Wadhera,BATSMAN,Indian,0.5,68.0,25.0,0.0,0.0,0.0,68.0,0,1,45.32510308052721,5,0,0
IPL26-160,Xavier Bartlett,BOWLER,Australian,1.0,55.0,27.0,0.0,0.0,0.0,55.0,1,1,79.76997928200944,0,0,0
IPL26-161,Lockie Ferguson,BOWLER,New Zealander,1.5,74.0,35.0,0.0,0.0,0.0,74.0,1,1,53.169718802376806,1,2,0
IPL26-162,Marcus Stoinis,ALL_ROUNDER,Australian,1.5,,36.0,0.0,0.0,0.0,50.0,1,1,34.72116278389393,5,1,0
IPL26-163,Mitch Owen,ALL_ROUNDER,Australian,1.0,,22.0,0.0,0.0,0.0,50.0,1,1,23.95304134866852,0,0,0
IPL26-164,Musheer Khan,BOWLER,Indian,0.5,61.0,26.0,0.0,1.0,9.79,61.0,0,1,93.14033754171876,1,2,0
IPL26-165,Priyansh Arya,BATSMAN,Indian,0.5,74.0,25.0,261.0,0.0,912.18,74.0,0,1,98.45546234197116,0,0,0
IPL26-166,Vyshak Vijaykumar,BOWLER,Indian,1.5,62.0,26.0,0.0,0.0,0.0,62.0,0,1,20.96987046784787,0,0,0
IPL26-167,Yash Thakur,BOWLER,Indian,0.5,67.0,26.0,0.0,8.0,223.54,67.0,0,1,94.66277827226725,1,2,0
IPL26-168,Pyla Avinash,BATSMAN,Indian,0.25,63.0,25.0,0.0,0.0,0.0,63.0,0,1,58.28755211986753,1,2,0
IPL26-169,Harnoor Pannu,BATSMAN,Indian,0.25,64.0,26.0,0.0,0.0,0.0,64.0,0,1,54.19685534892216,0,0,0
IPL26-170,Vishnu Vinod,WICKET_KEEPER,Indian,1.0,62.0,32.0,226.0,0.0,15.19,62.0,0,1,100.0,4,0,0
IPL26-171,Suryansh Shedge,BATSMAN,Indian,0.25,67.0,23.0,165.0,0.0,226.14,67.0,0,1,97.48040264312868,1,1,0
IPL26-172,Cooper Connolly,BATSMAN,Australian,1.0,75.0,22.0,0.0,0.0,0.0,75.0,1,1,61.82747573234554,5,0,0
IPL26-173,Ben Dwarshuis,BOWLER,Australian,1.0,56.0,31.0,0.0,0.0,0.0,56.0,1,1,17.494583748122682,2,0,0
IPL26-174,Praveen Dubey,BOWLER,Indian,0.25,59.0,32.0,0.0,0.0,0.0,59.0,0,1,66.10677831017243,3,0,0
IPL26-175,Vishal Nishad,BOWLER,Indian,0.25,51.0,26.0,0.0,0.0,0.0,51.0,0,1,3.7134456263070765,0,0,0
IPL26-176,Yashasvi Jaiswal,BATSMAN,Indian,1.5,78.0,24.0,0.0,0.0,0.0,78.0,0,1,68.6187678984604,0,0,1
IPL26-177,Ravindra Jadeja,ALL_ROUNDER,Indian,2.0,,37.0,0.0,0.0,0.0,50.0,0,1,65.45456603602166,3,2,0
IPL26-178,Riyan Parag,ALL_ROUNDER,Indian,2.0,,24.0,0.0,0.0,0.0,50.0,0,1,14.535577743861332,4,2,0
IPL26-179,Jofra Archer,BOWLER,English,1.5,80.0,31.0,0.0,0.0,0.0,80.0,1,1,60.34467934798431,3,2,0
IPL26-180,Dhruv Jurel,WICKET_KEEPER,Indian,1.0,73.0,25.0,334.0,0.0,1059.22,73.0,0,1,100.0,1,2,0
IPL26-181,Shimron Hetmyer,BATSMAN,West Indian,2.0,72.0,29.0,0.0,0.0,0.0,72.0,1,1,62.70928571783787,3,2,0
IPL26-182,Sam Curran,ALL_ROUNDER,English,2.0,,26.0,0.0,0.0,0.0,50.0,1,1,19.19254517868265,0,0,0
IPL26-183,Sandeep Sharma,BOWLER,Indian,2.0,77.0,26.0,0.0,9.0,459.67,77.0,0,1,96.8302729505329,3,1,0
IPL26-184,Vaibhav Suryavanshi,BATSMAN,Indian,0.5,80.0,26.0,0.0,0.0,0.0,80.0,0,1,39.377734327408085,2,0,0
IPL26-185,Tushar Deshpande,BOWLER,Indian,1.5,72.0,26.0,0.0,0.0,0.0,72.0,0,1,51.721116435494395,5,2,0
IPL26-186,Shubham Dubey,BATSMAN,Indian,0.5,72.0,32.0,0.0,0.0,0.0,72.0,0,1,44.49377141856852,1,1,0
IPL26-187,Yudhvir Charak,BOWLER,Indian,0.5,66.0,26.0,0.0,0.0,0.0,66.0,0,1,54.81238837768241,3,2,0
IPL26-188,Kwena Maphaka,BOWLER,South African,0.5,52.0,20.0,0.0,0.0,0.0,52.0,1,1,12.985765387209375,0,0,0
IPL26-189,Lhuan-Dre Pretorius,BATSMAN,South African,0.5,57.0,20.0,0.0,0.0,0.0,57.0,1,1,51.564934032542965,5,0,0
IPL26-190,Nandre Burger,BOWLER,South African,1.0,70.0,30.0,0.0,0.0,0.0,70.0,1,1,37.860007653240125,1,0,0
IPL26-191,Donovan Ferreira,WICKET_KEEPER,South African,1.0,69.0,27.0,0.0,0.0,0.0,69.0,1,1,43.7234616092487,0,0,0
IPL26-192,Ravi Bishnoi,BOWLER,Indian,2.0,74.0,25.0,0.0,12.0,466.26,74.0,0,1,100.0,4,2,0
IPL26-193,Adam Milne,BOWLER,New Zealander,1.0,59.0,34.0,0.0,0.0,0.0,59.0,1,1,57.25621112932456,2,2,0
IPL26-194,Ravi Singh,BATSMAN,Indian,0.25,59.0,26.0,4.0,0.0,4.35,59.0,0,1,77.14556651996963,4,2,0
IPL26-195,Sushant Mishra,BOWLER,Indian,0.25,75.0,25.0,0.0,0.0,0.0,75.0,0,1,33.64253009180851,2,0,1
IPL26-196,Kuldeep Sen,BOWLER,Indian,1.0,70.0,29.0,0.0,0.0,0.0,70.0,0,1,46.942802010039834,3,1,0
IPL26-197,Brijesh Sharma,BOWLER,Indian,0.25,67.0,26.0,0.0,11.0,210.22,67.0,0,1,93.82939432495465,1,2,0
IPL26-198,Aman Rao Perala,BATSMAN,Indian,0.25,71.0,26.0,0.0,0.0,0.0,71.0,0,1,66.92313278762954,3,2,0
IPL26-199,Vignesh Puthur,BOWLER,Indian,0.25,73.0,25.0,0.0,0.0,0.0,73.0,0,1,27.05409374138649,2,2,0
IPL26-200,Virat Kohli,BATSMAN,Indian,2.0,100.0,37.0,0.0,0.0,0.0,100.0,0,1,84.2948185728104,2,1,1
IPL26-201,Rajat Patidar,BATSMAN,Indian,1.5,75.0,33.0,0.0,0.0,0.0,75.0,0,1,54.89340392924645,2,2,0
IPL26-202,Phil Salt,WICKET_KEEPER,English,1.0,75.0,47.0,0.0,0.0,0.0,75.0,1,1,68.12930293222622,5,1,0
IPL26-203,Josh Hazlewood,BOWLER,Australian,1.5,79.0,35.0,0.0,0.0,0.0,79.0,1,1,42.25594006612403,0,0,0
IPL26-204,Yash Dayal,BOWLER,Indian,1.5,68.0,28.0,0.0,7.0,485.16,68.0,0,1,100.0,1,1,0
IPL26-205,Krunal Pandya,ALL_ROUNDER,Indian,2.0,,35.0,0.0,0.0,0.0,50.0,0,1,4.550035818672379,3,2,0
IPL26-206,Bhuvneshwar Kumar,BOWLER,Indian,2.0,98.0,36.0,0.0,0.0,0.0,98.0,0,1,88.16825711043326,3,0,1
IPL26-207,Tim David,BATSMAN,Singaporean,1.5,74.0,26.0,0.0,0.0,0.0,74.0,1,1,68.8611182423314,4,0,0
IPL26-208,Romario Shepherd,ALL_ROUNDER,West Indian,1.0,,31.0,0.0,0.0,0.0,50.0,1,1,34.98687688975267,2,0,0
IPL26-209,Nuwan Thushara,BOWLER,Sri Lankan,1.0,68.0,31.0,0.0,0.0,0.0,68.0,1,1,38.43134763919829,2,0,0
IPL26-210,Swapnil Singh,BOWLER,Indian,1.0,66.0,35.0,74.0,7.0,131.12,66.0,0,1,100.0,2,2,0
IPL26-211,Jacob Bethell,BATSMAN,English,1.0,64.0,20.0,0.0,0.0,0.0,64.0,1,1,30.285890292825705,3,0,0
IPL26-212,Devdutt Padikkal,BATSMAN,Indian,1.5,73.0,25.0,0.0,0.0,0.0,73.0,0,1,67.81236890989351,4,1,0
IPL26-213,Suyash Sharma,BOWLER,Indian,0.5,64.0,26.0,0.0,7.0,369.66,64.0,0,1,100.0,0,0,0
IPL26-214,Rasikh Dar,BOWLER,Indian,0.5,71.0,26.0,0.0,0.0,0.0,71.0,0,1,46.972583629551096,5,0,0
IPL26-215,Jitesh Sharma,WICKET_KEEPER,Indian,1.5,56.0,32.0,0.0,0.0,0.0,56.0,0,1,14.961241279810718,1,0,0
IPL26-216,Abhinandan Singh,BOWLER,Indian,0.25,59.0,26.0,0.0,3.0,38.42,59.0,0,1,100.0,0,0,0
IPL26-217,Venkatesh Iyer,ALL_ROUNDER,Indian,1.5,,35.0,0.0,0.0,0.0,50.0,0,1,63.5161425967577,3,0,0
IPL26-218,Jordan Cox,WICKET_KEEPER,English,1.0,80.0,34.0,0.0,0.0,0.0,80.0,1,1,78.23758824251026,5,1,0
IPL26-219,Mangesh Yadav,BOWLER,Indian,0.25,65.0,26.0,0.0,0.0,0.0,65.0,0,1,27.18506996982805,5,0,0
IPL26-220,Vicky Kanhaiya Ostwal,BOWLER,Indian,0.5,74.0,26.0,0.0,0.0,0.0,74.0,0,1,63.565654712609046,5,0,0
IPL26-221,Kanishk Chouhan,BATSMAN,Indian,0.25,50.0,26.0,0.0,0.0,0.0,50.0,0,1,13.46618098579739,2,0,0
IPL26-222,Vihaan Malhotra,BATSMAN,Indian,0.25,50.0,19.0,0.0,0.0,0.0,50.0,0,1,38.51481784984068,1,1,0
IPL26-223,Satvik Deswal,BOWLER,Indian,0.25,77.0,26.0,0.0,0.0,0.0,77.0,0,1,72.416785912822,3,0,0
IPL26-224,Yash Raj Punja,BOWLER,Indian,0.25,68.0,26.0,0.0,9.0,128.95,68.0,0,1,100.0,3,1,0
IPL26-225,Pat Cummins,ALL_ROUNDER,Australian,2.0,,33.0,0.0,0.0,0.0,50.0,1,1,13.470261290163835,5,1,0
IPL26-226,Heinrich Klaasen,WICKET_KEEPER,South African,1.5,80.0,26.0,0.0,0.0,0.0,80.0,1,1,66.10419520429491,3,0,0
IPL26-227,Travis Head,BATSMAN,Australian,1.5,75.0,32.0,0.0,0.0,0.0,75.0,1,1,61.991097074118365,1,1,0
IPL26-228,Abhishek Sharma,ALL_ROUNDER,Indian,1.5,,26.0,434.0,1.0,1410.48,50.0,0,1,95.66902200653284,1,2,0
IPL26-229,Nitish Kumar Reddy,ALL_ROUNDER,Indian,1.0,,23.0,0.0,0.0,0.0,50.0,0,1,26.133713775217004,4,0,0
IPL26-230,Ishan Kishan,WICKET_KEEPER,Indian,2.0,78.0,27.0,389.0,0.0,1062.44,78.0,0,1,100.0,4,0,0
IPL26-231,Harshal Patel,BOWLER,Indian,2.0,88.0,35.0,0.0,0.0,0.0,88.0,0,1,90.91159954922406,0,0,1
IPL26-232,Jaydev Unadkat,BOWLER,Indian,2.0,81.0,33.0,0.0,0.0,0.0,81.0,0,1,60.62812553341062,1,1,0
IPL26-233,Zeeshan Ansari,BOWLER,Indian,0.5,59.0,26.0,0.0,6.0,99.75,59.0,0,1,100.0,1,0,0
IPL26-234,Brydon Carse,BOWLER,English,1.0,72.0,30.0,0.0,0.0,0.0,72.0,1,1,42.11190759225182,1,2,0
IPL26-235,Kamindu Mendis,BATSMAN,Sri Lankan,1.0,65.0,27.0,0.0,0.0,0.0,65.0,1,1,44.14137275739963,4,1,0
IPL26-236,Harsh Dubey,BOWLER,Indian,0.5,70.0,23.0,13.0,12.0,174.77,70.0,0,1,99.30974075013812,5,1,0
IPL26-237,Aniket Verma,BATSMAN,Indian,0.25,66.0,24.0,117.0,0.0,403.65,66.0,0,1,98.57180216250705,5,2,0
IPL26-238,Eshan Malinga,BOWLER,Sri Lankan,0.25,74.0,25.0,0.0,0.0,0.0,74.0,1,1,45.18120783260301,3,2,0
IPL26-239,Smaran Ravichandaran,BATSMAN,Indian,0.25,73.0,26.0,0.0,0.0,0.0,73.0,0,1,51.56623754821947,5,0,0
IPL26-240,Liam Livingstone,ALL_ROUNDER,English,1.5,,32.0,0.0,0.0,0.0,50.0,1,1,40.9197473092197,2,2,0
IPL26-241,Salil Arora,WICKET_KEEPER,Indian,0.25,68.0,23.0,35.0,0.0,31.36,68.0,0,1,93.65597046212238,4,0,0
IPL26-242,Jack Edwards,ALL_ROUNDER,Australian,1.0,,26.0,0.0,0.0,0.0,50.0,1,1,27.889489752628585,1,2,0
IPL26-243,Shivam Mavi,BOWLER,Indian,1.5,64.0,27.0,0.0,12.0,0.0,64.0,0,1,60.23679619217145,5,1,0
IPL26-244,Amit Kumar,BOWLER,Indian,0.25,56.0,26.0,0.0,1.0,0.0,56.0,0,1,30.37097368147559,4,0,0
IPL26-245,Onkar Tarmale,ALL_ROUNDER,Indian,0.25,,26.0,0.0,0.0,0.0,50.0,0,1,54.84850418957332,5,0,0
IPL26-246,Sakib Hussain,BOWLER,Indian,0.25,71.0,21.0,0.0,11.0,221.1,71.0,0,1,100.0,0,0,0
IPL26-247,Praful Hinge,BOWLER,Indian,0.25,70.0,26.0,0.0,0.0,0.0,70.0,0,1,42.557706071292344,1,2,0
IPL26-248,Shivang Kumar,BOWLER,Indian,0.25,63.0,26.0,53.0,5.0,185.9,63.0,0,1,100.0,0,0,0
IPL26-249,Krains Fuletra,BOWLER,Indian,0.25,55.0,26.0,0.0,0.0,0.0,55.0,0,1,69.6295752699231,1,0,0
IPL26-250,Jake Fraser-McGurk,BATSMAN,Australian,1.0,71.0,23.0,0.0,0.0,0.0,71.0,1,1,55.385510585156595,4,0,0
IPL26-251,Devon Conway,WICKET_KEEPER,New Zealander,1.5,76.0,26.0,0.0,0.0,0.0,76.0,1,1,41.956697961695426,3,0,0
IPL26-252,Gus Atkinson,BOWLER,English,1.0,80.0,28.0,0.0,0.0,0.0,80.0,1,1,44.33125162444443,5,0,0
IPL26-253,Jamie Smith,WICKET_KEEPER,English,1.0,71.0,37.0,0.0,0.0,0.0,71.0,1,1,56.7188935437085,5,1,0
IPL26-254,Deepak Hooda,ALL_ROUNDER,Indian,2.0,,31.0,0.0,0.0,0.0,50.0,0,1,28.81363803947779,2,2,0
IPL26-255,Wiaan Mulder,BOWLER,South African,1.0,50.0,28.0,0.0,0.0,0.0,50.0,1,1,42.652339486622836,0,0,0
IPL26-256,Rahmanullah Gurbaz,WICKET_KEEPER,Afghan,1.0,67.0,24.0,233.0,0.0,183.09,67.0,1,1,100.0,5,0,0
IPL26-257,Jonny Bairstow,WICKET_KEEPER,English,1.5,75.0,36.0,0.0,0.0,0.0,75.0,1,1,61.62213763287815,4,1,0
IPL26-258,K.S. Bharat,WICKET_KEEPER,Indian,1.5,67.0,26.0,0.0,0.0,0.0,67.0,0,1,51.880383466067556,3,0,0
IPL26-259,Gerald Coetzee,BOWLER,South African,1.0,67.0,25.0,0.0,0.0,0.0,67.0,1,1,38.901721793443386,4,2,0
IPL26-260,Spencer Johnson,BOWLER,Australian,1.0,57.0,38.0,0.0,0.0,0.0,57.0,1,1,25.747178046177773,0,0,0
IPL26-261,Fazalhaq Farooqi,BOWLER,Afghan,1.0,63.0,25.0,0.0,18.0,34.22,63.0,1,1,99.36370990048863,2,2,0
IPL26-262,Maheesh Theekshana,BOWLER,Sri Lankan,1.0,71.0,25.0,0.0,0.0,0.0,71.0,1,1,42.20048211172974,5,0,0
IPL26-263,Mujeeb Ur Rahman,BOWLER,Afghan,2.0,67.0,25.0,0.0,7.0,8.29,67.0,1,1,97.73847111121866,4,1,0
IPL26-264,Aarya Desai,BATSMAN,Indian,0.25,55.0,23.0,99.0,0.0,0.0,55.0,0,1,49.7731447735584,1,2,0
IPL26-265,Yash Dhull,BATSMAN,Indian,0.5,55.0,23.0,0.0,0.0,0.0,55.0,0,1,44.61970224587255,3,0,0
IPL26-266,Abhinav Manohar,BATSMAN,Indian,0.5,62.0,31.0,0.0,0.0,0.0,62.0,0,1,26.89791230926768,4,0,0
IPL26-267,Anmolpreet Singh,BATSMAN,Indian,1.0,63.0,28.0,344.0,0.0,4.93,63.0,0,1,64.11618954300252,3,1,0
IPL26-268,Atharva Taide,BATSMAN,Indian,0.5,68.0,26.0,326.0,0.0,59.39,68.0,0,1,100.0,5,2,0
IPL26-269,Mahipal Lomror,BATSMAN,Indian,1.5,65.0,26.0,0.0,0.0,0.0,65.0,0,1,49.153793377525176,1,0,0
IPL26-270,Vijay Shankar,ALL_ROUNDER,Indian,2.0,,35.0,0.0,0.0,0.0,50.0,0,1,36.44529520825237,2,1,0
IPL26-271,Tanush Kotian,BATSMAN,Indian,0.5,61.0,27.0,75.0,14.0,18.32,61.0,0,1,99.33878472938308,2,2,0
IPL26-272,Kamlesh Nagarkoti,BOWLER,Indian,1.5,57.0,26.0,0.0,0.0,0.0,57.0,0,1,15.781420818011368,1,1,0
IPL26-273,Ruchit Ahir,BATSMAN,Indian,0.25,74.0,26.0,0.0,0.0,0.0,74.0,0,1,60.67676117537453,3,1,0
IPL26-274,Sanvir Singh,BATSMAN,Indian,0.5,60.0,29.0,103.0,4.0,20.67,60.0,0,1,100.0,5,0,0
IPL26-275,Vansh Bedi,WICKET_KEEPER,Indian,0.25,50.0,23.0,0.0,0.0,0.0,50.0,0,1,36.38291426367712,4,0,0
IPL26-276,Raj Limbani,BOWLER,Indian,0.25,75.0,26.0,0.0,0.0,0.0,75.0,0,1,30.161667911164393,1,0,0
IPL26-277,Simarjeet Singh,BOWLER,Indian,1.0,65.0,28.0,0.0,9.0,87.74,65.0,0,1,100.0,0,0,0
IPL26-278,Akash Madhwal,BOWLER,Indian,1.0,68.0,32.0,0.0,10.0,143.34,68.0,0,1,98.82670331226718,3,0,0
IPL26-279,Karn Sharma,BOWLER,Indian,2.0,80.0,38.0,0.0,0.0,0.0,80.0,0,1,66.08575045485189,2,1,0
IPL26-280,Sean Abbott,BOWLER,Australian,1.0,54.0,34.0,0.0,0.0,0.0,54.0,1,1,41.29596972461906,1,1,0
IPL26-281,Michael Bracewell,ALL_ROUNDER,New Zealander,1.0,,35.0,0.0,0.0,0.0,50.0,1,1,48.963808285029806,2,0,0
IPL26-282,Daryl Mitchell,BATSMAN,New Zealander,1.0,67.0,26.0,0.0,0.0,0.0,67.0,1,1,61.99266517556565,3,2,0
IPL26-283,Dasun Shanaka,BATSMAN,Sri Lankan,1.5,62.0,34.0,0.0,0.0,0.0,62.0,1,1,16.075384855365186,2,2,0
IPL26-284,Chetan Sakariya,BOWLER,Indian,1.5,70.0,27.0,0.0,0.0,0.0,70.0,0,1,36.36475149520412,1,2,0
IPL26-285,Waqar Salamkheil,BOWLER,Afghan,1.0,72.0,29.0,0.0,10.0,0.0,72.0,1,1,58.6546563224524,3,1,0
IPL26-286,Taskin Ahmed,BOWLER,Bangladeshi,1.0,80.0,31.0,0.0,12.0,0.0,80.0,1,1,67.28982115803872,0,0,0
IPL26-287,Alzarri Joseph,BOWLER,West Indian,1.5,68.0,29.0,0.0,0.0,0.0,68.0,1,1,39.786657914390005,1,1,0
IPL26-288,Riley Meredith,BOWLER,Australian,1.0,69.0,29.0,0.0,0.0,0.0,69.0,1,1,100.0,4,0,0
IPL26-289,Jhye Richardson,BOWLER,Australian,1.5,58.0,29.0,0.0,0.0,0.0,58.0,1,1,44.9900395736636,5,1,0
IPL26-290,Daniel Lawrence,BATSMAN,English,1.0,79.0,26.0,0.0,0.0,0.0,79.0,1,1,69.29271673261765,1,0,0
IPL26-291,Murugan Ashwin,BOWLER,Indian,1.5,72.0,35.0,0.0,0.0,0.0,72.0,0,1,70.92284403663875,3,0,0
IPL26-292,William Sutherland,ALL_ROUNDER,Australian,1.0,,26.0,0.0,0.0,0.0,50.0,1,1,42.95269740835162,5,2,0
IPL26-293,Kartikeya Singh,BOWLER,Indian,0.5,79.0,26.0,0.0,0.0,0.0,79.0,0,1,52.63436034902054,1,2,0
IPL26-294,Shivam Shukla,BOWLER,Indian,0.25,63.0,26.0,0.0,2.0,0.0,63.0,0,1,48.623691409798916,0,0,0
IPL26-295,Wahidullah Zadran,BOWLER,Afghan,1.0,62.0,26.0,0.0,2.0,0.0,62.0,1,1,31.297775455333287,0,0,0
IPL26-296,KC Cariappa,BOWLER,Indian,0.5,59.0,32.0,0.0,9.0,0.0,59.0,0,1,36.06325132183791,4,0,0
IPL26-297,Sediqullah Atal,BATSMAN,Afghan,1.0,64.0,24.0,244.0,0.0,14.99,64.0,1,1,100.0,2,0,0
IPL26-298,Nathan Smith,BOWLER,New Zealander,1.0,53.0,26.0,8.0,1.0,0.0,53.0,1,1,23.500869208260998,5,1,0
IPL26-299,Manan Vohra,BATSMAN,Indian,1.5,68.0,32.0,0.0,0.0,0.0,68.0,0,1,55.202722765119816,3,0,0
IPL26-300,Jacob Duffy,BOWLER,New Zealander,1.0,67.0,25.0,0.0,0.0,0.0,67.0,1,1,79.01861348342379,3,2,0
IPL26-001,MS Dhoni,WICKET_KEEPER,Indian,2.0,76.0,44.0,150.0,0.0,492.22,76.0,0,1,93.27084107728788,2,1,0
IPL26-002,Ruturaj Gaikwad,BATSMAN,Indian,2.0,79.0,29.0,0.0,0.0,0.0,79.0,0,1,77.96890605569243,2,0,0
IPL26-003,Sanju Samson,WICKET_KEEPER,Indian,2.0,85.0,31.0,0.0,0.0,0.0,85.0,0,1,55.52881436673361,0,0,1
IPL26-004,Shivam Dube,ALL_ROUNDER,Indian,2.0,,32.0,0.0,0.0,0.0,50.0,0,1,46.01149427044438,1,1,0
IPL26-005,Ayush Mhatre,BATSMAN,Indian,0.25,73.0,18.0,0.0,0.0,0.0,73.0,0,1,81.57765219812401,2,1,0
IPL26-006,Dewald Brevis,BATSMAN,South African,1.0,68.0,23.0,0.0,0.0,0.0,68.0,1,1,39.62080518901479,3,2,0
IPL26-007,Urvil Patel,WICKET_KEEPER,Indian,0.25,69.0,27.0,197.0,0.0,268.05,69.0,0,1,100.0,3,0,0
IPL26-008,Noor Ahmad,BOWLER,Afghan,1.5,76.0,21.0,0.0,12.0,701.28,76.0,1,1,100.0,4,2,1
IPL26-009,Nathan Ellis,BOWLER,Australian,1.0,71.0,26.0,0.0,0.0,0.0,71.0,1,1,46.35056434599526,5,1,0
IPL26-010,Shreyas Gopal,BOWLER,Indian,2.0,76.0,32.0,0.0,0.0,0.0,76.0,0,1,75.56851479775088,5,1,0
IPL26-011,Khaleel Ahmed,BOWLER,Indian,2.0,80.0,26.0,0.0,0.0,0.0,80.0,0,1,67.9159736800477,5,2,0
IPL26-012,Ramakrishna Ghosh,BOWLER,Indian,0.25,55.0,28.0,0.0,0.0,0.0,55.0,0,1,38.20694468990535,3,1,0
IPL26-013,Mukesh Choudhary,BOWLER,Indian,1.5,68.0,30.0,0.0,9.0,140.19,68.0,0,1,100.0,4,0,0
IPL26-014,Jamie Overton,ALL_ROUNDER,English,1.0,,32.0,0.0,0.0,0.0,50.0,1,1,42.04905066144676,5,2,0
IPL26-015,Gurjapneet Singh,BOWLER,Indian,0.5,58.0,27.0,0.0,4.0,99.53,58.0,0,1,96.04550309166224,5,0,0
IPL26-016,Anshul Kamboj,ALL_ROUNDER,Indian,0.5,,31.0,0.0,0.0,0.0,50.0,0,1,19.149469876704874,0,0,0
IPL26-017,Prashant Veer,BATSMAN,Indian,0.25,73.0,20.0,0.0,0.0,0.0,73.0,0,1,51.42397774269586,0,0,0
IPL26-018,Kartik Sharma,WICKET_KEEPER,Indian,0.25,70.0,26.0,277.0,0.0,292.84,70.0,0,1,93.25211894224233,0,0,0
IPL26-019,Rahul Chahar,BOWLER,Indian,2.0,78.0,26.0,0.0,0.0,0.0,78.0,0,1,59.55336523396416,1,1,0
IPL26-020,Akeal Hosein,BOWLER,West Indian,1.0,71.0,33.0,0.0,0.0,0.0,71.0,1,1,22.47093338549419,5,0,0
IPL26-021,Matt Henry,BOWLER,New Zealander,1.0,54.0,47.0,0.0,0.0,0.0,54.0,1,1,8.68309552150477,1,0,0
IPL26-022,Matthew Short,BATSMAN,Australian,1.0,64.0,26.0,0.0,0.0,0.0,64.0,1,1,34.67022063630463,4,0,0
IPL26-023,Sarfaraz Khan,BATSMAN,Indian,1.0,67.0,26.0,0.0,0.0,0.0,67.0,0,1,33.78663210046326,3,1,0
IPL26-024,Zak Foulkes,BOWLER,English,1.0,81.0,24.0,0.0,0.0,0.0,81.0,1,1,69.17798876801817,5,1,0
IPL26-025,Aman Khan,BOWLER,Indian,0.25,64.0,26.0,24.0,6.0,0.0,64.0,0,1,34.05282659447849,3,2,0
IPL26-026,KL Rahul,WICKET_KEEPER,Indian,2.0,87.0,34.0,482.0,0.0,1380.75,87.0,0,1,95.07098095666086,0,0,0
IPL26-027,Axar Patel,ALL_ROUNDER,Indian,2.0,,32.0,0.0,0.0,0.0,50.0,0,1,7.3946689903266405,5,2,0
IPL26-028,Kuldeep Yadav,BOWLER,Indian,2.0,77.0,26.0,0.0,8.0,718.52,77.0,0,1,100.0,2,2,0
IPL26-029,T. Natarajan,BOWLER,Indian,2.0,75.0,26.0,0.0,0.0,0.0,75.0,0,1,81.45796747169267,1,2,0
IPL26-030,Mitchell Starc,BOWLER,Australian,1.5,80.0,36.0,0.0,0.0,0.0,80.0,1,1,49.749058235296644,1,2,0
IPL26-031,Tristan Stubbs,WICKET_KEEPER,South African,1.5,77.0,25.0,0.0,0.0,0.0,77.0,1,1,59.77032257207986,5,2,0
IPL26-032,Mukesh Kumar,BOWLER,Indian,1.5,67.0,26.0,0.0,6.0,521.18,67.0,0,1,90.10887375312595,0,0,0
IPL26-033,Nitish Rana,BATSMAN,Indian,2.0,76.0,32.0,0.0,0.0,0.0,76.0,0,1,34.8634517171,1,1,0
IPL26-034,Abishek Porel,WICKET_KEEPER,Indian,1.0,69.0,23.0,235.0,0.0,743.92,69.0,0,1,100.0,0,0,0
IPL26-035,Ashutosh Sharma,BATSMAN,Indian,0.5,72.0,26.0,230.0,0.0,869.41,72.0,0,1,95.26053641365507,4,2,0
IPL26-036,Sameer Rizvi,BATSMAN,Indian,0.5,71.0,22.0,310.0,0.0,503.63,71.0,0,1,95.8283847725421,3,1,0
IPL26-037,Karun Nair,BATSMAN,Indian,1.5,70.0,34.0,0.0,0.0,0.0,70.0,0,1,45.654408039986556,2,0,0
IPL26-038,Dushmantha Chameera,BOWLER,Sri Lankan,1.0,61.0,34.0,0.0,0.0,0.0,61.0,1,1,34.94983126959976,3,0,0
IPL26-039,Vipraj Nigam,ALL_ROUNDER,Indian,0.5,,21.0,0.0,0.0,0.0,50.0,0,1,9.571321189240262,3,2,0
IPL26-040,Ajay Mandal,ALL_ROUNDER,Indian,0.25,,26.0,149.0,10.0,0.0,50.0,0,1,38.617675963093845,4,0,0
IPL26-041,Madhav Tiwari,BOWLER,Indian,0.25,70.0,22.0,0.0,0.0,0.0,70.0,0,1,37.81899041277091,1,0,0
IPL26-042,Tripurana Vijay,BOWLER,Indian,0.25,50.0,24.0,0.0,0.0,0.0,50.0,0,1,24.44474381704599,2,0,0
IPL26-043,Auqib Nabi Dar,ALL_ROUNDER,Indian,0.25,,26.0,0.0,0.0,0.0,50.0,0,1,24.69532936813422,1,0,0
IPL26-044,Pathum Nissanka,BATSMAN,Sri Lankan,1.0,69.0,28.0,0.0,0.0,0.0,69.0,1,1,78.89190318531686,5,0,0
IPL26-045,David Miller,BATSMAN,South African,2.0,80.0,26.0,0.0,0.0,0.0,80.0,1,1,61.131633610408,3,2,0
IPL26-046,Ben Duckett,BATSMAN,English,1.0,84.0,31.0,0.0,0.0,0.0,84.0,1,1,46.4387246693113,5,2,0
IPL26-047,Lungi Ngidi,BOWLER,South African,1.5,77.0,30.0,0.0,0.0,0.0,77.0,1,1,71.18847925789261,0,0,0
IPL26-048,Kyle Jamieson,ALL_ROUNDER,New Zealander,1.5,,26.0,0.0,0.0,0.0,50.0,1,1,11.068681849935885,3,2,0
IPL26-049,Prithvi Shaw,BATSMAN,Indian,2.0,72.0,26.0,0.0,0.0,0.0,72.0,0,1,57.42198197470026,1,2,0
IPL26-050,Sahil Parakh,BATSMAN,Indian,0.25,61.0,26.0,0.0,0.0,0.0,61.0,0,1,9.120288016213475,3,1,0
IPL26-051,Shubman Gill,BATSMAN,Indian,2.0,84.0,26.0,435.0,0.0,1502.36,84.0,0,1,99.0871551281023,0,0,0
IPL26-052,Rashid Khan,ALL_ROUNDER,Afghan,2.0,,26.0,86.0,13.0,1036.91,50.0,1,1,95.05021103723993,4,2,0
IPL26-053,Jos Buttler,WICKET_KEEPER,English,2.0,86.0,35.0,0.0,0.0,0.0,86.0,1,1,45.90217121649236,5,2,0
IPL26-054,Kagiso Rabada,BOWLER,South African,2.0,89.0,31.0,0.0,0.0,0.0,89.0,1,1,67.89791421989263,5,0,0
IPL26-055,Mohammed Siraj,BOWLER,Indian,2.0,79.0,32.0,0.0,12.0,835.35,79.0,0,1,94.42976774919003,1,1,0
IPL26-056,Sai Sudharsan,BATSMAN,Indian,1.5,83.0,24.0,487.0,0.0,1572.25,83.0,0,1,100.0,3,0,1
IPL26-057,Prasidh Krishna,BOWLER,Indian,2.0,77.0,30.0,0.0,12.0,571.61,77.0,0,1,100.0,1,1,0
IPL26-058,Washington Sundar,ALL_ROUNDER,Indian,2.0,,26.0,240.0,4.0,670.48,50.0,0,1,100.0,4,0,0
IPL26-059,Rahul Tewatia,ALL_ROUNDER,Indian,2.0,,33.0,0.0,0.0,0.0,50.0,0,1,38.92137085205566,3,0,0
IPL26-060,Shahrukh Khan,BATSMAN,Indian,1.5,66.0,26.0,144.0,0.0,378.48,66.0,0,1,100.0,3,0,0
IPL26-061,R. Sai Kishore,BOWLER,Indian,1.5,75.0,26.0,0.0,0.0,0.0,75.0,0,1,60.324512079217875,1,0,0
IPL26-062,Glenn Phillips,BATSMAN,New Zealander,1.5,61.0,26.0,0.0,0.0,0.0,61.0,1,1,41.48914480333437,1,1,0
IPL26-063,Jayant Yadav,BOWLER,Indian,2.0,61.0,36.0,0.0,0.0,0.0,61.0,0,1,32.35517615214996,0,0,0
IPL26-064,Anuj Rawat,WICKET_KEEPER,Indian,0.5,66.0,26.0,282.0,0.0,109.12,66.0,0,1,100.0,4,2,0
IPL26-065,Kumar Kushagra,WICKET_KEEPER,Indian,0.5,56.0,21.0,21.0,0.0,18.97,56.0,0,1,100.0,0,0,0
IPL26-066,Gurnoor Singh Brar,BOWLER,Indian,0.5,65.0,26.0,0.0,0.0,0.0,65.0,0,1,22.8580624790283,5,1,0
IPL26-067,Nishant Sindhu,BATSMAN,Indian,0.5,61.0,22.0,0.0,0.0,0.0,61.0,0,1,19.769948582223947,3,1,0
IPL26-068,Manav Suthar,BOWLER,Indian,0.25,58.0,23.0,0.0,0.0,0.0,58.0,0,1,31.892866555470587,1,1,0
IPL26-069,Ishant Sharma,BOWLER,Indian,1.5,78.0,37.0,0.0,0.0,0.0,78.0,0,1,84.91948859026995,3,0,0
IPL26-070,Arshad Khan,BOWLER,Indian,0.5,64.0,26.0,0.0,9.0,357.1,64.0,0,1,98.19980365621508,3,2,0
IPL26-071,Jason Holder,ALL_ROUNDER,West Indian,1.5,,41.0,0.0,0.0,0.0,50.0,1,1,31.513888854250315,2,1,0
IPL26-072,Tom Banton,WICKET_KEEPER,English,1.0,58.0,27.0,0.0,0.0,0.0,58.0,1,1,13.421140468115983,5,0,0
IPL26-073,Ashok Sharma,BOWLER,Indian,0.25,64.0,26.0,0.0,6.0,94.13,64.0,0,1,100.0,2,1,0
IPL26-074,Luke Wood,BOWLER,English,1.0,50.0,26.0,0.0,0.0,0.0,50.0,1,1,40.82493536800399,3,1,0
IPL26-075,Prithvi Raj,BOWLER,Indian,0.25,73.0,26.0,3.0,0.0,0.0,73.0,0,1,40.93442501421081,1,2,0
IPL26-076,Sunil Narine,ALL_ROUNDER,West Indian,2.0,,37.0,0.0,0.0,0.0,50.0,1,1,23.50307125828558,3,1,0
IPL26-077,Varun Chakravarthy,BOWLER,Indian,2.0,85.0,34.0,0.0,0.0,0.0,85.0,0,1,77.12725463887034,5,1,0
IPL26-078,Rinku Singh,BATSMAN,Indian,1.5,74.0,37.0,0.0,0.0,0.0,74.0,0,1,68.75426015273653,2,0,0
IPL26-079,Harshit Rana,BOWLER,Indian,1.0,73.0,24.0,0.0,10.0,541.9,73.0,0,1,100.0,1,0,0
IPL26-080,Angkrish Raghuvanshi,BATSMAN,Indian,0.5,73.0,22.0,0.0,0.0,0.0,73.0,0,1,72.11648919473477,3,2,0
IPL26-081,Ramandeep Singh,ALL_ROUNDER,Indian,1.5,,26.0,100.0,6.0,355.97,50.0,0,1,100.0,4,0,0
IPL26-082,Ajinkya Rahane,BATSMAN,Indian,2.0,84.0,38.0,0.0,0.0,0.0,84.0,0,1,45.696640591291775,5,0,0
IPL26-083,Rovman Powell,BATSMAN,West Indian,1.5,67.0,32.0,0.0,0.0,0.0,67.0,1,1,46.46260529600921,5,2,0
IPL26-084,Vaibhav Arora,BOWLER,Indian,1.5,73.0,28.0,0.0,0.0,0.0,73.0,0,1,57.64550844589087,4,1,0
IPL26-085,Manish Pandey,BATSMAN,Indian,2.0,79.0,26.0,0.0,0.0,0.0,79.0,0,1,73.99754739691296,3,2,0
IPL26-086,Anukul Roy,BOWLER,Indian,0.5,69.0,27.0,0.0,0.0,0.0,69.0,0,1,42.17837138732912,5,0,0
IPL26-087,Umran Malik,BOWLER,Indian,1.5,65.0,26.0,0.0,5.0,0.0,65.0,0,1,41.463900406051444,1,2,0
IPL26-088,Cameron Green,ALL_ROUNDER,Australian,1.0,,26.0,0.0,0.0,0.0,50.0,1,1,19.3635128754449,3,1,0
IPL26-089,Matheesha Pathirana,BOWLER,Sri Lankan,1.5,77.0,24.0,0.0,0.0,0.0,77.0,1,1,38.638310839543884,3,2,1
IPL26-090,Mustafizur Rahman,BOWLER,Bangladeshi,1.5,77.0,30.0,0.0,13.0,258.07,77.0,1,1,94.40226935808415,2,0,0
IPL26-091,Tejasvi Singh,BATSMAN,Indian,0.25,78.0,26.0,0.0,0.0,0.0,78.0,0,1,68.22023805606433,5,0,0
IPL26-092,Finn Allen,BATSMAN,New Zealander,1.0,74.0,27.0,0.0,0.0,0.0,74.0,1,1,75.23707401261471,5,2,0
IPL26-093,Rachin Ravindra,BATSMAN,New Zealander,1.0,67.0,26.0,0.0,0.0,0.0,67.0,1,1,52.065922097780245,4,1,0
IPL26-094,Tim Seifert,WICKET_KEEPER,New Zealander,1.0,58.0,24.0,0.0,0.0,0.0,58.0,1,1,56.06846689312453,2,2,0
IPL26-095,Akash Deep,BOWLER,Indian,1.0,58.0,26.0,0.0,5.0,74.49,58.0,0,1,95.74732360626479,2,1,0
IPL26-096,Rahul Tripathi,BATSMAN,Indian,2.0,73.0,26.0,0.0,0.0,0.0,73.0,0,1,70.85048995910897,5,1,0
IPL26-097,Prashant Solanki,BOWLER,Indian,0.25,75.0,26.0,0.0,0.0,0.0,75.0,0,1,46.647080235813036,3,2,0
IPL26-098,Kartik Tyagi,BOWLER,Indian,1.0,71.0,25.0,0.0,15.0,267.17,71.0,0,1,100.0,2,1,0
IPL26-099,Sarthak Ranjan,BATSMAN,Indian,0.25,59.0,29.0,61.0,0.0,0.0,59.0,0,1,43.66236191474007,4,0,0
IPL26-100,Daksh Kamra,BATSMAN,Indian,0.25,50.0,26.0,0.0,0.0,0.0,50.0,0,1,55.73734472051679,2,2,0
IPL26-101,Rishabh Pant,WICKET_KEEPER,Indian,2.0,82.0,28.0,0.0,0.0,0.0,82.0,0,1,65.65995193594276,4,1,0
IPL26-102,Nicholas Pooran,WICKET_KEEPER,West Indian,2.0,77.0,30.0,0.0,0.0,0.0,77.0,1,1,86.56062839598138,2,0,0
IPL26-103,Mayank Yadav,BOWLER,Indian,1.0,63.0,26.0,0.0,0.0,0.0,63.0,0,1,8.99066496554496,4,2,0
IPL26-104,Mohammed Shami,BOWLER,Indian,2.0,77.0,36.0,0.0,9.0,366.12,77.0,0,1,100.0,2,0,0
IPL26-105,Mohsin Khan,BOWLER,Indian,1.5,75.0,38.0,0.0,13.0,341.0,75.0,0,1,98.42456634402946,2,0,0
IPL26-106,Ayush Badoni,BATSMAN,Indian,0.5,70.0,26.0,0.0,0.0,0.0,70.0,0,1,59.469807355848054,1,0,0
IPL26-107,Avesh Khan,BOWLER,Indian,1.5,73.0,29.0,0.0,9.0,614.92,73.0,0,1,100.0,4,1,0
IPL26-108,Abdul Samad,BATSMAN,Indian,1.5,66.0,26.0,124.0,10.0,652.13,66.0,0,1,100.0,4,2,0
IPL26-109,Mitchell Marsh,ALL_ROUNDER,Australian,1.5,,34.0,0.0,0.0,0.0,50.0,1,1,30.192102519689534,4,2,0
IPL26-110,Aiden Markram,ALL_ROUNDER,South African,1.5,,31.0,0.0,0.0,0.0,50.0,1,1,30.84074957158392,0,0,0
IPL26-111,Shahbaz Ahmed,ALL_ROUNDER,Indian,1.5,,26.0,168.0,7.0,458.64,50.0,0,1,100.0,2,2,0
IPL26-112,Matthew Breetzke,BATSMAN,South African,1.0,61.0,27.0,0.0,0.0,0.0,61.0,1,1,37.79480705266544,4,0,0
IPL26-113,Digvesh Rathi,BOWLER,Indian,0.5,65.0,26.0,0.0,0.0,0.0,65.0,0,1,11.001862762005208,5,2,0
IPL26-114,Himmat Singh,BATSMAN,Indian,0.5,66.0,29.0,173.0,0.0,101.92,66.0,0,1,99.29812470547331,0,0,0
IPL26-115,Arshin Kulkarni,BATSMAN,Indian,0.25,56.0,26.0,0.0,0.0,0.0,56.0,0,1,34.242985023383305,1,0,0
IPL26-116,Manimaran Siddharth,BOWLER,Indian,0.5,68.0,27.0,0.0,0.0,0.0,68.0,0,1,50.73385350384094,4,1,0
IPL26-117,Akash Singh,BOWLER,Indian,0.25,67.0,39.0,0.0,9.0,96.39,67.0,0,1,100.0,4,0,0
IPL26-118,Arjun Tendulkar,BOWLER,Indian,0.5,64.0,26.0,38.0,8.0,32.51,64.0,0,1,100.0,0,0,0
IPL26-119,Prince Yadav,BATSMAN,Indian,0.25,52.0,24.0,5.0,0.0,347.54,52.0,0,1,100.0,2,2,0
IPL26-120,Josh Inglis,WICKET_KEEPER,Australian,1.0,74.0,31.0,0.0,0.0,0.0,74.0,1,1,68.9888630517801,5,0,0
IPL26-121,Akshat Raghuwanshi,BATSMAN,Indian,0.25,59.0,22.0,53.0,0.0,22.82,59.0,0,1,93.42092091786246,1,1,0
IPL26-122,Mukul Choudhary,BATSMAN,Indian,0.25,71.0,21.0,0.0,0.0,0.0,71.0,0,1,44.630992977304324,4,2,0
IPL26-123,Wanindu Hasaranga,BOWLER,Sri Lankan,1.5,76.0,28.0,0.0,0.0,0.0,76.0,1,1,33.209617825828005,2,1,0
IPL26-124,Anrich Nortje,BOWLER,South African,1.5,76.0,32.0,0.0,0.0,0.0,76.0,1,1,53.53683139445231,5,0,0
IPL26-125,Naman Tiwari,BOWLER,Indian,0.25,76.0,26.0,0.0,0.0,0.0,76.0,0,1,68.94026254366952,5,1,0
IPL26-126,Rohit Sharma,BATSMAN,Indian,2.0,54.0,39.0,5.0,0.0,0.0,54.0,0,1,55.14673149286894,1,1,0
IPL26-127,Jasprit Bumrah,BOWLER,Indian,2.0,95.0,32.0,0.0,0.0,0.0,95.0,0,1,78.59317819657497,3,0,1
IPL26-128,Suryakumar Yadav,BATSMAN,Indian,2.0,84.0,35.0,0.0,0.0,0.0,84.0,0,1,70.79176615046275,5,2,0
IPL26-129,Hardik Pandya,ALL_ROUNDER,Indian,2.0,,32.0,0.0,0.0,0.0,50.0,0,1,30.92447822756403,3,1,0
IPL26-130,Tilak Varma,BATSMAN,Indian,1.5,76.0,23.0,324.0,0.0,1185.21,76.0,0,1,100.0,5,0,1
IPL26-131,Trent Boult,BOWLER,New Zealander,2.0,87.0,36.0,0.0,0.0,0.0,87.0,1,1,90.04553790758354,1,2,1
IPL26-132,Deepak Chahar,BOWLER,Indian,2.0,80.0,26.0,0.0,0.0,0.0,80.0,0,1,41.27905830465963,0,0,0
IPL26-133,Naman Dhir,BATSMAN,Indian,0.5,71.0,26.0,259.0,0.0,863.67,71.0,0,1,91.06812267322657,1,2,0
IPL26-134,Will Jacks,ALL_ROUNDER,English,1.5,,27.0,0.0,0.0,0.0,50.0,1,1,21.974893773261567,1,1,0
IPL26-135,Robin Minz,WICKET_KEEPER,Indian,0.5,55.0,23.0,0.0,0.0,0.0,55.0,0,1,32.03206561888696,0,0,0
IPL26-136,Ryan Rickelton,WICKET_KEEPER,South African,1.0,73.0,29.0,0.0,0.0,0.0,73.0,1,1,33.531643730556205,0,0,0
IPL26-137,Shardul Thakur,ALL_ROUNDER,Indian,2.0,,34.0,0.0,0.0,0.0,50.0,0,1,39.790661430887894,2,2,0
IPL26-138,Sherfane Rutherford,BATSMAN,West Indian,1.0,67.0,27.0,0.0,0.0,0.0,67.0,1,1,44.917341440871795,5,1,0
IPL26-139,Mayank Markande,BOWLER,Indian,1.5,72.0,28.0,0.0,0.0,0.0,72.0,0,1,40.49598253479253,2,0,0
IPL26-140,Allah Ghazanfar,BOWLER,Afghan,1.0,70.0,26.0,0.0,0.0,0.0,70.0,1,1,50.77126397588352,0,0,0
IPL26-141,Corbin Bosch,ALL_ROUNDER,South African,1.0,,31.0,0.0,0.0,0.0,50.0,1,1,4.628457504417613,3,1,0
IPL26-142,Mitchell Santner,ALL_ROUNDER,New Zealander,1.5,,34.0,0.0,0.0,0.0,50.0,1,1,13.597880836576426,3,2,0
IPL26-143,Ashwani Kumar,BOWLER,Indian,0.25,73.0,26.0,0.0,17.0,180.0,73.0,0,1,100.0,1,1,0
IPL26-144,Raj Angad Bawa,BATSMAN,Indian,0.5,62.0,23.0,0.0,0.0,0.0,62.0,0,1,40.82516069319185,4,0,0
IPL26-145,Raghu Sharma,BOWLER,Indian,0.25,59.0,26.0,0.0,4.0,37.39,59.0,0,1,99.38971433939362,1,2,0
IPL26-146,Quinton de Kock,WICKET_KEEPER,South African,2.0,79.0,33.0,0.0,0.0,0.0,79.0,1,1,44.67659903076327,1,0,0
IPL26-147,Atharva Ankolekar,ALL_ROUNDER,Indian,1.0,,25.0,78.0,9.0,0.0,50.0,0,1,26.783903164280332,4,2,0
IPL26-148,Mohammad Izhar,BOWLER,Indian,0.25,76.0,26.0,0.0,0.0,0.0,76.0,0,1,60.207849040214164,5,2,0
IPL26-149,Danish Malewar,BATSMAN,Indian,0.25,52.0,26.0,0.0,0.0,0.0,52.0,0,1,53.55255295845711,0,0,0
IPL26-150,Mayank Rawat,BATSMAN,Indian,0.25,56.0,26.0,24.0,0.0,0.0,56.0,0,1,35.04526380752543,3,0,0
IPL26-151,Shreyas Iyer,BATSMAN,Indian,2.0,83.0,31.0,0.0,0.0,0.0,83.0,0,1,69.46965538591053,1,2,0
IPL26-152,Arshdeep Singh,BOWLER,Indian,2.0,78.0,21.0,0.0,12.0,828.89,78.0,0,1,100.0,4,1,1
IPL26-153,Yuzvendra Chahal,BOWLER,Indian,2.0,100.0,35.0,0.0,0.0,0.0,100.0,0,1,79.7236102933416,2,2,1
IPL26-154,Marco Jansen,ALL_ROUNDER,South African,1.0,,26.0,0.0,0.0,0.0,50.0,1,1,0.0,1,2,0
IPL26-155,Prabhsimran Singh,WICKET_KEEPER,Indian,1.5,74.0,25.0,0.0,0.0,0.0,74.0,0,1,52.69477605758341,3,2,0
IPL26-156,Harpreet Brar,ALL_ROUNDER,Indian,1.5,,30.0,91.0,13.0,492.23,50.0,0,1,89.11467476778573,0,0,0
IPL26-157,Shashank Singh,BATSMAN,Indian,1.5,73.0,26.0,193.0,0.0,1092.28,73.0,0,1,100.0,1,2,0
IPL26-158,Azmatullah Omarzai,ALL_ROUNDER,Afghan,1.0,,26.0,225.0,9.0,458.76,50.0,1,1,100.0,1,2,0
IPL26-159,Nehal Wadhera,BATSMAN,Indian,0.5,68.0,25.0,0.0,0.0,0.0,68.0,0,1,41.532792488904875,5,1,0
IPL26-160,Xavier Bartlett,BOWLER,Australian,1.0,55.0,27.0,0.0,0.0,0.0,55.0,1,1,69.01899332069051,4,2,0
IPL26-161,Lockie Ferguson,BOWLER,New Zealander,1.5,74.0,35.0,0.0,0.0,0.0,74.0,1,1,52.760119421833814,2,0,0
IPL26-162,Marcus Stoinis,ALL_ROUNDER,Australian,1.5,,36.0,0.0,0.0,0.0,50.0,1,1,40.7874233071416,2,1,0
IPL26-163,Mitch Owen,ALL_ROUNDER,Australian,1.0,,22.0,0.0,0.0,0.0,50.0,1,1,27.238200372920605,0,0,0
IPL26-164,Musheer Khan,BOWLER,Indian,0.5,61.0,26.0,0.0,1.0,9.79,61.0,0,1,95.4887483536705,3,2,0
IPL26-165,Priyansh Arya,BATSMAN,Indian,0.5,74.0,25.0,261.0,0.0,912.18,74.0,0,1,90.15538428791959,0,0,0
IPL26-166,Vyshak Vijaykumar,BOWLER,Indian,1.5,62.0,26.0,0.0,0.0,0.0,62.0,0,1,24.98702008224755,1,2,0
IPL26-167,Yash Thakur,BOWLER,Indian,0.5,67.0,26.0,0.0,8.0,223.54,67.0,0,1,100.0,1,2,0
IPL26-168,Pyla Avinash,BATSMAN,Indian,0.25,63.0,25.0,0.0,0.0,0.0,63.0,0,1,61.529134527548685,2,1,0
IPL26-169,Harnoor Pannu,BATSMAN,Indian,0.25,64.0,26.0,0.0,0.0,0.0,64.0,0,1,55.167600594383046,3,1,0
IPL26-170,Vishnu Vinod,WICKET_KEEPER,Indian,1.0,62.0,32.0,226.0,0.0,15.19,62.0,0,1,100.0,4,2,0
IPL26-171,Suryansh Shedge,BATSMAN,Indian,0.25,67.0,23.0,165.0,0.0,226.14,67.0,0,1,99.94453998025699,3,1,0
IPL26-172,Cooper Connolly,BATSMAN,Australian,1.0,75.0,22.0,0.0,0.0,0.0,75.0,1,1,62.80040734434505,1,0,0
IPL26-173,Ben Dwarshuis,BOWLER,Australian,1.0,56.0,31.0,0.0,0.0,0.0,56.0,1,1,26.475587756467444,4,1,0
IPL26-174,Praveen Dubey,BOWLER,Indian,0.25,59.0,32.0,0.0,0.0,0.0,59.0,0,1,61.170722279600255,3,1,0
IPL26-175,Vishal Nishad,BOWLER,Indian,0.25,51.0,26.0,0.0,0.0,0.0,51.0,0,1,10.060300317784074,3,0,0
IPL26-176,Yashasvi Jaiswal,BATSMAN,Indian,1.5,78.0,24.0,0.0,0.0,0.0,78.0,0,1,61.92602627061281,4,1,1
IPL26-177,Ravindra Jadeja,ALL_ROUNDER,Indian,2.0,,37.0,0.0,0.0,0.0,50.0,0,1,69.37437404682348,1,2,0
IPL26-178,Riyan Parag,ALL_ROUNDER,Indian,2.0,,24.0,0.0,0.0,0.0,50.0,0,1,18.465468849705225,3,0,0
IPL26-179,Jofra Archer,BOWLER,English,1.5,80.0,31.0,0.0,0.0,0.0,80.0,1,1,48.74092986912191,4,2,0
IPL26-180,Dhruv Jurel,WICKET_KEEPER,Indian,1.0,73.0,25.0,334.0,0.0,1059.22,73.0,0,1,100.0,5,0,0
IPL26-181,Shimron Hetmyer,BATSMAN,West Indian,2.0,72.0,29.0,0.0,0.0,0.0,72.0,1,1,51.00691628438859,5,2,0
IPL26-182,Sam Curran,ALL_ROUNDER,English,2.0,,26.0,0.0,0.0,0.0,50.0,1,1,18.537847725701827,1,2,0
IPL26-183,Sandeep Sharma,BOWLER,Indian,2.0,77.0,26.0,0.0,9.0,459.67,77.0,0,1,96.20148441259856,4,1,0
IPL26-184,Vaibhav Suryavanshi,BATSMAN,Indian,0.5,80.0,26.0,0.0,0.0,0.0,80.0,0,1,27.884705768567557,5,2,0
IPL26-185,Tushar Deshpande,BOWLER,Indian,1.5,72.0,26.0,0.0,0.0,0.0,72.0,0,1,55.38615652418144,4,1,0
IPL26-186,Shubham Dubey,BATSMAN,Indian,0.5,72.0,32.0,0.0,0.0,0.0,72.0,0,1,26.909719902416683,3,0,0
IPL26-187,Yudhvir Charak,BOWLER,Indian,0.5,66.0,26.0,0.0,0.0,0.0,66.0,0,1,46.96166730319891,1,2,0
IPL26-188,Kwena Maphaka,BOWLER,South African,0.5,52.0,20.0,0.0,0.0,0.0,52.0,1,1,7.830696441100287,5,2,0
IPL26-189,Lhuan-Dre Pretorius,BATSMAN,South African,0.5,57.0,20.0,0.0,0.0,0.0,57.0,1,1,59.818667611308626,3,0,0
IPL26-190,Nandre Burger,BOWLER,South African,1.0,70.0,30.0,0.0,0.0,0.0,70.0,1,1,37.49959831359708,0,0,0
IPL26-191,Donovan Ferreira,WICKET_KEEPER,South African,1.0,69.0,27.0,0.0,0.0,0.0,69.0,1,1,42.53559619098305,0,0,0
IPL26-192,Ravi Bishnoi,BOWLER,Indian,2.0,74.0,25.0,0.0,12.0,466.26,74.0,0,1,94.78711152664712,1,0,0
IPL26-193,Adam Milne,BOWLER,New Zealander,1.0,59.0,34.0,0.0,0.0,0.0,59.0,1,1,45.341589493361845,5,1,0
IPL26-194,Ravi Singh,BATSMAN,Indian,0.25,59.0,26.0,4.0,0.0,4.35,59.0,0,1,74.07184931773287,5,0,0
IPL26-195,Sushant Mishra,BOWLER,Indian,0.25,75.0,25.0,0.0,0.0,0.0,75.0,0,1,33.784275594948234,5,0,1
IPL26-196,Kuldeep Sen,BOWLER,Indian,1.0,70.0,29.0,0.0,0.0,0.0,70.0,0,1,54.99369062674266,4,2,0
IPL26-197,Brijesh Sharma,BOWLER,Indian,0.25,67.0,26.0,0.0,11.0,210.22,67.0,0,1,95.57375656937889,3,1,0
IPL26-198,Aman Rao Perala,BATSMAN,Indian,0.25,71.0,26.0,0.0,0.0,0.0,71.0,0,1,71.51245502809184,5,0,0
IPL26-199,Vignesh Puthur,BOWLER,Indian,0.25,73.0,25.0,0.0,0.0,0.0,73.0,0,1,35.404141668161905,3,1,0
IPL26-200,Virat Kohli,BATSMAN,Indian,2.0,100.0,37.0,0.0,0.0,0.0,100.0,0,1,85.70033687994848,1,1,1
IPL26-201,Rajat Patidar,BATSMAN,Indian,1.5,75.0,33.0,0.0,0.0,0.0,75.0,0,1,56.83617282264395,5,1,0
IPL26-202,Phil Salt,WICKET_KEEPER,English,1.0,75.0,47.0,0.0,0.0,0.0,75.0,1,1,68.01333792843928,1,2,0
IPL26-203,Josh Hazlewood,BOWLER,Australian,1.5,79.0,35.0,0.0,0.0,0.0,79.0,1,1,39.24241346417771,5,0,0
IPL26-204,Yash Dayal,BOWLER,Indian,1.5,68.0,28.0,0.0,7.0,485.16,68.0,0,1,100.0,0,0,0
IPL26-205,Krunal Pandya,ALL_ROUNDER,Indian,2.0,,35.0,0.0,0.0,0.0,50.0,0,1,8.565095542993337,2,0,0
IPL26-206,Bhuvneshwar Kumar,BOWLER,Indian,2.0,98.0,36.0,0.0,0.0,0.0,98.0,0,1,85.00744745482652,1,0,1
IPL26-207,Tim David,BATSMAN,Singaporean,1.5,74.0,26.0,0.0,0.0,0.0,74.0,1,1,59.515236863868665,5,2,0
IPL26-208,Romario Shepherd,ALL_ROUNDER,West Indian,1.0,,31.0,0.0,0.0,0.0,50.0,1,1,28.790599257278394,2,1,0
IPL26-209,Nuwan Thushara,BOWLER,Sri Lankan,1.0,68.0,31.0,0.0,0.0,0.0,68.0,1,1,48.11732900750474,1,1,0
IPL26-210,Swapnil Singh,BOWLER,Indian,1.0,66.0,35.0,74.0,7.0,131.12,66.0,0,1,93.05728723084394,4,0,0
IPL26-211,Jacob Bethell,BATSMAN,English,1.0,64.0,20.0,0.0,0.0,0.0,64.0,1,1,25.798273653804088,5,2,0
IPL26-212,Devdutt Padikkal,BATSMAN,Indian,1.5,73.0,25.0,0.0,0.0,0.0,73.0,0,1,50.397391996312656,4,1,0
IPL26-213,Suyash Sharma,BOWLER,Indian,0.5,64.0,26.0,0.0,7.0,369.66,64.0,0,1,100.0,0,0,0
IPL26-214,Rasikh Dar,BOWLER,Indian,0.5,71.0,26.0,0.0,0.0,0.0,71.0,0,1,50.9321495220208,5,0,0
IPL26-215,Jitesh Sharma,WICKET_KEEPER,Indian,1.5,56.0,32.0,0.0,0.0,0.0,56.0,0,1,27.85280105075996,0,0,0
IPL26-216,Abhinandan Singh,BOWLER,Indian,0.25,59.0,26.0,0.0,3.0,38.42,59.0,0,1,100.0,2,2,0
IPL26-217,Venkatesh Iyer,ALL_ROUNDER,Indian,1.5,,35.0,0.0,0.0,0.0,50.0,0,1,48.144096599981076,1,0,0
IPL26-218,Jordan Cox,WICKET_KEEPER,English,1.0,80.0,34.0,0.0,0.0,0.0,80.0,1,1,70.38237173478527,3,1,0
IPL26-219,Mangesh Yadav,BOWLER,Indian,0.25,65.0,26.0,0.0,0.0,0.0,65.0,0,1,31.184440769918822,0,0,0
IPL26-220,Vicky Kanhaiya Ostwal,BOWLER,Indian,0.5,74.0,26.0,0.0,0.0,0.0,74.0,0,1,58.87899075533318,3,1,0
IPL26-221,Kanishk Chouhan,BATSMAN,Indian,0.25,50.0,26.0,0.0,0.0,0.0,50.0,0,1,17.480732661065137,3,1,0
IPL26-222,Vihaan Malhotra,BATSMAN,Indian,0.25,50.0,19.0,0.0,0.0,0.0,50.0,0,1,37.52377786909079,1,2,0
IPL26-223,Satvik Deswal,BOWLER,Indian,0.25,77.0,26.0,0.0,0.0,0.0,77.0,0,1,74.86728556885274,2,2,0
IPL26-224,Yash Raj Punja,BOWLER,Indian,0.25,68.0,26.0,0.0,9.0,128.95,68.0,0,1,93.67750796522517,1,0,0
IPL26-225,Pat Cummins,ALL_ROUNDER,Australian,2.0,,33.0,0.0,0.0,0.0,50.0,1,1,8.72423296205146,5,0,0
IPL26-226,Heinrich Klaasen,WICKET_KEEPER,South African,1.5,80.0,26.0,0.0,0.0,0.0,80.0,1,1,72.5365559906,0,0,0
IPL26-227,Travis Head,BATSMAN,Australian,1.5,75.0,32.0,0.0,0.0,0.0,75.0,1,1,60.57306917267329,3,2,0
IPL26-228,Abhishek Sharma,ALL_ROUNDER,Indian,1.5,,26.0,434.0,1.0,1410.48,50.0,0,1,98.01160153192698,1,1,0
IPL26-229,Nitish Kumar Reddy,ALL_ROUNDER,Indian,1.0,,23.0,0.0,0.0,0.0,50.0,0,1,36.41074960880455,1,0,0
IPL26-230,Ishan Kishan,WICKET_KEEPER,Indian,2.0,78.0,27.0,389.0,0.0,1062.44,78.0,0,1,98.00050468934431,1,1,0
IPL26-231,Harshal Patel,BOWLER,Indian,2.0,88.0,35.0,0.0,0.0,0.0,88.0,0,1,97.79836850271288,0,0,1
IPL26-232,Jaydev Unadkat,BOWLER,Indian,2.0,81.0,33.0,0.0,0.0,0.0,81.0,0,1,57.094713109344255,2,0,0
IPL26-233,Zeeshan Ansari,BOWLER,Indian,0.5,59.0,26.0,0.0,6.0,99.75,59.0,0,1,100.0,1,0,0
IPL26-234,Brydon Carse,BOWLER,English,1.0,72.0,30.0,0.0,0.0,0.0,72.0,1,1,37.34338153236649,0,0,0
IPL26-235,Kamindu Mendis,BATSMAN,Sri Lankan,1.0,65.0,27.0,0.0,0.0,0.0,65.0,1,1,37.51587312919795,3,0,0
IPL26-236,Harsh Dubey,BOWLER,Indian,0.5,70.0,23.0,13.0,12.0,174.77,70.0,0,1,94.1191333172261,5,1,0
IPL26-237,Aniket Verma,BATSMAN,Indian,0.25,66.0,24.0,117.0,0.0,403.65,66.0,0,1,100.0,4,0,0
IPL26-238,Eshan Malinga,BOWLER,Sri Lankan,0.25,74.0,25.0,0.0,0.0,0.0,74.0,1,1,47.67230119031823,0,0,0
IPL26-239,Smaran Ravichandaran,BATSMAN,Indian,0.25,73.0,26.0,0.0,0.0,0.0,73.0,0,1,54.24801482253291,4,2,0
IPL26-240,Liam Livingstone,ALL_ROUNDER,English,1.5,,32.0,0.0,0.0,0.0,50.0,1,1,34.1046584869255,1,0,0
IPL26-241,Salil Arora,WICKET_KEEPER,Indian,0.25,68.0,23.0,35.0,0.0,31.36,68.0,0,1,97.3585147666851,1,1,0
IPL26-242,Jack Edwards,ALL_ROUNDER,Australian,1.0,,26.0,0.0,0.0,0.0,50.0,1,1,39.330800245181564,0,0,0
IPL26-243,Shivam Mavi,BOWLER,Indian,1.5,64.0,27.0,0.0,12.0,0.0,64.0,0,1,49.292874109231995,4,2,0
IPL26-244,Amit Kumar,BOWLER,Indian,0.25,56.0,26.0,0.0,1.0,0.0,56.0,0,1,31.34440707627039,1,2,0
IPL26-245,Onkar Tarmale,ALL_ROUNDER,Indian,0.25,,26.0,0.0,0.0,0.0,50.0,0,1,49.81522232990114,3,1,0
IPL26-246,Sakib Hussain,BOWLER,Indian,0.25,71.0,21.0,0.0,11.0,221.1,71.0,0,1,100.0,2,0,0
IPL26-247,Praful Hinge,BOWLER,Indian,0.25,70.0,26.0,0.0,0.0,0.0,70.0,0,1,47.92898568163514,2,0,0
IPL26-248,Shivang Kumar,BOWLER,Indian,0.25,63.0,26.0,53.0,5.0,185.9,63.0,0,1,95.15977120744877,1,1,0
IPL26-249,Krains Fuletra,BOWLER,Indian,0.25,55.0,26.0,0.0,0.0,0.0,55.0,0,1,74.25099897191977,4,0,0
IPL26-250,Jake Fraser-McGurk,BATSMAN,Australian,1.0,71.0,23.0,0.0,0.0,0.0,71.0,1,1,57.31339449599362,5,1,0
IPL26-251,Devon Conway,WICKET_KEEPER,New Zealander,1.5,76.0,26.0,0.0,0.0,0.0,76.0,1,1,39.59369169258808,1,0,0
IPL26-252,Gus Atkinson,BOWLER,English,1.0,80.0,28.0,0.0,0.0,0.0,80.0,1,1,48.83106032186721,5,2,0
IPL26-253,Jamie Smith,WICKET_KEEPER,English,1.0,71.0,37.0,0.0,0.0,0.0,71.0,1,1,51.378370582330255,5,0,0
IPL26-254,Deepak Hooda,ALL_ROUNDER,Indian,2.0,,31.0,0.0,0.0,0.0,50.0,0,1,34.69196249878411,4,1,0
IPL26-255,Wiaan Mulder,BOWLER,South African,1.0,50.0,28.0,0.0,0.0,0.0,50.0,1,1,44.851155862304495,5,1,0
IPL26-256,Rahmanullah Gurbaz,WICKET_KEEPER,Afghan,1.0,67.0,24.0,233.0,0.0,183.09,67.0,1,1,100.0,3,2,0
IPL26-257,Jonny Bairstow,WICKET_KEEPER,English,1.5,75.0,36.0,0.0,0.0,0.0,75.0,1,1,59.78386680847688,4,1,0
IPL26-258,K.S. Bharat,WICKET_KEEPER,Indian,1.5,67.0,26.0,0.0,0.0,0.0,67.0,0,1,45.15786271475137,1,0,0
IPL26-259,Gerald Coetzee,BOWLER,South African,1.0,67.0,25.0,0.0,0.0,0.0,67.0,1,1,27.132335156350365,3,0,0
IPL26-260,Spencer Johnson,BOWLER,Australian,1.0,57.0,38.0,0.0,0.0,0.0,57.0,1,1,11.653979594378017,0,0,0
IPL26-261,Fazalhaq Farooqi,BOWLER,Afghan,1.0,63.0,25.0,0.0,18.0,34.22,63.0,1,1,100.0,2,1,0
IPL26-262,Maheesh Theekshana,BOWLER,Sri Lankan,1.0,71.0,25.0,0.0,0.0,0.0,71.0,1,1,50.78259102790167,1,2,0
IPL26-263,Mujeeb Ur Rahman,BOWLER,Afghan,2.0,67.0,25.0,0.0,7.0,8.29,67.0,1,1,85.91421591598773,1,0,0
IPL26-264,Aarya Desai,BATSMAN,Indian,0.25,55.0,23.0,99.0,0.0,0.0,55.0,0,1,46.01845222992576,1,2,0
IPL26-265,Yash Dhull,BATSMAN,Indian,0.5,55.0,23.0,0.0,0.0,0.0,55.0,0,1,37.454910060790446,3,1,0
IPL26-266,Abhinav Manohar,BATSMAN,Indian,0.5,62.0,31.0,0.0,0.0,0.0,62.0,0,1,16.334972308357756,0,0,0
IPL26-267,Anmolpreet Singh,BATSMAN,Indian,1.0,63.0,28.0,344.0,0.0,4.93,63.0,0,1,77.606746208792,4,1,0
IPL26-268,Atharva Taide,BATSMAN,Indian,0.5,68.0,26.0,326.0,0.0,59.39,68.0,0,1,96.38004834128695,0,0,0
IPL26-269,Mahipal Lomror,BATSMAN,Indian,1.5,65.0,26.0,0.0,0.0,0.0,65.0,0,1,46.620762131882614,3,0,0
IPL26-270,Vijay Shankar,ALL_ROUNDER,Indian,2.0,,35.0,0.0,0.0,0.0,50.0,0,1,33.52001383637317,1,0,0
IPL26-271,Tanush Kotian,BATSMAN,Indian,0.5,61.0,27.0,75.0,14.0,18.32,61.0,0,1,96.05330747140162,2,0,0
IPL26-272,Kamlesh Nagarkoti,BOWLER,Indian,1.5,57.0,26.0,0.0,0.0,0.0,57.0,0,1,23.706913529580234,1,1,0
IPL26-273,Ruchit Ahir,BATSMAN,Indian,0.25,74.0,26.0,0.0,0.0,0.0,74.0,0,1,55.227828696342804,4,2,0
IPL26-274,Sanvir Singh,BATSMAN,Indian,0.5,60.0,29.0,103.0,4.0,20.67,60.0,0,1,98.14071058860667,5,1,0
IPL26-275,Vansh Bedi,WICKET_KEEPER,Indian,0.25,50.0,23.0,0.0,0.0,0.0,50.0,0,1,27.230822668288283,2,0,0
IPL26-276,Raj Limbani,BOWLER,Indian,0.25,75.0,26.0,0.0,0.0,0.0,75.0,0,1,39.45306888645543,1,0,0
IPL26-277,Simarjeet Singh,BOWLER,Indian,1.0,65.0,28.0,0.0,9.0,87.74,65.0,0,1,100.0,2,2,0
IPL26-278,Akash Madhwal,BOWLER,Indian,1.0,68.0,32.0,0.0,10.0,143.34,68.0,0,1,100.0,5,0,0
IPL26-279,Karn Sharma,BOWLER,Indian,2.0,80.0,38.0,0.0,0.0,0.0,80.0,0,1,70.34740147977989,0,0,0
IPL26-280,Sean Abbott,BOWLER,Australian,1.0,54.0,34.0,0.0,0.0,0.0,54.0,1,1,35.4606582697562,3,0,0
IPL26-281,Michael Bracewell,ALL_ROUNDER,New Zealander,1.0,,35.0,0.0,0.0,0.0,50.0,1,1,47.034575844098,1,2,0
IPL26-282,Daryl Mitchell,BATSMAN,New Zealander,1.0,67.0,26.0,0.0,0.0,0.0,67.0,1,1,57.32018918566821,4,1,0
IPL26-283,Dasun Shanaka,BATSMAN,Sri Lankan,1.5,62.0,34.0,0.0,0.0,0.0,62.0,1,1,13.950334842984127,0,0,0
IPL26-284,Chetan Sakariya,BOWLER,Indian,1.5,70.0,27.0,0.0,0.0,0.0,70.0,0,1,32.23576736397798,1,2,0
IPL26-285,Waqar Salamkheil,BOWLER,Afghan,1.0,72.0,29.0,0.0,10.0,0.0,72.0,1,1,65.68502568019775,0,0,0
IPL26-286,Taskin Ahmed,BOWLER,Bangladeshi,1.0,80.0,31.0,0.0,12.0,0.0,80.0,1,1,72.45686840703137,4,2,0
IPL26-287,Alzarri Joseph,BOWLER,West Indian,1.5,68.0,29.0,0.0,0.0,0.0,68.0,1,1,56.94073890486272,1,0,0
IPL26-288,Riley Meredith,BOWLER,Australian,1.0,69.0,29.0,0.0,0.0,0.0,69.0,1,1,92.33649720055034,5,2,0
IPL26-289,Jhye Richardson,BOWLER,Australian,1.5,58.0,29.0,0.0,0.0,0.0,58.0,1,1,45.58195440345782,5,0,0
IPL26-290,Daniel Lawrence,BATSMAN,English,1.0,79.0,26.0,0.0,0.0,0.0,79.0,1,1,77.54198464721766,4,1,0
IPL26-291,Murugan Ashwin,BOWLER,Indian,1.5,72.0,35.0,0.0,0.0,0.0,72.0,0,1,67.18770760029102,2,0,0
IPL26-292,William Sutherland,ALL_ROUNDER,Australian,1.0,,26.0,0.0,0.0,0.0,50.0,1,1,30.551900852183238,4,2,0
IPL26-293,Kartikeya Singh,BOWLER,Indian,0.5,79.0,26.0,0.0,0.0,0.0,79.0,0,1,49.81937209029546,2,0,0
IPL26-294,Shivam Shukla,BOWLER,Indian,0.25,63.0,26.0,0.0,2.0,0.0,63.0,0,1,54.06414948665543,1,1,0
IPL26-295,Wahidullah Zadran,BOWLER,Afghan,1.0,62.0,26.0,0.0,2.0,0.0,62.0,1,1,33.08907632952237,2,0,0
IPL26-296,KC Cariappa,BOWLER,Indian,0.5,59.0,32.0,0.0,9.0,0.0,59.0,0,1,24.467081793400133,1,2,0
IPL26-297,Sediqullah Atal,BATSMAN,Afghan,1.0,64.0,24.0,244.0,0.0,14.99,64.0,1,1,99.18938012260071,1,2,0
IPL26-298,Nathan Smith,BOWLER,New Zealander,1.0,53.0,26.0,8.0,1.0,0.0,53.0,1,1,26.434790631958208,3,1,0
IPL26-299,Manan Vohra,BATSMAN,Indian,1.5,68.0,32.0,0.0,0.0,0.0,68.0,0,1,53.4761720333759,1,2,0
IPL26-300,Jacob Duffy,BOWLER,New Zealander,1.0,67.0,25.0,0.0,0.0,0.0,67.0,1,1,85.1841664212898,2,0,0
IPL26-001,MS Dhoni,WICKET_KEEPER,Indian,2.0,76.0,44.0,150.0,0.0,492.22,76.0,0,1,100.0,5,1,0
IPL26-002,Ruturaj Gaikwad,BATSMAN,Indian,2.0,79.0,29.0,0.0,0.0,0.0,79.0,0,1,70.68544480401805,5,0,0
IPL26-003,Sanju Samson,WICKET_KEEPER,Indian,2.0,85.0,31.0,0.0,0.0,0.0,85.0,0,1,63.658581487224446,3,2,1
IPL26-004,Shivam Dube,ALL_ROUNDER,Indian,2.0,,32.0,0.0,0.0,0.0,50.0,0,1,38.113015322712165,0,0,0
IPL26-005,Ayush Mhatre,BATSMAN,Indian,0.25,73.0,18.0,0.0,0.0,0.0,73.0,0,1,75.9692655365994,0,0,0
IPL26-006,Dewald Brevis,BATSMAN,South African,1.0,68.0,23.0,0.0,0.0,0.0,68.0,1,1,42.79151454285185,1,2,0
IPL26-007,Urvil Patel,WICKET_KEEPER,Indian,0.25,69.0,27.0,197.0,0.0,268.05,69.0,0,1,91.78723323183439,2,1,0
IPL26-008,Noor Ahmad,BOWLER,Afghan,1.5,76.0,21.0,0.0,12.0,701.28,76.0,1,1,100.0,0,0,1
IPL26-009,Nathan Ellis,BOWLER,Australian,1.0,71.0,26.0,0.0,0.0,0.0,71.0,1,1,52.00513995820131,4,0,0
IPL26-010,Shreyas Gopal,BOWLER,Indian,2.0,76.0,32.0,0.0,0.0,0.0,76.0,0,1,89.62986220051386,2,1,0
IPL26-011,Khaleel Ahmed,BOWLER,Indian,2.0,80.0,26.0,0.0,0.0,0.0,80.0,0,1,82.91401746968167,5,2,0
IPL26-012,Ramakrishna Ghosh,BOWLER,Indian,0.25,55.0,28.0,0.0,0.0,0.0,55.0,0,1,22.077783549711917,2,1,0
IPL26-013,Mukesh Choudhary,BOWLER,Indian,1.5,68.0,30.0,0.0,9.0,140.19,68.0,0,1,98.32300039810586,4,1,0
IPL26-014,Jamie Overton,ALL_ROUNDER,English,1.0,,32.0,0.0,0.0,0.0,50.0,1,1,50.696098638140185,3,2,0
IPL26-015,Gurjapneet Singh,BOWLER,Indian,0.5,58.0,27.0,0.0,4.0,99.53,58.0,0,1,99.79724692208883,4,1,0
IPL26-016,Anshul Kamboj,ALL_ROUNDER,Indian,0.5,,31.0,0.0,0.0,0.0,50.0,0,1,24.269789120546825,4,2,0
IPL26-017,Prashant Veer,BATSMAN,Indian,0.25,73.0,20.0,0.0,0.0,0.0,73.0,0,1,38.40840393797325,3,2,0
IPL26-018,Kartik Sharma,WICKET_KEEPER,Indian,0.25,70.0,26.0,277.0,0.0,292.84,70.0,0,1,100.0,3,1,0
IPL26-019,Rahul Chahar,BOWLER,Indian,2.0,78.0,26.0,0.0,0.0,0.0,78.0,0,1,71.28913594728596,3,2,0
IPL26-020,Akeal Hosein,BOWLER,West Indian,1.0,71.0,33.0,0.0,0.0,0.0,71.0,1,1,28.733925380650675,3,1,0
IPL26-021,Matt Henry,BOWLER,New Zealander,1.0,54.0,47.0,0.0,0.0,0.0,54.0,1,1,5.076309404711791,3,2,0
IPL26-022,Matthew Short,BATSMAN,Australian,1.0,64.0,26.0,0.0,0.0,0.0,64.0,1,1,33.58410522854333,4,0,0
IPL26-023,Sarfaraz Khan,BATSMAN,Indian,1.0,67.0,26.0,0.0,0.0,0.0,67.0,0,1,26.153031732512325,1,2,0
IPL26-024,Zak Foulkes,BOWLER,English,1.0,81.0,24.0,0.0,0.0,0.0,81.0,1,1,61.45789428768058,1,2,0
IPL26-025,Aman Khan,BOWLER,Indian,0.25,64.0,26.0,24.0,6.0,0.0,64.0,0,1,20.82857922324949,0,0,0
IPL26-026,KL Rahul,WICKET_KEEPER,Indian,2.0,87.0,34.0,482.0,0.0,1380.75,87.0,0,1,99.57590162670128,1,2,0
IPL26-027,Axar Patel,ALL_ROUNDER,Indian,2.0,,32.0,0.0,0.0,0.0,50.0,0,1,16.36599787962268,5,0,0
IPL26-028,Kuldeep Yadav,BOWLER,Indian,2.0,77.0,26.0,0.0,8.0,718.52,77.0,0,1,100.0,1,0,0
IPL26-029,T. Natarajan,BOWLER,Indian,2.0,75.0,26.0,0.0,0.0,0.0,75.0,0,1,83.81592648365196,4,2,0
IPL26-030,Mitchell Starc,BOWLER,Australian,1.5,80.0,36.0,0.0,0.0,0.0,80.0,1,1,61.97960249733195,3,2,0
IPL26-031,Tristan Stubbs,WICKET_KEEPER,South African,1.5,77.0,25.0,0.0,0.0,0.0,77.0,1,1,55.27888262245571,3,0,0
IPL26-032,Mukesh Kumar,BOWLER,Indian,1.5,67.0,26.0,0.0,6.0,521.18,67.0,0,1,96.20246669296776,4,1,0
IPL26-033,Nitish Rana,BATSMAN,Indian,2.0,76.0,32.0,0.0,0.0,0.0,76.0,0,1,31.02285442254087,5,0,0
IPL26-034,Abishek Porel,WICKET_KEEPER,Indian,1.0,69.0,23.0,235.0,0.0,743.92,69.0,0,1,91.41469025778976,1,0,0
IPL26-035,Ashutosh Sharma,BATSMAN,Indian,0.5,72.0,26.0,230.0,0.0,869.41,72.0,0,1,100.0,4,2,0
IPL26-036,Sameer Rizvi,BATSMAN,Indian,0.5,71.0,22.0,310.0,0.0,503.63,71.0,0,1,85.47767801711457,0,0,0
IPL26-037,Karun Nair,BATSMAN,Indian,1.5,70.0,34.0,0.0,0.0,0.0,70.0,0,1,44.79133667855419,3,0,0
IPL26-038,Dushmantha Chameera,BOWLER,Sri Lankan,1.0,61.0,34.0,0.0,0.0,0.0,61.0,1,1,43.02324352424237,2,1,0
IPL26-039,Vipraj Nigam,ALL_ROUNDER,Indian,0.5,,21.0,0.0,0.0,0.0,50.0,0,1,15.092295671139658,0,0,0
IPL26-040,Ajay Mandal,ALL_ROUNDER,Indian,0.25,,26.0,149.0,10.0,0.0,50.0,0,1,40.92055168992575,5,0,0
IPL26-041,Madhav Tiwari,BOWLER,Indian,0.25,70.0,22.0,0.0,0.0,0.0,70.0,0,1,41.984392592912194,0,0,0
IPL26-042,Tripurana Vijay,BOWLER,Indian,0.25,50.0,24.0,0.0,0.0,0.0,50.0,0,1,33.78245244137462,4,0,0
IPL26-043,Auqib Nabi Dar,ALL_ROUNDER,Indian,0.25,,26.0,0.0,0.0,0.0,50.0,0,1,24.084129871320098,1,0,0
IPL26-044,Pathum Nissanka,BATSMAN,Sri Lankan,1.0,69.0,28.0,0.0,0.0,0.0,69.0,1,1,72.99853853355381,3,2,0
IPL26-045,David Miller,BATSMAN,South African,2.0,80.0,26.0,0.0,0.0,0.0,80.0,1,1,58.608986418201596,5,1,0
IPL26-046,Ben Duckett,BATSMAN,English,1.0,84.0,31.0,0.0,0.0,0.0,84.0,1,1,36.82788093191081,5,2,0
IPL26-047,Lungi Ngidi,BOWLER,South African,1.5,77.0,30.0,0.0,0.0,0.0,77.0,1,1,64.827221479187,2,2,0
IPL26-048,Kyle Jamieson,ALL_ROUNDER,New Zealander,1.5,,26.0,0.0,0.0,0.0,50.0,1,1,9.782363220767714,0,0,0
IPL26-049,Prithvi Shaw,BATSMAN,Indian,2.0,72.0,26.0,0.0,0.0,0.0,72.0,0,1,57.86432197285966,2,1,0
IPL26-050,Sahil Parakh,BATSMAN,Indian,0.25,61.0,26.0,0.0,0.0,0.0,61.0,0,1,7.853142999094311,1,0,0
IPL26-051,Shubman Gill,BATSMAN,Indian,2.0,84.0,26.0,435.0,0.0,1502.36,84.0,0,1,93.76867993032785,1,2,0
IPL26-052,Rashid Khan,ALL_ROUNDER,Afghan,2.0,,26.0,86.0,13.0,1036.91,50.0,1,1,90.56234048495938,2,1,0
IPL26-053,Jos Buttler,WICKET_KEEPER,English,2.0,86.0,35.0,0.0,0.0,0.0,86.0,1,1,43.095121673556946,3,2,0
IPL26-054,Kagiso Rabada,BOWLER,South African,2.0,89.0,31.0,0.0,0.0,0.0,89.0,1,1,81.7071775498765,1,2,0
IPL26-055,Mohammed Siraj,BOWLER,Indian,2.0,79.0,32.0,0.0,12.0,835.35,79.0,0,1,100.0,2,1,0
IPL26-056,Sai Sudharsan,BATSMAN,Indian,1.5,83.0,24.0,487.0,0.0,1572.25,83.0,0,1,100.0,0,0,1
IPL26-057,Prasidh Krishna,BOWLER,Indian,2.0,77.0,30.0,0.0,12.0,571.61,77.0,0,1,95.49972883667876,2,2,0
IPL26-058,Washington Sundar,ALL_ROUNDER,Indian,2.0,,26.0,240.0,4.0,670.48,50.0,0,1,92.13275119948891,2,1,0
IPL26-059,Rahul Tewatia,ALL_ROUNDER,Indian,2.0,,33.0,0.0,0.0,0.0,50.0,0,1,34.97161137949082,4,0,0
IPL26-060,Shahrukh Khan,BATSMAN,Indian,1.5,66.0,26.0,144.0,0.0,378.48,66.0,0,1,99.51434445421181,1,2,0
IPL26-061,R. Sai Kishore,BOWLER,Indian,1.5,75.0,26.0,0.0,0.0,0.0,75.0,0,1,47.599880000453275,3,1,0
IPL26-062,Glenn Phillips,BATSMAN,New Zealander,1.5,61.0,26.0,0.0,0.0,0.0,61.0,1,1,34.23232368212754,3,2,0
IPL26-063,Jayant Yadav,BOWLER,Indian,2.0,61.0,36.0,0.0,0.0,0.0,61.0,0,1,33.551641136304205,4,1,0
IPL26-064,Anuj Rawat,WICKET_KEEPER,Indian,0.5,66.0,26.0,282.0,0.0,109.12,66.0,0,1,93.39537346968349,5,1,0
IPL26-065,Kumar Kushagra,WICKET_KEEPER,Indian,0.5,56.0,21.0,21.0,0.0,18.97,56.0,0,1,89.38158491337586,3,2,0
IPL26-066,Gurnoor Singh Brar,BOWLER,Indian,0.5,65.0,26.0,0.0,0.0,0.0,65.0,0,1,24.270438635537378,2,2,0
IPL26-067,Nishant Sindhu,BATSMAN,Indian,0.5,61.0,22.0,0.0,0.0,0.0,61.0,0,1,30.431694098502195,4,1,0
IPL26-068,Manav Suthar,BOWLER,Indian,0.25,58.0,23.0,0.0,0.0,0.0,58.0,0,1,34.985567773753836,0,0,0
IPL26-069,Ishant Sharma,BOWLER,Indian,1.5,78.0,37.0,0.0,0.0,0.0,78.0,0,1,68.30470464702152,1,2,0
IPL26-070,Arshad Khan,BOWLER,Indian,0.5,64.0,26.0,0.0,9.0,357.1,64.0,0,1,100.0,1,1,0
IPL26-071,Jason Holder,ALL_ROUNDER,West Indian,1.5,,41.0,0.0,0.0,0.0,50.0,1,1,42.80079531596135,1,1,0
IPL26-072,Tom Banton,WICKET_KEEPER,English,1.0,58.0,27.0,0.0,0.0,0.0,58.0,1,1,12.865471330743265,2,0,0
IPL26-073,Ashok Sharma,BOWLER,Indian,0.25,64.0,26.0,0.0,6.0,94.13,64.0,0,1,96.9503185277667,0,0,0
IPL26-074,Luke Wood,BOWLER,English,1.0,50.0,26.0,0.0,0.0,0.0,50.0,1,1,35.58666278846814,4,0,0
IPL26-075,Prithvi Raj,BOWLER,Indian,0.25,73.0,26.0,3.0,0.0,0.0,73.0,0,1,43.93482884727736,4,2,0
IPL26-076,Sunil Narine,ALL_ROUNDER,West Indian,2.0,,37.0,0.0,0.0,0.0,50.0,1,1,15.724752207016861,1,1,0
IPL26-077,Varun Chakravarthy,BOWLER,Indian,2.0,85.0,34.0,0.0,0.0,0.0,85.0,0,1,77.59144628012965,0,0,0
IPL26-078,Rinku Singh,BATSMAN,Indian,1.5,74.0,37.0,0.0,0.0,0.0,74.0,0,1,68.76974123850327,0,0,0
IPL26-079,Harshit Rana,BOWLER,Indian,1.0,73.0,24.0,0.0,10.0,541.9,73.0,0,1,100.0,0,0,0
IPL26-080,Angkrish Raghuvanshi,BATSMAN,Indian,0.5,73.0,22.0,0.0,0.0,0.0,73.0,0,1,64.75708684052513,3,1,0
IPL26-081,Ramandeep Singh,ALL_ROUNDER,Indian,1.5,,26.0,100.0,6.0,355.97,50.0,0,1,98.29412709664994,3,2,0
IPL26-082,Ajinkya Rahane,BATSMAN,Indian,2.0,84.0,38.0,0.0,0.0,0.0,84.0,0,1,48.57918217550306,1,0,0
IPL26-083,Rovman Powell,BATSMAN,West Indian,1.5,67.0,32.0,0.0,0.0,0.0,67.0,1,1,36.76089716879576,0,0,0
IPL26-084,Vaibhav Arora,BOWLER,Indian,1.5,73.0,28.0,0.0,0.0,0.0,73.0,0,1,62.04107596413641,5,0,0
IPL26-085,Manish Pandey,BATSMAN,Indian,2.0,79.0,26.0,0.0,0.0,0.0,79.0,0,1,84.56173522990616,0,0,0
IPL26-086,Anukul Roy,BOWLER,Indian,0.5,69.0,27.0,0.0,0.0,0.0,69.0,0,1,39.90125023948989,4,2,0
IPL26-087,Umran Malik,BOWLER,Indian,1.5,65.0,26.0,0.0,5.0,0.0,65.0,0,1,38.81263563166771,4,1,0
IPL26-088,Cameron Green,ALL_ROUNDER,Australian,1.0,,26.0,0.0,0.0,0.0,50.0,1,1,9.678357971374124,1,2,0
IPL26-089,Matheesha Pathirana,BOWLER,Sri Lankan,1.5,77.0,24.0,0.0,0.0,0.0,77.0,1,1,35.65823450078804,5,1,1
IPL26-090,Mustafizur Rahman,BOWLER,Bangladeshi,1.5,77.0,30.0,0.0,13.0,258.07,77.0,1,1,100.0,0,0,0
IPL26-091,Tejasvi Singh,BATSMAN,Indian,0.25,78.0,26.0,0.0,0.0,0.0,78.0,0,1,66.59548473711352,5,0,0
IPL26-092,Finn Allen,BATSMAN,New Zealander,1.0,74.0,27.0,0.0,0.0,0.0,74.0,1,1,71.41726642411464,1,0,0
IPL26-093,Rachin Ravindra,BATSMAN,New Zealander,1.0,67.0,26.0,0.0,0.0,0.0,67.0,1,1,39.71807691554013,4,2,0
IPL26-094,Tim Seifert,WICKET_KEEPER,New Zealander,1.0,58.0,24.0,0.0,0.0,0.0,58.0,1,1,54.521237337695716,4,2,0
IPL26-095,Akash Deep,BOWLER,Indian,1.0,58.0,26.0,0.0,5.0,74.49,58.0,0,1,99.66385218924506,3,1,0
IPL26-096,Rahul Tripathi,BATSMAN,Indian,2.0,73.0,26.0,0.0,0.0,0.0,73.0,0,1,52.73864649670171,1,2,0
IPL26-097,Prashant Solanki,BOWLER,Indian,0.25,75.0,26.0,0.0,0.0,0.0,75.0,0,1,40.85905569433274,1,2,0
IPL26-098,Kartik Tyagi,BOWLER,Indian,1.0,71.0,25.0,0.0,15.0,267.17,71.0,0,1,100.0,0,0,0
IPL26-099,Sarthak Ranjan,BATSMAN,Indian,0.25,59.0,29.0,61.0,0.0,0.0,59.0,0,1,44.58447286397005,0,0,0
IPL26-100,Daksh Kamra,BATSMAN,Indian,0.25,50.0,26.0,0.0,0.0,0.0,50.0,0,1,53.57897547422603,3,1,0
IPL26-101,Rishabh Pant,WICKET_KEEPER,Indian,2.0,82.0,28.0,0.0,0.0,0.0,82.0,0,1,61.990878538481034,2,2,0
IPL26-102,Nicholas Pooran,WICKET_KEEPER,West Indian,2.0,77.0,30.0,0.0,0.0,0.0,77.0,1,1,87.44278177826598,5,1,0
IPL26-103,Mayank Yadav,BOWLER,Indian,1.0,63.0,26.0,0.0,0.0,0.0,63.0,0,1,0.0,2,0,0
IPL26-104,Mohammed Shami,BOWLER,Indian,2.0,77.0,36.0,0.0,9.0,366.12,77.0,0,1,98.01802239911773,2,0,0
IPL26-105,Mohsin Khan,BOWLER,Indian,1.5,75.0,38.0,0.0,13.0,341.0,75.0,0,1,99.15517396668744,1,0,0
IPL26-106,Ayush Badoni,BATSMAN,Indian,0.5,70.0,26.0,0.0,0.0,0.0,70.0,0,1,53.72265843917974,5,2,0
IPL26-107,Avesh Khan,BOWLER,Indian,1.5,73.0,29.0,0.0,9.0,614.92,73.0,0,1,95.41929241709329,1,0,0
IPL26-108,Abdul Samad,BATSMAN,Indian,1.5,66.0,26.0,124.0,10.0,652.13,66.0,0,1,100.0,5,2,0
IPL26-109,Mitchell Marsh,ALL_ROUNDER,Australian,1.5,,34.0,0.0,0.0,0.0,50.0,1,1,35.10677350522316,4,2,0
IPL26-110,Aiden Markram,ALL_ROUNDER,South African,1.5,,31.0,0.0,0.0,0.0,50.0,1,1,30.200224118522144,1,0,0
IPL26-111,Shahbaz Ahmed,ALL_ROUNDER,Indian,1.5,,26.0,168.0,7.0,458.64,50.0,0,1,97.05454888734299,1,1,0
IPL26-112,Matthew Breetzke,BATSMAN,South African,1.0,61.0,27.0,0.0,0.0,0.0,61.0,1,1,40.047935447438356,1,2,0
IPL26-113,Digvesh Rathi,BOWLER,Indian,0.5,65.0,26.0,0.0,0.0,0.0,65.0,0,1,6.246138805796443,3,0,0
IPL26-114,Himmat Singh,BATSMAN,Indian,0.5,66.0,29.0,173.0,0.0,101.92,66.0,0,1,100.0,1,2,0
IPL26-115,Arshin Kulkarni,BATSMAN,Indian,0.25,56.0,26.0,0.0,0.0,0.0,56.0,0,1,38.1881830262678,0,0,0
IPL26-116,Manimaran Siddharth,BOWLER,Indian,0.5,68.0,27.0,0.0,0.0,0.0,68.0,0,1,58.77629340535424,0,0,0
IPL26-117,Akash Singh,BOWLER,Indian,0.25,67.0,39.0,0.0,9.0,96.39,67.0,0,1,100.0,5,0,0
IPL26-118,Arjun Tendulkar,BOWLER,Indian,0.5,64.0,26.0,38.0,8.0,32.51,64.0,0,1,100.0,4,2,0
IPL26-119,Prince Yadav,BATSMAN,Indian,0.25,52.0,24.0,5.0,0.0,347.54,52.0,0,1,100.0,3,2,0
IPL26-120,Josh Inglis,WICKET_KEEPER,Australian,1.0,74.0,31.0,0.0,0.0,0.0,74.0,1,1,75.16603762533335,5,2,0
IPL26-121,Akshat Raghuwanshi,BATSMAN,Indian,0.25,59.0,22.0,53.0,0.0,22.82,59.0,0,1,91.16494817497225,0,0,0
IPL26-122,Mukul Choudhary,BATSMAN,Indian,0.25,71.0,21.0,0.0,0.0,0.0,71.0,0,1,47.52957011209588,3,0,0
IPL26-123,Wanindu Hasaranga,BOWLER,Sri Lankan,1.5,76.0,28.0,0.0,0.0,0.0,76.0,1,1,34.853150326558705,3,1,0
IPL26-124,Anrich Nortje,BOWLER,South African,1.5,76.0,32.0,0.0,0.0,0.0,76.0,1,1,49.324654593698774,4,0,0
IPL26-125,Naman Tiwari,BOWLER,Indian,0.25,76.0,26.0,0.0,0.0,0.0,76.0,0,1,74.50765077615239,3,2,0
IPL26-126,Rohit Sharma,BATSMAN,Indian,2.0,54.0,39.0,5.0,0.0,0.0,54.0,0,1,40.55256062507125,1,2,0
IPL26-127,Jasprit Bumrah,BOWLER,Indian,2.0,95.0,32.0,0.0,0.0,0.0,95.0,0,1,78.44481229640579,3,1,1
IPL26-128,Suryakumar Yadav,BATSMAN,Indian,2.0,84.0,35.0,0.0,0.0,0.0,84.0,0,1,61.86936652596545,4,2,0
IPL26-129,Hardik Pandya,ALL_ROUNDER,Indian,2.0,,32.0,0.0,0.0,0.0,50.0,0,1,31.04185987754103,5,0,0
IPL26-130,Tilak Varma,BATSMAN,Indian,1.5,76.0,23.0,324.0,0.0,1185.21,76.0,0,1,100.0,4,0,1
IPL26-131,Trent Boult,BOWLER,New Zealander,2.0,87.0,36.0,0.0,0.0,0.0,87.0,1,1,74.80916077708127,4,1,1
IPL26-132,Deepak Chahar,BOWLER,Indian,2.0,80.0,26.0,0.0,0.0,0.0,80.0,0,1,43.70053963821829,0,0,0
IPL26-133,Naman Dhir,BATSMAN,Indian,0.5,71.0,26.0,259.0,0.0,863.67,71.0,0,1,95.774356945867,1,0,0
IPL26-134,Will Jacks,ALL_ROUNDER,English,1.5,,27.0,0.0,0.0,0.0,50.0,1,1,19.586831330787163,0,0,0
IPL26-135,Robin Minz,WICKET_KEEPER,Indian,0.5,55.0,23.0,0.0,0.0,0.0,55.0,0,1,28.578404452198296,5,0,0
IPL26-136,Ryan Rickelton,WICKET_KEEPER,South African,1.0,73.0,29.0,0.0,0.0,0.0,73.0,1,1,28.032451277257422,2,2,0
IPL26-137,Shardul Thakur,ALL_ROUNDER,Indian,2.0,,34.0,0.0,0.0,0.0,50.0,0,1,36.031346076447015,5,0,0
IPL26-138,Sherfane Rutherford,BATSMAN,West Indian,1.0,67.0,27.0,0.0,0.0,0.0,67.0,1,1,54.16298141371365,1,1,0
IPL26-139,Mayank Markande,BOWLER,Indian,1.5,72.0,28.0,0.0,0.0,0.0,72.0,0,1,54.98559664823136,3,1,0
IPL26-140,Allah Ghazanfar,BOWLER,Afghan,1.0,70.0,26.0,0.0,0.0,0.0,70.0,1,1,44.430561773449014,4,0,0
IPL26-141,Corbin Bosch,ALL_ROUNDER,South African,1.0,,31.0,0.0,0.0,0.0,50.0,1,1,10.191817016566146,2,1,0
IPL26-142,Mitchell Santner,ALL_ROUNDER,New Zealander,1.5,,34.0,0.0,0.0,0.0,50.0,1,1,28.86596473940328,1,0,0
IPL26-143,Ashwani Kumar,BOWLER,Indian,0.25,73.0,26.0,0.0,17.0,180.0,73.0,0,1,100.0,0,0,0
IPL26-144,Raj Angad Bawa,BATSMAN,Indian,0.5,62.0,23.0,0.0,0.0,0.0,62.0,0,1,46.15417072431556,4,1,0
IPL26-145,Raghu Sharma,BOWLER,Indian,0.25,59.0,26.0,0.0,4.0,37.39,59.0,0,1,100.0,5,0,0
IPL26-146,Quinton de Kock,WICKET_KEEPER,South African,2.0,79.0,33.0,0.0,0.0,0.0,79.0,1,1,55.55787632491803,0,0,0
IPL26-147,Atharva Ankolekar,ALL_ROUNDER,Indian,1.0,,25.0,78.0,9.0,0.0,50.0,0,1,15.118998685359541,1,2,0
IPL26-148,Mohammad Izhar,BOWLER,Indian,0.25,76.0,26.0,0.0,0.0,0.0,76.0,0,1,62.54414345791924,1,0,0
IPL26-149,Danish Malewar,BATSMAN,Indian,0.25,52.0,26.0,0.0,0.0,0.0,52.0,0,1,58.67312601339686,5,0,0
IPL26-150,Mayank Rawat,BATSMAN,Indian,0.25,56.0,26.0,24.0,0.0,0.0,56.0,0,1,37.993768540906515,2,2,0
IPL26-151,Shreyas Iyer,BATSMAN,Indian,2.0,83.0,31.0,0.0,0.0,0.0,83.0,0,1,62.83845876032076,5,0,0
IPL26-152,Arshdeep Singh,BOWLER,Indian,2.0,78.0,21.0,0.0,12.0,828.89,78.0,0,1,100.0,3,0,1
IPL26-153,Yuzvendra Chahal,BOWLER,Indian,2.0,100.0,35.0,0.0,0.0,0.0,100.0,0,1,69.84152910142043,0,0,1
IPL26-154,Marco Jansen,ALL_ROUNDER,South African,1.0,,26.0,0.0,0.0,0.0,50.0,1,1,3.2356160848708324,2,0,0
IPL26-155,Prabhsimran Singh,WICKET_KEEPER,Indian,1.5,74.0,25.0,0.0,0.0,0.0,74.0,0,1,49.74373576735904,4,0,0
IPL26-156,Harpreet Brar,ALL_ROUNDER,Indian,1.5,,30.0,91.0,13.0,492.23,50.0,0,1,97.49806954939783,3,2,0
IPL26-157,Shashank Singh,BATSMAN,Indian,1.5,73.0,26.0,193.0,0.0,1092.28,73.0,0,1,100.0,2,2,0
IPL26-158,Azmatullah Omarzai,ALL_ROUNDER,Afghan,1.0,,26.0,225.0,9.0,458.76,50.0,1,1,100.0,0,0,0
IPL26-159,Nehal Wadhera,BATSMAN,Indian,0.5,68.0,25.0,0.0,0.0,0.0,68.0,0,1,54.17305770614767,1,0,0
IPL26-160,Xavier Bartlett,BOWLER,Australian,1.0,55.0,27.0,0.0,0.0,0.0,55.0,1,1,67.10111415804934,4,1,0
IPL26-161,Lockie Ferguson,BOWLER,New Zealander,1.5,74.0,35.0,0.0,0.0,0.0,74.0,1,1,50.711057267197525,5,1,0
IPL26-162,Marcus Stoinis,ALL_ROUNDER,Australian,1.5,,36.0,0.0,0.0,0.0,50.0,1,1,38.96707572005994,0,0,0
IPL26-163,Mitch Owen,ALL_ROUNDER,Australian,1.0,,22.0,0.0,0.0,0.0,50.0,1,1,31.285322173178344,3,0,0
IPL26-164,Musheer Khan,BOWLER,Indian,0.5,61.0,26.0,0.0,1.0,9.79,61.0,0,1,100.0,3,0,0
IPL26-165,Priyansh Arya,BATSMAN,Indian,0.5,74.0,25.0,261.0,0.0,912.18,74.0,0,1,100.0,1,2,0
IPL26-166,Vyshak Vijaykumar,BOWLER,Indian,1.5,62.0,26.0,0.0,0.0,0.0,62.0,0,1,22.43861719135938,1,1,0
IPL26-167,Yash Thakur,BOWLER,Indian,0.5,67.0,26.0,0.0,8.0,223.54,67.0,0,1,96.91584561438864,4,2,0
IPL26-168,Pyla Avinash,BATSMAN,Indian,0.25,63.0,25.0,0.0,0.0,0.0,63.0,0,1,63.02186440238699,5,0,0
IPL26-169,Harnoor Pannu,BATSMAN,Indian,0.25,64.0,26.0,0.0,0.0,0.0,64.0,0,1,54.531838060246166,4,2,0
IPL26-170,Vishnu Vinod,WICKET_KEEPER,Indian,1.0,62.0,32.0,226.0,0.0,15.19,62.0,0,1,100.0,1,0,0
IPL26-171,Suryansh Shedge,BATSMAN,Indian,0.25,67.0,23.0,165.0,0.0,226.14,67.0,0,1,100.0,1,1,0
IPL26-172,Cooper Connolly,BATSMAN,Australian,1.0,75.0,22.0,0.0,0.0,0.0,75.0,1,1,63.74872580419439,3,0,0
IPL26-173,Ben Dwarshuis,BOWLER,Australian,1.0,56.0,31.0,0.0,0.0,0.0,56.0,1,1,24.051108312134627,1,1,0
IPL26-174,Praveen Dubey,BOWLER,Indian,0.25,59.0,32.0,0.0,0.0,0.0,59.0,0,1,55.52841634292882,2,1,0
IPL26-175,Vishal Nishad,BOWLER,Indian,0.25,51.0,26.0,0.0,0.0,0.0,51.0,0,1,14.70687639990107,0,0,0
IPL26-176,Yashasvi Jaiswal,BATSMAN,Indian,1.5,78.0,24.0,0.0,0.0,0.0,78.0,0,1,59.8170948742633,1,0,1
IPL26-177,Ravindra Jadeja,ALL_ROUNDER,Indian,2.0,,37.0,0.0,0.0,0.0,50.0,0,1,68.9671607581306,4,1,0
IPL26-178,Riyan Parag,ALL_ROUNDER,Indian,2.0,,24.0,0.0,0.0,0.0,50.0,0,1,16.74633767896256,5,2,0
IPL26-179,Jofra Archer,BOWLER,English,1.5,80.0,31.0,0.0,0.0,0.0,80.0,1,1,50.68272920784505,5,0,0
IPL26-180,Dhruv Jurel,WICKET_KEEPER,Indian,1.0,73.0,25.0,334.0,0.0,1059.22,73.0,0,1,100.0,5,1,0
IPL26-181,Shimron Hetmyer,BATSMAN,West Indian,2.0,72.0,29.0,0.0,0.0,0.0,72.0,1,1,56.051403697126396,2,1,0
IPL26-182,Sam Curran,ALL_ROUNDER,English,2.0,,26.0,0.0,0.0,0.0,50.0,1,1,29.099773616547317,4,2,0
IPL26-183,Sandeep Sharma,BOWLER,Indian,2.0,77.0,26.0,0.0,9.0,459.67,77.0,0,1,100.0,2,0,0
IPL26-184,Vaibhav Suryavanshi,BATSMAN,Indian,0.5,80.0,26.0,0.0,0.0,0.0,80.0,0,1,38.50150075483944,1,1,0
IPL26-185,Tushar Deshpande,BOWLER,Indian,1.5,72.0,26.0,0.0,0.0,0.0,72.0,0,1,48.669591181882524,0,0,0
IPL26-186,Shubham Dubey,BATSMAN,Indian,0.5,72.0,32.0,0.0,0.0,0.0,72.0,0,1,33.357899291877224,5,1,0
IPL26-187,Yudhvir Charak,BOWLER,Indian,0.5,66.0,26.0,0.0,0.0,0.0,66.0,0,1,52.74565203046948,4,0,0
IPL26-188,Kwena Maphaka,BOWLER,South African,0.5,52.0,20.0,0.0,0.0,0.0,52.0,1,1,23.617244958468422,5,2,0
IPL26-189,Lhuan-Dre Pretorius,BATSMAN,South African,0.5,57.0,20.0,0.0,0.0,0.0,57.0,1,1,57.96708376857572,2,1,0
IPL26-190,Nandre Burger,BOWLER,South African,1.0,70.0,30.0,0.0,0.0,0.0,70.0,1,1,36.38649801280576,3,2,0
IPL26-191,Donovan Ferreira,WICKET_KEEPER,South African,1.0,69.0,27.0,0.0,0.0,0.0,69.0,1,1,53.410830403252,1,0,0
IPL26-192,Ravi Bishnoi,BOWLER,Indian,2.0,74.0,25.0,0.0,12.0,466.26,74.0,0,1,99.47850744311137,0,0,0
IPL26-193,Adam Milne,BOWLER,New Zealander,1.0,59.0,34.0,0.0,0.0,0.0,59.0,1,1,48.02909880921202,1,0,0
IPL26-194,Ravi Singh,BATSMAN,Indian,0.25,59.0,26.0,4.0,0.0,4.35,59.0,0,1,75.63323014197074,3,1,0
IPL26-195,Sushant Mishra,BOWLER,Indian,0.25,75.0,25.0,0.0,0.0,0.0,75.0,0,1,36.25636383869275,0,0,1
IPL26-196,Kuldeep Sen,BOWLER,Indian,1.0,70.0,29.0,0.0,0.0,0.0,70.0,0,1,46.46390320189411,3,1,0
IPL26-197,Brijesh Sharma,BOWLER,Indian,0.25,67.0,26.0,0.0,11.0,210.22,67.0,0,1,100.0,1,1,0
IPL26-198,Aman Rao Perala,BATSMAN,Indian,0.25,71.0,26.0,0.0,0.0,0.0,71.0,0,1,66.87194471074005,2,0,0
IPL26-199,Vignesh Puthur,BOWLER,Indian,0.25,73.0,25.0,0.0,0.0,0.0,73.0,0,1,29.10567947352947,1,1,0
IPL26-200,Virat Kohli,BATSMAN,Indian,2.0,100.0,37.0,0.0,0.0,0.0,100.0,0,1,82.42881230904779,1,2,1
IPL26-201,Rajat Patidar,BATSMAN,Indian,1.5,75.0,33.0,0.0,0.0,0.0,75.0,0,1,60.04874778107567,1,1,0
IPL26-202,Phil Salt,WICKET_KEEPER,English,1.0,75.0,47.0,0.0,0.0,0.0,75.0,1,1,55.77197271383633,4,0,0
IPL26-203,Josh Hazlewood,BOWLER,Australian,1.5,79.0,35.0,0.0,0.0,0.0,79.0,1,1,38.7702419428326,3,2,0
IPL26-204,Yash Dayal,BOWLER,Indian,1.5,68.0,28.0,0.0,7.0,485.16,68.0,0,1,100.0,3,2,0
IPL26-205,Krunal Pandya,ALL_ROUNDER,Indian,2.0,,35.0,0.0,0.0,0.0,50.0,0,1,16.520378403194123,5,1,0
IPL26-206,Bhuvneshwar Kumar,BOWLER,Indian,2.0,98.0,36.0,0.0,0.0,0.0,98.0,0,1,80.87267157605187,3,1,1
IPL26-207,Tim David,BATSMAN,Singaporean,1.5,74.0,26.0,0.0,0.0,0.0,74.0,1,1,63.05776131205687,5,0,0
IPL26-208,Romario Shepherd,ALL_ROUNDER,West Indian,1.0,,31.0,0.0,0.0,0.0,50.0,1,1,29.95024398306023,4,2,0
IPL26-209,Nuwan Thushara,BOWLER,Sri Lankan,1.0,68.0,31.0,0.0,0.0,0.0,68.0,1,1,51.32406184551822,2,0,0
IPL26-210,Swapnil Singh,BOWLER,Indian,1.0,66.0,35.0,74.0,7.0,131.12,66.0,0,1,98.39007816770375,5,1,0
IPL26-211,Jacob Bethell,BATSMAN,English,1.0,64.0,20.0,0.0,0.0,0.0,64.0,1,1,34.34364772484968,1,2,0
IPL26-212,Devdutt Padikkal,BATSMAN,Indian,1.5,73.0,25.0,0.0,0.0,0.0,73.0,0,1,61.49063773886937,2,0,0
IPL26-213,Suyash Sharma,BOWLER,Indian,0.5,64.0,26.0,0.0,7.0,369.66,64.0,0,1,100.0,4,0,0
IPL26-214,Rasikh Dar,BOWLER,Indian,0.5,71.0,26.0,0.0,0.0,0.0,71.0,0,1,54.76542829786099,3,0,0
IPL26-215,Jitesh Sharma,WICKET_KEEPER,Indian,1.5,56.0,32.0,0.0,0.0,0.0,56.0,0,1,30.121284894795558,5,0,0
IPL26-216,Abhinandan Singh,BOWLER,Indian,0.25,59.0,26.0,0.0,3.0,38.42,59.0,0,1,95.98669304883143,1,0,0
IPL26-217,Venkatesh Iyer,ALL_ROUNDER,Indian,1.5,,35.0,0.0,0.0,0.0,50.0,0,1,57.600530449831595,0,0,0
IPL26-218,Jordan Cox,WICKET_KEEPER,English,1.0,80.0,34.0,0.0,0.0,0.0,80.0,1,1,72.08639995556446,0,0,0
IPL26-219,Mangesh Yadav,BOWLER,Indian,0.25,65.0,26.0,0.0,0.0,0.0,65.0,0,1,29.77697860091314,2,2,0
IPL26-220,Vicky Kanhaiya Ostwal,BOWLER,Indian,0.5,74.0,26.0,0.0,0.0,0.0,74.0,0,1,61.51678424228288,3,0,0
IPL26-221,Kanishk Chouhan,BATSMAN,Indian,0.25,50.0,26.0,0.0,0.0,0.0,50.0,0,1,7.814991113588841,0,0,0
IPL26-222,Vihaan Malhotra,BATSMAN,Indian,0.25,50.0,19.0,0.0,0.0,0.0,50.0,0,1,43.36056001011084,2,1,0
IPL26-223,Satvik Deswal,BOWLER,Indian,0.25,77.0,26.0,0.0,0.0,0.0,77.0,0,1,66.48555767559611,4,0,0
IPL26-224,Yash Raj Punja,BOWLER,Indian,0.25,68.0,26.0,0.0,9.0,128.95,68.0,0,1,98.93749317654418,2,1,0
IPL26-225,Pat Cummins,ALL_ROUNDER,Australian,2.0,,33.0,0.0,0.0,0.0,50.0,1,1,23.584507220907682,2,2,0
IPL26-226,Heinrich Klaasen,WICKET_KEEPER,South African,1.5,80.0,26.0,0.0,0.0,0.0,80.0,1,1,77.43443517017408,2,0,0
IPL26-227,Travis Head,BATSMAN,Australian,1.5,75.0,32.0,0.0,0.0,0.0,75.0,1,1,51.07344401398664,1,2,0
IPL26-228,Abhishek Sharma,ALL_ROUNDER,Indian,1.5,,26.0,434.0,1.0,1410.48,50.0,0,1,100.0,2,0,0
IPL26-229,Nitish Kumar Reddy,ALL_ROUNDER,Indian,1.0,,23.0,0.0,0.0,0.0,50.0,0,1,40.73505282690438,5,1,0
IPL26-230,Ishan Kishan,WICKET_KEEPER,Indian,2.0,78.0,27.0,389.0,0.0,1062.44,78.0,0,1,93.63141299637275,2,2,0
IPL26-231,Harshal Patel,BOWLER,Indian,2.0,88.0,35.0,0.0,0.0,0.0,88.0,0,1,98.12700121881971,1,1,1
IPL26-232,Jaydev Unadkat,BOWLER,Indian,2.0,81.0,33.0,0.0,0.0,0.0,81.0,0,1,54.86048901600331,1,1,0
IPL26-233,Zeeshan Ansari,BOWLER,Indian,0.5,59.0,26.0,0.0,6.0,99.75,59.0,0,1,97.57232980680251,4,0,0
IPL26-234,Brydon Carse,BOWLER,English,1.0,72.0,30.0,0.0,0.0,0.0,72.0,1,1,41.314183126771255,3,2,0
IPL26-235,Kamindu Mendis,BATSMAN,Sri Lankan,1.0,65.0,27.0,0.0,0.0,0.0,65.0,1,1,28.527860901109726,0,0,0
IPL26-236,Harsh Dubey,BOWLER,Indian,0.5,70.0,23.0,13.0,12.0,174.77,70.0,0,1,100.0,0,0,0
IPL26-237,Aniket Verma,BATSMAN,Indian,0.25,66.0,24.0,117.0,0.0,403.65,66.0,0,1,97.03337555185033,2,0,0
IPL26-238,Eshan Malinga,BOWLER,Sri Lankan,0.25,74.0,25.0,0.0,0.0,0.0,74.0,1,1,39.07053842240572,4,0,0
IPL26-239,Smaran Ravichandaran,BATSMAN,Indian,0.25,73.0,26.0,0.0,0.0,0.0,73.0,0,1,56.80812320526607,2,1,0
IPL26-240,Liam Livingstone,ALL_ROUNDER,English,1.5,,32.0,0.0,0.0,0.0,50.0,1,1,40.59063780415104,0,0,0
IPL26-241,Salil Arora,WICKET_KEEPER,Indian,0.25,68.0,23.0,35.0,0.0,31.36,68.0,0,1,91.45672876428688,1,2,0
IPL26-242,Jack Edwards,ALL_ROUNDER,Australian,1.0,,26.0,0.0,0.0,0.0,50.0,1,1,37.88572620918305,3,2,0
IPL26-243,Shivam Mavi,BOWLER,Indian,1.5,64.0,27.0,0.0,12.0,0.0,64.0,0,1,63.400703758670886,4,1,0
IPL26-244,Amit Kumar,BOWLER,Indian,0.25,56.0,26.0,0.0,1.0,0.0,56.0,0,1,43.98191246518649,1,2,0
IPL26-245,Onkar Tarmale,ALL_ROUNDER,Indian,0.25,,26.0,0.0,0.0,0.0,50.0,0,1,54.40490978678534,3,0,0
IPL26-246,Sakib Hussain,BOWLER,Indian,0.25,71.0,21.0,0.0,11.0,221.1,71.0,0,1,94.71301071128052,4,1,0
IPL26-247,Praful Hinge,BOWLER,Indian,0.25,70.0,26.0,0.0,0.0,0.0,70.0,0,1,49.18005170316833,4,0,0
IPL26-248,Shivang Kumar,BOWLER,Indian,0.25,63.0,26.0,53.0,5.0,185.9,63.0,0,1,95.65373822392041,0,0,0
IPL26-249,Krains Fuletra,BOWLER,Indian,0.25,55.0,26.0,0.0,0.0,0.0,55.0,0,1,74.08771166806102,1,1,0
IPL26-250,Jake Fraser-McGurk,BATSMAN,Australian,1.0,71.0,23.0,0.0,0.0,0.0,71.0,1,1,62.30042100169919,4,0,0
IPL26-251,Devon Conway,WICKET_KEEPER,New Zealander,1.5,76.0,26.0,0.0,0.0,0.0,76.0,1,1,39.11883992066206,5,2,0
IPL26-252,Gus Atkinson,BOWLER,English,1.0,80.0,28.0,0.0,0.0,0.0,80.0,1,1,38.2046109954944,4,2,0
IPL26-253,Jamie Smith,WICKET_KEEPER,English,1.0,71.0,37.0,0.0,0.0,0.0,71.0,1,1,60.5659528211019,3,1,0
IPL26-254,Deepak Hooda,ALL_ROUNDER,Indian,2.0,,31.0,0.0,0.0,0.0,50.0,0,1,35.984179241673814,0,0,0
IPL26-255,Wiaan Mulder,BOWLER,South African,1.0,50.0,28.0,0.0,0.0,0.0,50.0,1,1,46.926179063778704,2,0,0
IPL26-256,Rahmanullah Gurbaz,WICKET_KEEPER,Afghan,1.0,67.0,24.0,233.0,0.0,183.09,67.0,1,1,100.0,0,0,0
IPL26-257,Jonny Bairstow,WICKET_KEEPER,English,1.5,75.0,36.0,0.0,0.0,0.0,75.0,1,1,66.99449154655184,2,2,0
IPL26-258,K.S. Bharat,WICKET_KEEPER,Indian,1.5,67.0,26.0,0.0,0.0,0.0,67.0,0,1,49.096163796056494,1,0,0
IPL26-259,Gerald Coetzee,BOWLER,South African,1.0,67.0,25.0,0.0,0.0,0.0,67.0,1,1,36.54759537602089,1,2,0
IPL26-260,Spencer Johnson,BOWLER,Australian,1.0,57.0,38.0,0.0,0.0,0.0,57.0,1,1,18.770380827705267,4,2,0
IPL26-261,Fazalhaq Farooqi,BOWLER,Afghan,1.0,63.0,25.0,0.0,18.0,34.22,63.0,1,1,93.15818453972989,5,1,0
IPL26-262,Maheesh Theekshana,BOWLER,Sri Lankan,1.0,71.0,25.0,0.0,0.0,0.0,71.0,1,1,45.299702216209255,1,1,0
IPL26-263,Mujeeb Ur Rahman,BOWLER,Afghan,2.0,67.0,25.0,0.0,7.0,8.29,67.0,1,1,91.04525896878077,4,2,0
IPL26-264,Aarya Desai,BATSMAN,Indian,0.25,55.0,23.0,99.0,0.0,0.0,55.0,0,1,48.240496070574906,0,0,0
IPL26-265,Yash Dhull,BATSMAN,Indian,0.5,55.0,23.0,0.0,0.0,0.0,55.0,0,1,35.90454508821911,1,0,0
IPL26-266,Abhinav Manohar,BATSMAN,Indian,0.5,62.0,31.0,0.0,0.0,0.0,62.0,0,1,25.916357543191342,0,0,0
IPL26-267,Anmolpreet Singh,BATSMAN,Indian,1.0,63.0,28.0,344.0,0.0,4.93,63.0,0,1,70.56035995156196,0,0,0
IPL26-268,Atharva Taide,BATSMAN,Indian,0.5,68.0,26.0,326.0,0.0,59.39,68.0,0,1,97.33072535303982,5,0,0
IPL26-269,Mahipal Lomror,BATSMAN,Indian,1.5,65.0,26.0,0.0,0.0,0.0,65.0,0,1,44.32831431950723,1,0,0
IPL26-270,Vijay Shankar,ALL_ROUNDER,Indian,2.0,,35.0,0.0,0.0,0.0,50.0,0,1,40.0994938822819,0,0,0
IPL26-271,Tanush Kotian,BATSMAN,Indian,0.5,61.0,27.0,75.0,14.0,18.32,61.0,0,1,99.94138248395403,5,2,0
IPL26-272,Kamlesh Nagarkoti,BOWLER,Indian,1.5,57.0,26.0,0.0,0.0,0.0,57.0,0,1,21.43797675799919,5,0,0
IPL26-273,Ruchit Ahir,BATSMAN,Indian,0.25,74.0,26.0,0.0,0.0,0.0,74.0,0,1,54.43872811410201,1,1,0
IPL26-274,Sanvir Singh,BATSMAN,Indian,0.5,60.0,29.0,103.0,4.0,20.67,60.0,0,1,100.0,5,0,0
IPL26-275,Vansh Bedi,WICKET_KEEPER,Indian,0.25,50.0,23.0,0.0,0.0,0.0,50.0,0,1,38.98400537103927,1,0,0
IPL26-276,Raj Limbani,BOWLER,Indian,0.25,75.0,26.0,0.0,0.0,0.0,75.0,0,1,31.672843850807297,1,0,0
IPL26-277,Simarjeet Singh,BOWLER,Indian,1.0,65.0,28.0,0.0,9.0,87.74,65.0,0,1,100.0,2,1,0
IPL26-278,Akash Madhwal,BOWLER,Indian,1.0,68.0,32.0,0.0,10.0,143.34,68.0,0,1,100.0,0,0,0
IPL26-279,Karn Sharma,BOWLER,Indian,2.0,80.0,38.0,0.0,0.0,0.0,80.0,0,1,60.951983412990366,3,1,0
IPL26-280,Sean Abbott,BOWLER,Australian,1.0,54.0,34.0,0.0,0.0,0.0,54.0,1,1,49.74613434629695,1,2,0
IPL26-281,Michael Bracewell,ALL_ROUNDER,New Zealander,1.0,,35.0,0.0,0.0,0.0,50.0,1,1,48.94217090203254,0,0,0
IPL26-282,Daryl Mitchell,BATSMAN,New Zealander,1.0,67.0,26.0,0.0,0.0,0.0,67.0,1,1,60.26836426437477,5,2,0
IPL26-283,Dasun Shanaka,BATSMAN,Sri Lankan,1.5,62.0,34.0,0.0,0.0,0.0,62.0,1,1,12.037892850912334,4,0,0
IPL26-284,Chetan Sakariya,BOWLER,Indian,1.5,70.0,27.0,0.0,0.0,0.0,70.0,0,1,37.078358573768725,1,0,0
IPL26-285,Waqar Salamkheil,BOWLER,Afghan,1.0,72.0,29.0,0.0,10.0,0.0,72.0,1,1,59.50180108434998,5,1,0
IPL26-286,Taskin Ahmed,BOWLER,Bangladeshi,1.0,80.0,31.0,0.0,12.0,0.0,80.0,1,1,62.55322460735254,5,0,0
IPL26-287,Alzarri Joseph,BOWLER,West Indian,1.5,68.0,29.0,0.0,0.0,0.0,68.0,1,1,50.50764324391254,5,1,0
IPL26-288,Riley Meredith,BOWLER,Australian,1.0,69.0,29.0,0.0,0.0,0.0,69.0,1,1,100.0,5,2,0
IPL26-289,Jhye Richardson,BOWLER,Australian,1.5,58.0,29.0,0.0,0.0,0.0,58.0,1,1,36.78488312379253,5,2,0
IPL26-290,Daniel Lawrence,BATSMAN,English,1.0,79.0,26.0,0.0,0.0,0.0,79.0,1,1,77.60489837807417,1,0,0
IPL26-291,Murugan Ashwin,BOWLER,Indian,1.5,72.0,35.0,0.0,0.0,0.0,72.0,0,1,65.37284157584372,3,1,0
IPL26-292,William Sutherland,ALL_ROUNDER,Australian,1.0,,26.0,0.0,0.0,0.0,50.0,1,1,42.25664291135416,2,0,0
IPL26-293,Kartikeya Singh,BOWLER,Indian,0.5,79.0,26.0,0.0,0.0,0.0,79.0,0,1,52.79943628109381,5,1,0
IPL26-294,Shivam Shukla,BOWLER,Indian,0.25,63.0,26.0,0.0,2.0,0.0,63.0,0,1,55.85091313370059,5,1,0
IPL26-295,Wahidullah Zadran,BOWLER,Afghan,1.0,62.0,26.0,0.0,2.0,0.0,62.0,1,1,26.693747559292877,2,1,0
IPL26-296,KC Cariappa,BOWLER,Indian,0.5,59.0,32.0,0.0,9.0,0.0,59.0,0,1,35.20169631803302,1,2,0
IPL26-297,Sediqullah Atal,BATSMAN,Afghan,1.0,64.0,24.0,244.0,0.0,14.99,64.0,1,1,100.0,0,0,0
IPL26-298,Nathan Smith,BOWLER,New Zealander,1.0,53.0,26.0,8.0,1.0,0.0,53.0,1,1,26.473906138940798,4,2,0
IPL26-299,Manan Vohra,BATSMAN,Indian,1.5,68.0,32.0,0.0,0.0,0.0,68.0,0,1,51.129646302802556,4,1,0
IPL26-300,Jacob Duffy,BOWLER,New Zealander,1.0,67.0,25.0,0.0,0.0,0.0,67.0,1,1,77.0802720028444,0,0,0
IPL26-001,MS Dhoni,WICKET_KEEPER,Indian,2.0,76.0,44.0,150.0,0.0,492.22,76.0,0,1,97.04662719057573,3,2,0
IPL26-002,Ruturaj Gaikwad,BATSMAN,Indian,2.0,79.0,29.0,0.0,0.0,0.0,79.0,0,1,69.58874378297764,4,1,0
IPL26-003,Sanju Samson,WICKET_KEEPER,Indian,2.0,85.0,31.0,0.0,0.0,0.0,85.0,0,1,61.528498165949564,1,0,1
IPL26-004,Shivam Dube,ALL_ROUNDER,Indian,2.0,,32.0,0.0,0.0,0.0,50.0,0,1,38.92380068146207,5,2,0
IPL26-005,Ayush Mhatre,BATSMAN,Indian,0.25,73.0,18.0,0.0,0.0,0.0,73.0,0,1,74.92617838032433,0,0,0
IPL26-006,Dewald Brevis,BATSMAN,South African,1.0,68.0,23.0,0.0,0.0,0.0,68.0,1,1,40.25933385667939,0,0,0
IPL26-007,Urvil Patel,WICKET_KEEPER,Indian,0.25,69.0,27.0,197.0,0.0,268.05,69.0,0,1,99.92950517046664,3,2,0
IPL26-008,Noor Ahmad,BOWLER,Afghan,1.5,76.0,21.0,0.0,12.0,701.28,76.0,1,1,99.68675888939089,4,1,1
IPL26-009,Nathan Ellis,BOWLER,Australian,1.0,71.0,26.0,0.0,0.0,0.0,71.0,1,1,48.69414688779594,4,1,0
IPL26-010,Shreyas Gopal,BOWLER,Indian,2.0,76.0,32.0,0.0,0.0,0.0,76.0,0,1,80.11071796107518,3,2,0
IPL26-011,Khaleel Ahmed,BOWLER,Indian,2.0,80.0,26.0,0.0,0.0,0.0,80.0,0,1,75.5014936853548,0,0,0
IPL26-012,Ramakrishna Ghosh,BOWLER,Indian,0.25,55.0,28.0,0.0,0.0,0.0,55.0,0,1,32.57542729121256,1,1,0
IPL26-013,Mukesh Choudhary,BOWLER,Indian,1.5,68.0,30.0,0.0,9.0,140.19,68.0,0,1,94.746883390861,0,0,0
IPL26-014,Jamie Overton,ALL_ROUNDER,English,1.0,,32.0,0.0,0.0,0.0,50.0,1,1,42.48226315674332,4,1,0
IPL26-015,Gurjapneet Singh,BOWLER,Indian,0.5,58.0,27.0,0.0,4.0,99.53,58.0,0,1,94.06831786445073,5,2,0
IPL26-016,Anshul Kamboj,ALL_ROUNDER,Indian,0.5,,31.0,0.0,0.0,0.0,50.0,0,1,25.988014048501743,0,0,0
IPL26-017,Prashant Veer,BATSMAN,Indian,0.25,73.0,20.0,0.0,0.0,0.0,73.0,0,1,49.112747619960494,1,0,0
IPL26-018,Kartik Sharma,WICKET_KEEPER,Indian,0.25,70.0,26.0,277.0,0.0,292.84,70.0,0,1,90.44341554168747,2,1,0
IPL26-019,Rahul Chahar,BOWLER,Indian,2.0,78.0,26.0,0.0,0.0,0.0,78.0,0,1,62.094330306137564,0,0,0
IPL26-020,Akeal Hosein,BOWLER,West Indian,1.0,71.0,33.0,0.0,0.0,0.0,71.0,1,1,19.958315763331452,3,1,0
IPL26-021,Matt Henry,BOWLER,New Zealander,1.0,54.0,47.0,0.0,0.0,0.0,54.0,1,1,4.332406222627633,2,0,0
IPL26-022,Matthew Short,BATSMAN,Australian,1.0,64.0,26.0,0.0,0.0,0.0,64.0,1,1,42.31994871488044,3,1,0
IPL26-023,Sarfaraz Khan,BATSMAN,Indian,1.0,67.0,26.0,0.0,0.0,0.0,67.0,0,1,28.539137491796545,3,2,0
IPL26-024,Zak Foulkes,BOWLER,English,1.0,81.0,24.0,0.0,0.0,0.0,81.0,1,1,61.68182534333886,3,2,0
IPL26-025,Aman Khan,BOWLER,Indian,0.25,64.0,26.0,24.0,6.0,0.0,64.0,0,1,30.758113567207307,0,0,0
IPL26-026,KL Rahul,WICKET_KEEPER,Indian,2.0,87.0,34.0,482.0,0.0,1380.75,87.0,0,1,100.0,4,0,0
IPL26-027,Axar Patel,ALL_ROUNDER,Indian,2.0,,32.0,0.0,0.0,0.0,50.0,0,1,8.107201549919992,2,1,0
IPL26-028,Kuldeep Yadav,BOWLER,Indian,2.0,77.0,26.0,0.0,8.0,718.52,77.0,0,1,100.0,1,1,0
IPL26-029,T. Natarajan,BOWLER,Indian,2.0,75.0,26.0,0.0,0.0,0.0,75.0,0,1,79.63960984364375,4,1,0
IPL26-030,Mitchell Starc,BOWLER,Australian,1.5,80.0,36.0,0.0,0.0,0.0,80.0,1,1,45.72229889404481,0,0,0
IPL26-031,Tristan Stubbs,WICKET_KEEPER,South African,1.5,77.0,25.0,0.0,0.0,0.0,77.0,1,1,55.365588252783816,3,0,0
IPL26-032,Mukesh Kumar,BOWLER,Indian,1.5,67.0,26.0,0.0,6.0,521.18,67.0,0,1,97.1907895032415,1,0,0
IPL26-033,Nitish Rana,BATSMAN,Indian,2.0,76.0,32.0,0.0,0.0,0.0,76.0,0,1,37.02558197394526,2,0,0
IPL26-034,Abishek Porel,WICKET_KEEPER,Indian,1.0,69.0,23.0,235.0,0.0,743.92,69.0,0,1,86.87591471812944,4,2,0
IPL26-035,Ashutosh Sharma,BATSMAN,Indian,0.5,72.0,26.0,230.0,0.0,869.41,72.0,0,1,100.0,5,0,0
IPL26-036,Sameer Rizvi,BATSMAN,Indian,0.5,71.0,22.0,310.0,0.0,503.63,71.0,0,1,100.0,4,0,0
IPL26-037,Karun Nair,BATSMAN,Indian,1.5,70.0,34.0,0.0,0.0,0.0,70.0,0,1,42.57864315171071,1,0,0
IPL26-038,Dushmantha Chameera,BOWLER,Sri Lankan,1.0,61.0,34.0,0.0,0.0,0.0,61.0,1,1,48.57167742774372,0,0,0
IPL26-039,Vipraj Nigam,ALL_ROUNDER,Indian,0.5,,21.0,0.0,0.0,0.0,50.0,0,1,24.45336660272858,2,1,0
IPL26-040,Ajay Mandal,ALL_ROUNDER,Indian,0.25,,26.0,149.0,10.0,0.0,50.0,0,1,39.9892034981271,1,1,0
IPL26-041,Madhav Tiwari,BOWLER,Indian,0.25,70.0,22.0,0.0,0.0,0.0,70.0,0,1,45.73448513357603,3,2,0
IPL26-042,Tripurana Vijay,BOWLER,Indian,0.25,50.0,24.0,0.0,0.0,0.0,50.0,0,1,26.278043875422757,2,2,0
IPL26-043,Auqib Nabi Dar,ALL_ROUNDER,Indian,0.25,,26.0,0.0,0.0,0.0,50.0,0,1,20.266772049724306,4,0,0
IPL26-044,Pathum Nissanka,BATSMAN,Sri Lankan,1.0,69.0,28.0,0.0,0.0,0.0,69.0,1,1,74.40519554760955,1,1,0
IPL26-045,David Miller,BATSMAN,South African,2.0,80.0,26.0,0.0,0.0,0.0,80.0,1,1,55.66698167035828,4,2,0
IPL26-046,Ben Duckett,BATSMAN,English,1.0,84.0,31.0,0.0,0.0,0.0,84.0,1,1,44.699265567164005,4,1,0
IPL26-047,Lungi Ngidi,BOWLER,South African,1.5,77.0,30.0,0.0,0.0,0.0,77.0,1,1,62.58539385983291,4,2,0
IPL26-048,Kyle Jamieson,ALL_ROUNDER,New Zealander,1.5,,26.0,0.0,0.0,0.0,50.0,1,1,11.307987997009551,0,0,0
IPL26-049,Prithvi Shaw,BATSMAN,Indian,2.0,72.0,26.0,0.0,0.0,0.0,72.0,0,1,46.7096160389394,4,0,0
IPL26-050,Sahil Parakh,BATSMAN,Indian,0.25,61.0,26.0,0.0,0.0,0.0,61.0,0,1,12.55953076252192,3,0,0
IPL26-051,Shubman Gill,BATSMAN,Indian,2.0,84.0,26.0,435.0,0.0,1502.36,84.0,0,1,99.81834695978829,3,2,0
IPL26-052,Rashid Khan,ALL_ROUNDER,Afghan,2.0,,26.0,86.0,13.0,1036.91,50.0,1,1,100.0,2,0,0
IPL26-053,Jos Buttler,WICKET_KEEPER,English,2.0,86.0,35.0,0.0,0.0,0.0,86.0,1,1,43.46655141642358,5,2,0
IPL26-054,Kagiso Rabada,BOWLER,South African,2.0,89.0,31.0,0.0,0.0,0.0,89.0,1,1,87.33722038893937,4,2,0
IPL26-055,Mohammed Siraj,BOWLER,Indian,2.0,79.0,32.0,0.0,12.0,835.35,79.0,0,1,100.0,4,1,0
IPL26-056,Sai Sudharsan,BATSMAN,Indian,1.5,83.0,24.0,487.0,0.0,1572.25,83.0,0,1,93.77728749957639,1,0,1
IPL26-057,Prasidh Krishna,BOWLER,Indian,2.0,77.0,30.0,0.0,12.0,571.61,77.0,0,1,100.0,0,0,0
IPL26-058,Washington Sundar,ALL_ROUNDER,Indian,2.0,,26.0,240.0,4.0,670.48,50.0,0,1,96.95996928531338,5,0,0
IPL26-059,Rahul Tewatia,ALL_ROUNDER,Indian,2.0,,33.0,0.0,0.0,0.0,50.0,0,1,36.00460006639408,2,1,0
IPL26-060,Shahrukh Khan,BATSMAN,Indian,1.5,66.0,26.0,144.0,0.0,378.48,66.0,0,1,93.29963964438032,5,1,0
IPL26-061,R. Sai Kishore,BOWLER,Indian,1.5,75.0,26.0,0.0,0.0,0.0,75.0,0,1,59.73160767164583,4,1,0
IPL26-062,Glenn Phillips,BATSMAN,New Zealander,1.5,61.0,26.0,0.0,0.0,0.0,61.0,1,1,35.858374588828525,1,0,0
IPL26-063,Jayant Yadav,BOWLER,Indian,2.0,61.0,36.0,0.0,0.0,0.0,61.0,0,1,41.32257468628669,0,0,0
IPL26-064,Anuj Rawat,WICKET_KEEPER,Indian,0.5,66.0,26.0,282.0,0.0,109.12,66.0,0,1,100.0,2,0,0
IPL26-065,Kumar Kushagra,WICKET_KEEPER,Indian,0.5,56.0,21.0,21.0,0.0,18.97,56.0,0,1,100.0,5,1,0
IPL26-066,Gurnoor Singh Brar,BOWLER,Indian,0.5,65.0,26.0,0.0,0.0,0.0,65.0,0,1,18.56023631411807,2,1,0
IPL26-067,Nishant Sindhu,BATSMAN,Indian,0.5,61.0,22.0,0.0,0.0,0.0,61.0,0,1,32.57916492753942,4,2,0
IPL26-068,Manav Suthar,BOWLER,Indian,0.25,58.0,23.0,0.0,0.0,0.0,58.0,0,1,34.25268951881469,2,1,0
IPL26-069,Ishant Sharma,BOWLER,Indian,1.5,78.0,37.0,0.0,0.0,0.0,78.0,0,1,71.48594251776392,1,2,0
IPL26-070,Arshad Khan,BOWLER,Indian,0.5,64.0,26.0,0.0,9.0,357.1,64.0,0,1,96.14114021303563,2,0,0
IPL26-071,Jason Holder,ALL_ROUNDER,West Indian,1.5,,41.0,0.0,0.0,0.0,50.0,1,1,43.20187767240679,3,1,0
IPL26-072,Tom Banton,WICKET_KEEPER,English,1.0,58.0,27.0,0.0,0.0,0.0,58.0,1,1,12.69187704821926,1,0,0
IPL26-073,Ashok Sharma,BOWLER,Indian,0.25,64.0,26.0,0.0,6.0,94.13,64.0,0,1,100.0,5,0,0
IPL26-074,Luke Wood,BOWLER,English,1.0,50.0,26.0,0.0,0.0,0.0,50.0,1,1,30.750879481782285,0,0,0
IPL26-075,Prithvi Raj,BOWLER,Indian,0.25,73.0,26.0,3.0,0.0,0.0,73.0,0,1,41.12734346114428,0,0,0
IPL26-076,Sunil Narine,ALL_ROUNDER,West Indian,2.0,,37.0,0.0,0.0,0.0,50.0,1,1,16.998921122950065,4,1,0
IPL26-077,Varun Chakravarthy,BOWLER,Indian,2.0,85.0,34.0,0.0,0.0,0.0,85.0,0,1,73.55503739566304,4,0,0
IPL26-078,Rinku Singh,BATSMAN,Indian,1.5,74.0,37.0,0.0,0.0,0.0,74.0,0,1,64.14389280335253,3,2,0
IPL26-079,Harshit Rana,BOWLER,Indian,1.0,73.0,24.0,0.0,10.0,541.9,73.0,0,1,99.95077595674809,5,1,0
IPL26-080,Angkrish Raghuvanshi,BATSMAN,Indian,0.5,73.0,22.0,0.0,0.0,0.0,73.0,0,1,58.52667584640049,0,0,0
IPL26-081,Ramandeep Singh,ALL_ROUNDER,Indian,1.5,,26.0,100.0,6.0,355.97,50.0,0,1,94.39976288765064,0,0,0
IPL26-082,Ajinkya Rahane,BATSMAN,Indian,2.0,84.0,38.0,0.0,0.0,0.0,84.0,0,1,54.76629339304479,0,0,0
IPL26-083,Rovman Powell,BATSMAN,West Indian,1.5,67.0,32.0,0.0,0.0,0.0,67.0,1,1,45.380766963621255,0,0,0
IPL26-084,Vaibhav Arora,BOWLER,Indian,1.5,73.0,28.0,0.0,0.0,0.0,73.0,0,1,56.00956764411912,2,2,0
IPL26-085,Manish Pandey,BATSMAN,Indian,2.0,79.0,26.0,0.0,0.0,0.0,79.0,0,1,68.54435536145063,5,0,0
IPL26-086,Anukul Roy,BOWLER,Indian,0.5,69.0,27.0,0.0,0.0,0.0,69.0,0,1,36.675368674690596,1,2,0
IPL26-087,Umran Malik,BOWLER,Indian,1.5,65.0,26.0,0.0,5.0,0.0,65.0,0,1,40.348774120336174,1,0,0
IPL26-088,Cameron Green,ALL_ROUNDER,Australian,1.0,,26.0,0.0,0.0,0.0,50.0,1,1,16.627567848136035,3,1,0
IPL26-089,Matheesha Pathirana,BOWLER,Sri Lankan,1.5,77.0,24.0,0.0,0.0,0.0,77.0,1,1,43.69812909551156,2,0,1
IPL26-090,Mustafizur Rahman,BOWLER,Bangladeshi,1.5,77.0,30.0,0.0,13.0,258.07,77.0,1,1,97.51734132259016,0,0,0
IPL26-091,Tejasvi Singh,BATSMAN,Indian,0.25,78.0,26.0,0.0,0.0,0.0,78.0,0,1,64.42042520598906,0,0,0
IPL26-092,Finn Allen,BATSMAN,New Zealander,1.0,74.0,27.0,0.0,0.0,0.0,74.0,1,1,75.682818617894,4,0,0
IPL26-093,Rachin Ravindra,BATSMAN,New Zealander,1.0,67.0,26.0,0.0,0.0,0.0,67.0,1,1,41.802173323165746,4,2,0
IPL26-094,Tim Seifert,WICKET_KEEPER,New Zealander,1.0,58.0,24.0,0.0,0.0,0.0,58.0,1,1,50.461730274074355,3,2,0
IPL26-095,Akash Deep,BOWLER,Indian,1.0,58.0,26.0,0.0,5.0,74.49,58.0,0,1,100.0,0,0,0
IPL26-096,Rahul Tripathi,BATSMAN,Indian,2.0,73.0,26.0,0.0,0.0,0.0,73.0,0,1,62.56011751854335,3,0,0
IPL26-097,Prashant Solanki,BOWLER,Indian,0.25,75.0,26.0,0.0,0.0,0.0,75.0,0,1,46.11307524218039,2,0,0
IPL26-098,Kartik Tyagi,BOWLER,Indian,1.0,71.0,25.0,0.0,15.0,267.17,71.0,0,1,93.64040499443638,1,0,0
IPL26-099,Sarthak Ranjan,BATSMAN,Indian,0.25,59.0,29.0,61.0,0.0,0.0,59.0,0,1,45.477916919979506,0,0,0
IPL26-100,Daksh Kamra,BATSMAN,Indian,0.25,50.0,26.0,0.0,0.0,0.0,50.0,0,1,58.38383495092717,5,1,0
IPL26-101,Rishabh Pant,WICKET_KEEPER,Indian,2.0,82.0,28.0,0.0,0.0,0.0,82.0,0,1,59.58444108452305,2,0,0
IPL26-102,Nicholas Pooran,WICKET_KEEPER,West Indian,2.0,77.0,30.0,0.0,0.0,0.0,77.0,1,1,87.22522528714367,0,0,0
IPL26-103,Mayank Yadav,BOWLER,Indian,1.0,63.0,26.0,0.0,0.0,0.0,63.0,0,1,10.16754988624487,5,2,0
IPL26-104,Mohammed Shami,BOWLER,Indian,2.0,77.0,36.0,0.0,9.0,366.12,77.0,0,1,100.0,4,2,0
IPL26-105,Mohsin Khan,BOWLER,Indian,1.5,75.0,38.0,0.0,13.0,341.0,75.0,0,1,100.0,3,0,0
IPL26-106,Ayush Badoni,BATSMAN,Indian,0.5,70.0,26.0,0.0,0.0,0.0,70.0,0,1,65.26549606465842,4,2,0
IPL26-107,Avesh Khan,BOWLER,Indian,1.5,73.0,29.0,0.0,9.0,614.92,73.0,0,1,100.0,1,0,0
IPL26-108,Abdul Samad,BATSMAN,Indian,1.5,66.0,26.0,124.0,10.0,652.13,66.0,0,1,100.0,4,1,0
IPL26-109,Mitchell Marsh,ALL_ROUNDER,Australian,1.5,,34.0,0.0,0.0,0.0,50.0,1,1,28.799535484621504,0,0,0
IPL26-110,Aiden Markram,ALL_ROUNDER,South African,1.5,,31.0,0.0,0.0,0.0,50.0,1,1,23.27217556037268,5,1,0
IPL26-111,Shahbaz Ahmed,ALL_ROUNDER,Indian,1.5,,26.0,168.0,7.0,458.64,50.0,0,1,100.0,4,2,0
IPL26-112,Matthew Breetzke,BATSMAN,South African,1.0,61.0,27.0,0.0,0.0,0.0,61.0,1,1,35.92360453830145,0,0,0
IPL26-113,Digvesh Rathi,BOWLER,Indian,0.5,65.0,26.0,0.0,0.0,0.0,65.0,0,1,14.470171704165644,1,0,0
IPL26-114,Himmat Singh,BATSMAN,Indian,0.5,66.0,29.0,173.0,0.0,101.92,66.0,0,1,100.0,5,0,0
IPL26-115,Arshin Kulkarni,BATSMAN,Indian,0.25,56.0,26.0,0.0,0.0,0.0,56.0,0,1,21.748652426610917,4,0,0
IPL26-116,Manimaran Siddharth,BOWLER,Indian,0.5,68.0,27.0,0.0,0.0,0.0,68.0,0,1,61.02909908164877,3,2,0
IPL26-117,Akash Singh,BOWLER,Indian,0.25,67.0,39.0,0.0,9.0,96.39,67.0,0,1,100.0,3,1,0
IPL26-118,Arjun Tendulkar,BOWLER,Indian,0.5,64.0,26.0,38.0,8.0,32.51,64.0,0,1,97.70117692084762,5,0,0
IPL26-119,Prince Yadav,BATSMAN,Indian,0.25,52.0,24.0,5.0,0.0,347.54,52.0,0,1,100.0,3,2,0
IPL26-120,Josh Inglis,WICKET_KEEPER,Australian,1.0,74.0,31.0,0.0,0.0,0.0,74.0,1,1,76.18414930565437,4,1,0
IPL26-121,Akshat Raghuwanshi,BATSMAN,Indian,0.25,59.0,22.0,53.0,0.0,22.82,59.0,0,1,100.0,4,0,0
IPL26-122,Mukul Choudhary,BATSMAN,Indian,0.25,71.0,21.0,0.0,0.0,0.0,71.0,0,1,48.139362439745,5,1,0
IPL26-123,Wanindu Hasaranga,BOWLER,Sri Lankan,1.5,76.0,28.0,0.0,0.0,0.0,76.0,1,1,36.87224234068714,4,0,0
IPL26-124,Anrich Nortje,BOWLER,South African,1.5,76.0,32.0,0.0,0.0,0.0,76.0,1,1,51.409956413552834,0,0,0
IPL26-125,Naman Tiwari,BOWLER,Indian,0.25,76.0,26.0,0.0,0.0,0.0,76.0,0,1,68.70289249731488,1,1,0
IPL26-126,Rohit Sharma,BATSMAN,Indian,2.0,54.0,39.0,5.0,0.0,0.0,54.0,0,1,39.34542949748577,3,0,0
IPL26-127,Jasprit Bumrah,BOWLER,Indian,2.0,95.0,32.0,0.0,0.0,0.0,95.0,0,1,63.41273743864534,0,0,1
IPL26-128,Suryakumar Yadav,BATSMAN,Indian,2.0,84.0,35.0,0.0,0.0,0.0,84.0,0,1,80.43969684230451,5,1,0
IPL26-129,Hardik Pandya,ALL_ROUNDER,Indian,2.0,,32.0,0.0,0.0,0.0,50.0,0,1,36.65647233973348,3,0,0
IPL26-130,Tilak Varma,BATSMAN,Indian,1.5,76.0,23.0,324.0,0.0,1185.21,76.0,0,1,96.30114418013517,0,0,1
IPL26-131,Trent Boult,BOWLER,New Zealander,2.0,87.0,36.0,0.0,0.0,0.0,87.0,1,1,74.85662182344218,4,1,1
IPL26-132,Deepak Chahar,BOWLER,Indian,2.0,80.0,26.0,0.0,0.0,0.0,80.0,0,1,47.540840436950475,5,2,0
IPL26-133,Naman Dhir,BATSMAN,Indian,0.5,71.0,26.0,259.0,0.0,863.67,71.0,0,1,100.0,5,1,0
IPL26-134,Will Jacks,ALL_ROUNDER,English,1.5,,27.0,0.0,0.0,0.0,50.0,1,1,26.28609702076459,3,1,0
IPL26-135,Robin Minz,WICKET_KEEPER,Indian,0.5,55.0,23.0,0.0,0.0,0.0,55.0,0,1,35.384041826858855,4,0,0
IPL26-136,Ryan Rickelton,WICKET_KEEPER,South African,1.0,73.0,29.0,0.0,0.0,0.0,73.0,1,1,34.996874388922485,3,0,0
IPL26-137,Shardul Thakur,ALL_ROUNDER,Indian,2.0,,34.0,0.0,0.0,0.0,50.0,0,1,39.28964928473317,2,2,0
IPL26-138,Sherfane Rutherford,BATSMAN,West Indian,1.0,67.0,27.0,0.0,0.0,0.0,67.0,1,1,52.55010608575052,0,0,0
IPL26-139,Mayank Markande,BOWLER,Indian,1.5,72.0,28.0,0.0,0.0,0.0,72.0,0,1,45.13020819858196,2,1,0
IPL26-140,Allah Ghazanfar,BOWLER,Afghan,1.0,70.0,26.0,0.0,0.0,0.0,70.0,1,1,45.50270034363829,0,0,0
IPL26-141,Corbin Bosch,ALL_ROUNDER,South African,1.0,,31.0,0.0,0.0,0.0,50.0,1,1,14.069887568787113,1,2,0
IPL26-142,Mitchell Santner,ALL_ROUNDER,New Zealander,1.5,,34.0,0.0,0.0,0.0,50.0,1,1,23.432705515896384,5,1,0
IPL26-143,Ashwani Kumar,BOWLER,Indian,0.25,73.0,26.0,0.0,17.0,180.0,73.0,0,1,100.0,3,0,0
IPL26-144,Raj Angad Bawa,BATSMAN,Indian,0.5,62.0,23.0,0.0,0.0,0.0,62.0,0,1,35.2655406758678,1,2,0
IPL26-145,Raghu Sharma,BOWLER,Indian,0.25,59.0,26.0,0.0,4.0,37.39,59.0,0,1,94.85094075729077,1,0,0
IPL26-146,Quinton de Kock,WICKET_KEEPER,South African,2.0,79.0,33.0,0.0,0.0,0.0,79.0,1,1,46.34912064144517,5,0,0
IPL26-147,Atharva Ankolekar,ALL_ROUNDER,Indian,1.0,,25.0,78.0,9.0,0.0,50.0,0,1,29.125951540173133,5,2,0
IPL26-148,Mohammad Izhar,BOWLER,Indian,0.25,76.0,26.0,0.0,0.0,0.0,76.0,0,1,58.78232425491086,0,0,0
IPL26-149,Danish Malewar,BATSMAN,Indian,0.25,52.0,26.0,0.0,0.0,0.0,52.0,0,1,59.11423229387461,2,1,0
IPL26-150,Mayank Rawat,BATSMAN,Indian,0.25,56.0,26.0,24.0,0.0,0.0,56.0,0,1,33.92135098254767,4,2,0
IPL26-151,Shreyas Iyer,BATSMAN,Indian,2.0,83.0,31.0,0.0,0.0,0.0,83.0,0,1,72.45948044866194,0,0,0
IPL26-152,Arshdeep Singh,BOWLER,Indian,2.0,78.0,21.0,0.0,12.0,828.89,78.0,0,1,98.52772121205983,4,1,1
IPL26-153,Yuzvendra Chahal,BOWLER,Indian,2.0,100.0,35.0,0.0,0.0,0.0,100.0,0,1,86.14708898913841,1,1,1
IPL26-154,Marco Jansen,ALL_ROUNDER,South African,1.0,,26.0,0.0,0.0,0.0,50.0,1,1,8.86217102321892,4,0,0
IPL26-155,Prabhsimran Singh,WICKET_KEEPER,Indian,1.5,74.0,25.0,0.0,0.0,0.0,74.0,0,1,53.19706204465302,2,1,0
IPL26-156,Harpreet Brar,ALL_ROUNDER,Indian,1.5,,30.0,91.0,13.0,492.23,50.0,0,1,94.95775633726325,0,0,0
IPL26-157,Shashank Singh,BATSMAN,Indian,1.5,73.0,26.0,193.0,0.0,1092.28,73.0,0,1,89.57051061133332,5,0,0
IPL26-158,Azmatullah Omarzai,ALL_ROUNDER,Afghan,1.0,,26.0,225.0,9.0,458.76,50.0,1,1,92.63981463486604,2,1,0
IPL26-159,Nehal Wadhera,BATSMAN,Indian,0.5,68.0,25.0,0.0,0.0,0.0,68.0,0,1,42.0342790246221,2,1,0
IPL26-160,Xavier Bartlett,BOWLER,Australian,1.0,55.0,27.0,0.0,0.0,0.0,55.0,1,1,78.84097982458681,0,0,0
IPL26-161,Lockie Ferguson,BOWLER,New Zealander,1.5,74.0,35.0,0.0,0.0,0.0,74.0,1,1,51.693708464417895,5,0,0
IPL26-162,Marcus Stoinis,ALL_ROUNDER,Australian,1.5,,36.0,0.0,0.0,0.0,50.0,1,1,36.47123275546412,2,0,0
IPL26-163,Mitch Owen,ALL_ROUNDER,Australian,1.0,,22.0,0.0,0.0,0.0,50.0,1,1,18.377218409745723,5,0,0
IPL26-164,Musheer Khan,BOWLER,Indian,0.5,61.0,26.0,0.0,1.0,9.79,61.0,0,1,92.96016785391367,3,2,0
IPL26-165,Priyansh Arya,BATSMAN,Indian,0.5,74.0,25.0,261.0,0.0,912.18,74.0,0,1,100.0,3,0,0
IPL26-166,Vyshak Vijaykumar,BOWLER,Indian,1.5,62.0,26.0,0.0,0.0,0.0,62.0,0,1,25.903699997619952,3,2,0
IPL26-167,Yash Thakur,BOWLER,Indian,0.5,67.0,26.0,0.0,8.0,223.54,67.0,0,1,99.26397360657201,4,2,0
IPL26-168,Pyla Avinash,BATSMAN,Indian,0.25,63.0,25.0,0.0,0.0,0.0,63.0,0,1,62.96655401072592,2,0,0
IPL26-169,Harnoor Pannu,BATSMAN,Indian,0.25,64.0,26.0,0.0,0.0,0.0,64.0,0,1,63.45798452098069,0,0,0
IPL26-170,Vishnu Vinod,WICKET_KEEPER,Indian,1.0,62.0,32.0,226.0,0.0,15.19,62.0,0,1,98.89478768231474,0,0,0
IPL26-171,Suryansh Shedge,BATSMAN,Indian,0.25,67.0,23.0,165.0,0.0,226.14,67.0,0,1,100.0,4,0,0
IPL26-172,Cooper Connolly,BATSMAN,Australian,1.0,75.0,22.0,0.0,0.0,0.0,75.0,1,1,67.82846379930223,0,0,0
IPL26-173,Ben Dwarshuis,BOWLER,Australian,1.0,56.0,31.0,0.0,0.0,0.0,56.0,1,1,34.31973635444888,3,0,0
IPL26-174,Praveen Dubey,BOWLER,Indian,0.25,59.0,32.0,0.0,0.0,0.0,59.0,0,1,49.545133341946354,2,1,0
IPL26-175,Vishal Nishad,BOWLER,Indian,0.25,51.0,26.0,0.0,0.0,0.0,51.0,0,1,13.388349132059828,0,0,0
IPL26-176,Yashasvi Jaiswal,BATSMAN,Indian,1.5,78.0,24.0,0.0,0.0,0.0,78.0,0,1,66.22884516320875,0,0,1
IPL26-177,Ravindra Jadeja,ALL_ROUNDER,Indian,2.0,,37.0,0.0,0.0,0.0,50.0,0,1,65.69069301807058,1,2,0
IPL26-178,Riyan Parag,ALL_ROUNDER,Indian,2.0,,24.0,0.0,0.0,0.0,50.0,0,1,11.855092353066054,1,0,0
IPL26-179,Jofra Archer,BOWLER,English,1.5,80.0,31.0,0.0,0.0,0.0,80.0,1,1,51.26070890166617,1,2,0
IPL26-180,Dhruv Jurel,WICKET_KEEPER,Indian,1.0,73.0,25.0,334.0,0.0,1059.22,73.0,0,1,100.0,2,2,0
IPL26-181,Shimron Hetmyer,BATSMAN,West Indian,2.0,72.0,29.0,0.0,0.0,0.0,72.0,1,1,69.05932148153383,3,0,0
IPL26-182,Sam Curran,ALL_ROUNDER,English,2.0,,26.0,0.0,0.0,0.0,50.0,1,1,26.488046135267368,5,2,0
IPL26-183,Sandeep Sharma,BOWLER,Indian,2.0,77.0,26.0,0.0,9.0,459.67,77.0,0,1,95.75967200984746,3,0,0
IPL26-184,Vaibhav Suryavanshi,BATSMAN,Indian,0.5,80.0,26.0,0.0,0.0,0.0,80.0,0,1,34.6212501238945,3,1,0
IPL26-185,Tushar Deshpande,BOWLER,Indian,1.5,72.0,26.0,0.0,0.0,0.0,72.0,0,1,50.761374080171144,2,0,0
IPL26-186,Shubham Dubey,BATSMAN,Indian,0.5,72.0,32.0,0.0,0.0,0.0,72.0,0,1,27.087228430958355,2,0,0
IPL26-187,Yudhvir Charak,BOWLER,Indian,0.5,66.0,26.0,0.0,0.0,0.0,66.0,0,1,51.453435501020536,1,2,0
IPL26-188,Kwena Maphaka,BOWLER,South African,0.5,52.0,20.0,0.0,0.0,0.0,52.0,1,1,21.872781895601676,0,0,0
IPL26-189,Lhuan-Dre Pretorius,BATSMAN,South African,0.5,57.0,20.0,0.0,0.0,0.0,57.0,1,1,53.877855479879116,4,0,0
IPL26-190,Nandre Burger,BOWLER,South African,1.0,70.0,30.0,0.0,0.0,0.0,70.0,1,1,43.49361387020941,4,1,0
IPL26-191,Donovan Ferreira,WICKET_KEEPER,South African,1.0,69.0,27.0,0.0,0.0,0.0,69.0,1,1,46.60795136233656,5,1,0
IPL26-192,Ravi Bishnoi,BOWLER,Indian,2.0,74.0,25.0,0.0,12.0,466.26,74.0,0,1,96.32883339014481,0,0,0
IPL26-193,Adam Milne,BOWLER,New Zealander,1.0,59.0,34.0,0.0,0.0,0.0,59.0,1,1,50.49511007385581,5,0,0
IPL26-194,Ravi Singh,BATSMAN,Indian,0.25,59.0,26.0,4.0,0.0,4.35,59.0,0,1,79.74160903820517,1,2,0
IPL26-195,Sushant Mishra,BOWLER,Indian,0.25,75.0,25.0,0.0,0.0,0.0,75.0,0,1,40.204774321020004,5,0,1
IPL26-196,Kuldeep Sen,BOWLER,Indian,1.0,70.0,29.0,0.0,0.0,0.0,70.0,0,1,53.45581729355268,0,0,0
IPL26-197,Brijesh Sharma,BOWLER,Indian,0.25,67.0,26.0,0.0,11.0,210.22,67.0,0,1,98.81158341519507,0,0,0
IPL26-198,Aman Rao Perala,BATSMAN,Indian,0.25,71.0,26.0,0.0,0.0,0.0,71.0,0,1,70.99018666649472,4,0,0
IPL26-199,Vignesh Puthur,BOWLER,Indian,0.25,73.0,25.0,0.0,0.0,0.0,73.0,0,1,26.32893369187007,1,1,0
IPL26-200,Virat Kohli,BATSMAN,Indian,2.0,100.0,37.0,0.0,0.0,0.0,100.0,0,1,72.24576034938949,2,1,1
IPL26-201,Rajat Patidar,BATSMAN,Indian,1.5,75.0,33.0,0.0,0.0,0.0,75.0,0,1,69.1091314664,5,0,0
IPL26-202,Phil Salt,WICKET_KEEPER,English,1.0,75.0,47.0,0.0,0.0,0.0,75.0,1,1,67.50396807265666,4,2,0
IPL26-203,Josh Hazlewood,BOWLER,Australian,1.5,79.0,35.0,0.0,0.0,0.0,79.0,1,1,42.43647566244146,5,0,0
IPL26-204,Yash Dayal,BOWLER,Indian,1.5,68.0,28.0,0.0,7.0,485.16,68.0,0,1,99.71046125061545,5,1,0
IPL26-205,Krunal Pandya,ALL_ROUNDER,Indian,2.0,,35.0,0.0,0.0,0.0,50.0,0,1,6.517566800112914,2,2,0
IPL26-206,Bhuvneshwar Kumar,BOWLER,Indian,2.0,98.0,36.0,0.0,0.0,0.0,98.0,0,1,84.89950107950962,1,1,1
IPL26-207,Tim David,BATSMAN,Singaporean,1.5,74.0,26.0,0.0,0.0,0.0,74.0,1,1,50.457796287526236,0,0,0
IPL26-208,Romario Shepherd,ALL_ROUNDER,West Indian,1.0,,31.0,0.0,0.0,0.0,50.0,1,1,45.142825245454674,3,2,0
IPL26-209,Nuwan Thushara,BOWLER,Sri Lankan,1.0,68.0,31.0,0.0,0.0,0.0,68.0,1,1,47.02416315034266,5,1,0
IPL26-210,Swapnil Singh,BOWLER,Indian,1.0,66.0,35.0,74.0,7.0,131.12,66.0,0,1,94.8401685807641,3,1,0
IPL26-211,Jacob Bethell,BATSMAN,English,1.0,64.0,20.0,0.0,0.0,0.0,64.0,1,1,31.598333154390637,1,1,0
IPL26-212,Devdutt Padikkal,BATSMAN,Indian,1.5,73.0,25.0,0.0,0.0,0.0,73.0,0,1,62.92418408167694,3,1,0
IPL26-213,Suyash Sharma,BOWLER,Indian,0.5,64.0,26.0,0.0,7.0,369.66,64.0,0,1,100.0,5,1,0
IPL26-214,Rasikh Dar,BOWLER,Indian,0.5,71.0,26.0,0.0,0.0,0.0,71.0,0,1,49.215408119327904,2,1,0
IPL26-215,Jitesh Sharma,WICKET_KEEPER,Indian,1.5,56.0,32.0,0.0,0.0,0.0,56.0,0,1,31.55642053339118,3,1,0
IPL26-216,Abhinandan Singh,BOWLER,Indian,0.25,59.0,26.0,0.0,3.0,38.42,59.0,0,1,100.0,1,1,0
IPL26-217,Venkatesh Iyer,ALL_ROUNDER,Indian,1.5,,35.0,0.0,0.0,0.0,50.0,0,1,60.67879245325361,1,1,0
IPL26-218,Jordan Cox,WICKET_KEEPER,English,1.0,80.0,34.0,0.0,0.0,0.0,80.0,1,1,70.68616501953102,2,0,0
IPL26-219,Mangesh Yadav,BOWLER,Indian,0.25,65.0,26.0,0.0,0.0,0.0,65.0,0,1,39.10225704487253,3,0,0
IPL26-220,Vicky Kanhaiya Ostwal,BOWLER,Indian,0.5,74.0,26.0,0.0,0.0,0.0,74.0,0,1,74.773778604688,3,1,0
IPL26-221,Kanishk Chouhan,BATSMAN,Indian,0.25,50.0,26.0,0.0,0.0,0.0,50.0,0,1,11.946198231573701,0,0,0
IPL26-222,Vihaan Malhotra,BATSMAN,Indian,0.25,50.0,19.0,0.0,0.0,0.0,50.0,0,1,49.925694020192545,4,2,0
IPL26-223,Satvik Deswal,BOWLER,Indian,0.25,77.0,26.0,0.0,0.0,0.0,77.0,0,1,76.29477463390556,1,0,0
IPL26-224,Yash Raj Punja,BOWLER,Indian,0.25,68.0,26.0,0.0,9.0,128.95,68.0,0,1,100.0,0,0,0
IPL26-225,Pat Cummins,ALL_ROUNDER,Australian,2.0,,33.0,0.0,0.0,0.0,50.0,1,1,9.2284110665077,1,1,0
IPL26-226,Heinrich Klaasen,WICKET_KEEPER,South African,1.5,80.0,26.0,0.0,0.0,0.0,80.0,1,1,73.59871311172385,0,0,0
IPL26-227,Travis Head,BATSMAN,Australian,1.5,75.0,32.0,0.0,0.0,0.0,75.0,1,1,57.12759595236465,4,1,0
IPL26-228,Abhishek Sharma,ALL_ROUNDER,Indian,1.5,,26.0,434.0,1.0,1410.48,50.0,0,1,100.0,0,0,0
IPL26-229,Nitish Kumar Reddy,ALL_ROUNDER,Indian,1.0,,23.0,0.0,0.0,0.0,50.0,0,1,47.68630490193137,1,2,0
IPL26-230,Ishan Kishan,WICKET_KEEPER,Indian,2.0,78.0,27.0,389.0,0.0,1062.44,78.0,0,1,89.62756824491845,3,1,0
IPL26-231,Harshal Patel,BOWLER,Indian,2.0,88.0,35.0,0.0,0.0,0.0,88.0,0,1,96.34172041978785,1,2,1
IPL26-232,Jaydev Unadkat,BOWLER,Indian,2.0,81.0,33.0,0.0,0.0,0.0,81.0,0,1,62.9284857839282,5,2,0
IPL26-233,Zeeshan Ansari,BOWLER,Indian,0.5,59.0,26.0,0.0,6.0,99.75,59.0,0,1,99.06660518843277,2,0,0
IPL26-234,Brydon Carse,BOWLER,English,1.0,72.0,30.0,0.0,0.0,0.0,72.0,1,1,44.339275759649475,2,2,0
IPL26-235,Kamindu Mendis,BATSMAN,Sri Lankan,1.0,65.0,27.0,0.0,0.0,0.0,65.0,1,1,33.41311089375257,5,0,0
IPL26-236,Harsh Dubey,BOWLER,Indian,0.5,70.0,23.0,13.0,12.0,174.77,70.0,0,1,100.0,2,1,0
IPL26-237,Aniket Verma,BATSMAN,Indian,0.25,66.0,24.0,117.0,0.0,403.65,66.0,0,1,98.64342510965851,2,0,0
IPL26-238,Eshan Malinga,BOWLER,Sri Lankan,0.25,74.0,25.0,0.0,0.0,0.0,74.0,1,1,35.67994170483988,4,1,0
IPL26-239,Smaran Ravichandaran,BATSMAN,Indian,0.25,73.0,26.0,0.0,0.0,0.0,73.0,0,1,46.2358236216633,3,1,0
IPL26-240,Liam Livingstone,ALL_ROUNDER,English,1.5,,32.0,0.0,0.0,0.0,50.0,1,1,38.66404219452624,3,1,0
IPL26-241,Salil Arora,WICKET_KEEPER,Indian,0.25,68.0,23.0,35.0,0.0,31.36,68.0,0,1,100.0,1,1,0
IPL26-242,Jack Edwards,ALL_ROUNDER,Australian,1.0,,26.0,0.0,0.0,0.0,50.0,1,1,33.45780076691416,5,1,0
IPL26-243,Shivam Mavi,BOWLER,Indian,1.5,64.0,27.0,0.0,12.0,0.0,64.0,0,1,54.288298523928596,0,0,0
IPL26-244,Amit Kumar,BOWLER,Indian,0.25,56.0,26.0,0.0,1.0,0.0,56.0,0,1,34.669084150764846,1,1,0
IPL26-245,Onkar Tarmale,ALL_ROUNDER,Indian,0.25,,26.0,0.0,0.0,0.0,50.0,0,1,57.03757012980044,1,2,0
IPL26-246,Sakib Hussain,BOWLER,Indian,0.25,71.0,21.0,0.0,11.0,221.1,71.0,0,1,98.32377959065987,1,2,0
IPL26-247,Praful Hinge,BOWLER,Indian,0.25,70.0,26.0,0.0,0.0,0.0,70.0,0,1,39.32482393492282,1,1,0
IPL26-248,Shivang Kumar,BOWLER,Indian,0.25,63.0,26.0,53.0,5.0,185.9,63.0,0,1,100.0,3,2,0
IPL26-249,Krains Fuletra,BOWLER,Indian,0.25,55.0,26.0,0.0,0.0,0.0,55.0,0,1,74.7781541795207,0,0,0
IPL26-250,Jake Fraser-McGurk,BATSMAN,Australian,1.0,71.0,23.0,0.0,0.0,0.0,71.0,1,1,60.54198954413898,1,0,0
IPL26-251,Devon Conway,WICKET_KEEPER,New Zealander,1.5,76.0,26.0,0.0,0.0,0.0,76.0,1,1,51.18052818575331,3,1,0
IPL26-252,Gus Atkinson,BOWLER,English,1.0,80.0,28.0,0.0,0.0,0.0,80.0,1,1,43.833809742330786,1,1,0
IPL26-253,Jamie Smith,WICKET_KEEPER,English,1.0,71.0,37.0,0.0,0.0,0.0,71.0,1,1,59.68300459424141,2,1,0
IPL26-254,Deepak Hooda,ALL_ROUNDER,Indian,2.0,,31.0,0.0,0.0,0.0,50.0,0,1,20.75344076362061,1,2,0
IPL26-255,Wiaan Mulder,BOWLER,South African,1.0,50.0,28.0,0.0,0.0,0.0,50.0,1,1,39.61166014962658,5,2,0
IPL26-256,Rahmanullah Gurbaz,WICKET_KEEPER,Afghan,1.0,67.0,24.0,233.0,0.0,183.09,67.0,1,1,100.0,5,0,0
IPL26-257,Jonny Bairstow,WICKET_KEEPER,English,1.5,75.0,36.0,0.0,0.0,0.0,75.0,1,1,54.32169569939696,1,2,0
IPL26-258,K.S. Bharat,WICKET_KEEPER,Indian,1.5,67.0,26.0,0.0,0.0,0.0,67.0,0,1,46.91179177572546,4,0,0
IPL26-259,Gerald Coetzee,BOWLER,South African,1.0,67.0,25.0,0.0,0.0,0.0,67.0,1,1,34.80204959219795,2,2,0
IPL26-260,Spencer Johnson,BOWLER,Australian,1.0,57.0,38.0,0.0,0.0,0.0,57.0,1,1,14.483728907649228,0,0,0
IPL26-261,Fazalhaq Farooqi,BOWLER,Afghan,1.0,63.0,25.0,0.0,18.0,34.22,63.0,1,1,100.0,1,1,0
IPL26-262,Maheesh Theekshana,BOWLER,Sri Lankan,1.0,71.0,25.0,0.0,0.0,0.0,71.0,1,1,45.974468293237294,0,0,0
IPL26-263,Mujeeb Ur Rahman,BOWLER,Afghan,2.0,67.0,25.0,0.0,7.0,8.29,67.0,1,1,98.84035949178221,2,0,0
IPL26-264,Aarya Desai,BATSMAN,Indian,0.25,55.0,23.0,99.0,0.0,0.0,55.0,0,1,42.87803433688191,1,2,0
IPL26-265,Yash Dhull,BATSMAN,Indian,0.5,55.0,23.0,0.0,0.0,0.0,55.0,0,1,38.891028998044796,4,1,0
IPL26-266,Abhinav Manohar,BATSMAN,Indian,0.5,62.0,31.0,0.0,0.0,0.0,62.0,0,1,23.736252251269917,3,0,0
IPL26-267,Anmolpreet Singh,BATSMAN,Indian,1.0,63.0,28.0,344.0,0.0,4.93,63.0,0,1,69.30372753122461,4,2,0
IPL26-268,Atharva Taide,BATSMAN,Indian,0.5,68.0,26.0,326.0,0.0,59.39,68.0,0,1,100.0,4,2,0
IPL26-269,Mahipal Lomror,BATSMAN,Indian,1.5,65.0,26.0,0.0,0.0,0.0,65.0,0,1,59.22108041703182,3,1,0
IPL26-270,Vijay Shankar,ALL_ROUNDER,Indian,2.0,,35.0,0.0,0.0,0.0,50.0,0,1,35.6947303235134,3,1,0
IPL26-271,Tanush Kotian,BATSMAN,Indian,0.5,61.0,27.0,75.0,14.0,18.32,61.0,0,1,100.0,5,0,0
IPL26-272,Kamlesh Nagarkoti,BOWLER,Indian,1.5,57.0,26.0,0.0,0.0,0.0,57.0,0,1,24.164730836059643,3,2,0
IPL26-273,Ruchit Ahir,BATSMAN,Indian,0.25,74.0,26.0,0.0,0.0,0.0,74.0,0,1,52.737953239647034,1,2,0
IPL26-274,Sanvir Singh,BATSMAN,Indian,0.5,60.0,29.0,103.0,4.0,20.67,60.0,0,1,90.89619861098991,0,0,0
IPL26-275,Vansh Bedi,WICKET_KEEPER,Indian,0.25,50.0,23.0,0.0,0.0,0.0,50.0,0,1,27.344263361213173,5,1,0
IPL26-276,Raj Limbani,BOWLER,Indian,0.25,75.0,26.0,0.0,0.0,0.0,75.0,0,1,30.895653627782,5,0,0
IPL26-277,Simarjeet Singh,BOWLER,Indian,1.0,65.0,28.0,0.0,9.0,87.74,65.0,0,1,100.0,0,0,0
IPL26-278,Akash Madhwal,BOWLER,Indian,1.0,68.0,32.0,0.0,10.0,143.34,68.0,0,1,99.4244515303838,5,2,0
IPL26-279,Karn Sharma,BOWLER,Indian,2.0,80.0,38.0,0.0,0.0,0.0,80.0,0,1,63.63721375998839,3,0,0
IPL26-280,Sean Abbott,BOWLER,Australian,1.0,54.0,34.0,0.0,0.0,0.0,54.0,1,1,46.85753701946255,4,0,0
IPL26-281,Michael Bracewell,ALL_ROUNDER,New Zealander,1.0,,35.0,0.0,0.0,0.0,50.0,1,1,40.63701313334972,2,1,0
IPL26-282,Daryl Mitchell,BATSMAN,New Zealander,1.0,67.0,26.0,0.0,0.0,0.0,67.0,1,1,58.97271059050078,3,1,0
IPL26-283,Dasun Shanaka,BATSMAN,Sri Lankan,1.5,62.0,34.0,0.0,0.0,0.0,62.0,1,1,21.67532082688674,4,0,0
IPL26-284,Chetan Sakariya,BOWLER,Indian,1.5,70.0,27.0,0.0,0.0,0.0,70.0,0,1,41.07646935839056,4,0,0
IPL26-285,Waqar Salamkheil,BOWLER,Afghan,1.0,72.0,29.0,0.0,10.0,0.0,72.0,1,1,62.23395423397384,5,2,0
IPL26-286,Taskin Ahmed,BOWLER,Bangladeshi,1.0,80.0,31.0,0.0,12.0,0.0,80.0,1,1,68.94841497626254,1,0,0
IPL26-287,Alzarri Joseph,BOWLER,West Indian,1.5,68.0,29.0,0.0,0.0,0.0,68.0,1,1,56.1163039707708,1,0,0
IPL26-288,Riley Meredith,BOWLER,Australian,1.0,69.0,29.0,0.0,0.0,0.0,69.0,1,1,100.0,5,2,0
IPL26-289,Jhye Richardson,BOWLER,Australian,1.5,58.0,29.0,0.0,0.0,0.0,58.0,1,1,47.57162218604378,5,0,0
IPL26-290,Daniel Lawrence,BATSMAN,English,1.0,79.0,26.0,0.0,0.0,0.0,79.0,1,1,70.8836232288243,0,0,0
IPL26-291,Murugan Ashwin,BOWLER,Indian,1.5,72.0,35.0,0.0,0.0,0.0,72.0,0,1,66.5404225605638,0,0,0
IPL26-292,William Sutherland,ALL_ROUNDER,Australian,1.0,,26.0,0.0,0.0,0.0,50.0,1,1,34.4024254749982,2,2,0
IPL26-293,Kartikeya Singh,BOWLER,Indian,0.5,79.0,26.0,0.0,0.0,0.0,79.0,0,1,54.676374044898935,2,0,0
IPL26-294,Shivam Shukla,BOWLER,Indian,0.25,63.0,26.0,0.0,2.0,0.0,63.0,0,1,51.9812985999578,2,1,0
IPL26-295,Wahidullah Zadran,BOWLER,Afghan,1.0,62.0,26.0,0.0,2.0,0.0,62.0,1,1,43.10452989585073,2,1,0
IPL26-296,KC Cariappa,BOWLER,Indian,0.5,59.0,32.0,0.0,9.0,0.0,59.0,0,1,35.248248980141305,4,1,0
IPL26-297,Sediqullah Atal,BATSMAN,Afghan,1.0,64.0,24.0,244.0,0.0,14.99,64.0,1,1,92.97880216869206,4,1,0
IPL26-298,Nathan Smith,BOWLER,New Zealander,1.0,53.0,26.0,8.0,1.0,0.0,53.0,1,1,25.048645729178826,0,0,0
IPL26-299,Manan Vohra,BATSMAN,Indian,1.5,68.0,32.0,0.0,0.0,0.0,68.0,0,1,51.82490581898428,1,0,0
IPL26-300,Jacob Duffy,BOWLER,New Zealander,1.0,67.0,25.0,0.0,0.0,0.0,67.0,1,1,90.08669823086524,5,0,0
IPL26-001,MS Dhoni,WICKET_KEEPER,Indian,2.0,76.0,44.0,150.0,0.0,492.22,76.0,0,1,97.0527380003064,5,1,0
IPL26-002,Ruturaj Gaikwad,BATSMAN,Indian,2.0,79.0,29.0,0.0,0.0,0.0,79.0,0,1,63.27964632674085,2,2,0
IPL26-003,Sanju Samson,WICKET_KEEPER,Indian,2.0,85.0,31.0,0.0,0.0,0.0,85.0,0,1,57.69564040316597,1,2,1
IPL26-004,Shivam Dube,ALL_ROUNDER,Indian,2.0,,32.0,0.0,0.0,0.0,50.0,0,1,43.13387575605053,2,0,0
IPL26-005,Ayush Mhatre,BATSMAN,Indian,0.25,73.0,18.0,0.0,0.0,0.0,73.0,0,1,75.57923499567437,5,0,0
IPL26-006,Dewald Brevis,BATSMAN,South African,1.0,68.0,23.0,0.0,0.0,0.0,68.0,1,1,39.58888964043009,0,0,0
IPL26-007,Urvil Patel,WICKET_KEEPER,Indian,0.25,69.0,27.0,197.0,0.0,268.05,69.0,0,1,98.01894828859449,3,0,0
IPL26-008,Noor Ahmad,BOWLER,Afghan,1.5,76.0,21.0,0.0,12.0,701.28,76.0,1,1,84.64424506050486,1,0,1
IPL26-009,Nathan Ellis,BOWLER,Australian,1.0,71.0,26.0,0.0,0.0,0.0,71.0,1,1,51.377807463095515,4,2,0
IPL26-010,Shreyas Gopal,BOWLER,Indian,2.0,76.0,32.0,0.0,0.0,0.0,76.0,0,1,78.83445903511934,4,2,0
IPL26-011,Khaleel Ahmed,BOWLER,Indian,2.0,80.0,26.0,0.0,0.0,0.0,80.0,0,1,59.48033018224414,0,0,0
IPL26-012,Ramakrishna Ghosh,BOWLER,Indian,0.25,55.0,28.0,0.0,0.0,0.0,55.0,0,1,20.67447700435531,2,1,0
IPL26-013,Mukesh Choudhary,BOWLER,Indian,1.5,68.0,30.0,0.0,9.0,140.19,68.0,0,1,97.89202968721199,2,0,0
IPL26-014,Jamie Overton,ALL_ROUNDER,English,1.0,,32.0,0.0,0.0,0.0,50.0,1,1,31.56754685826528,5,1,0
IPL26-015,Gurjapneet Singh,BOWLER,Indian,0.5,58.0,27.0,0.0,4.0,99.53,58.0,0,1,100.0,0,0,0
IPL26-016,Anshul Kamboj,ALL_ROUNDER,Indian,0.5,,31.0,0.0,0.0,0.0,50.0,0,1,25.141599037768838,5,1,0
IPL26-017,Prashant Veer,BATSMAN,Indian,0.25,73.0,20.0,0.0,0.0,0.0,73.0,0,1,47.811733414035494,5,2,0
IPL26-018,Kartik Sharma,WICKET_KEEPER,Indian,0.25,70.0,26.0,277.0,0.0,292.84,70.0,0,1,86.97826532392648,4,0,0
IPL26-019,Rahul Chahar,BOWLER,Indian,2.0,78.0,26.0,0.0,0.0,0.0,78.0,0,1,59.00214200245605,5,0,0
IPL26-020,Akeal Hosein,BOWLER,West Indian,1.0,71.0,33.0,0.0,0.0,0.0,71.0,1,1,18.81271407708775,5,2,0
IPL26-021,Matt Henry,BOWLER,New Zealander,1.0,54.0,47.0,0.0,0.0,0.0,54.0,1,1,3.3559602417815695,4,2,0
IPL26-022,Matthew Short,BATSMAN,Australian,1.0,64.0,26.0,0.0,0.0,0.0,64.0,1,1,33.48981065556685,2,2,0
IPL26-023,Sarfaraz Khan,BATSMAN,Indian,1.0,67.0,26.0,0.0,0.0,0.0,67.0,0,1,26.17634215955333,1,0,0
IPL26-024,Zak Foulkes,BOWLER,English,1.0,81.0,24.0,0.0,0.0,0.0,81.0,1,1,66.7898136536802,3,0,0
IPL26-025,Aman Khan,BOWLER,Indian,0.25,64.0,26.0,24.0,6.0,0.0,64.0,0,1,34.212395638870696,5,1,0
IPL26-026,KL Rahul,WICKET_KEEPER,Indian,2.0,87.0,34.0,482.0,0.0,1380.75,87.0,0,1,100.0,1,2,0
IPL26-027,Axar Patel,ALL_ROUNDER,Indian,2.0,,32.0,0.0,0.0,0.0,50.0,0,1,8.125888221413224,4,1,0
IPL26-028,Kuldeep Yadav,BOWLER,Indian,2.0,77.0,26.0,0.0,8.0,718.52,77.0,0,1,100.0,1,0,0
IPL26-029,T. Natarajan,BOWLER,Indian,2.0,75.0,26.0,0.0,0.0,0.0,75.0,0,1,82.68460710632586,3,1,0
IPL26-030,Mitchell Starc,BOWLER,Australian,1.5,80.0,36.0,0.0,0.0,0.0,80.0,1,1,56.105564474339204,1,1,0
IPL26-031,Tristan Stubbs,WICKET_KEEPER,South African,1.5,77.0,25.0,0.0,0.0,0.0,77.0,1,1,55.601562019311274,1,0,0
IPL26-032,Mukesh Kumar,BOWLER,Indian,1.5,67.0,26.0,0.0,6.0,521.18,67.0,0,1,100.0,1,0,0
IPL26-033,Nitish Rana,BATSMAN,Indian,2.0,76.0,32.0,0.0,0.0,0.0,76.0,0,1,39.666680620611814,1,2,0
IPL26-034,Abishek Porel,WICKET_KEEPER,Indian,1.0,69.0,23.0,235.0,0.0,743.92,69.0,0,1,92.94786398087885,0,0,0
IPL26-035,Ashutosh Sharma,BATSMAN,Indian,0.5,72.0,26.0,230.0,0.0,869.41,72.0,0,1,100.0,5,0,0
IPL26-036,Sameer Rizvi,BATSMAN,Indian,0.5,71.0,22.0,310.0,0.0,503.63,71.0,0,1,99.22813232638036,4,0,0
IPL26-037,Karun Nair,BATSMAN,Indian,1.5,70.0,34.0,0.0,0.0,0.0,70.0,0,1,37.52970147915546,3,1,0
IPL26-038,Dushmantha Chameera,BOWLER,Sri Lankan,1.0,61.0,34.0,0.0,0.0,0.0,61.0,1,1,32.76780954944468,4,0,0
IPL26-039,Vipraj Nigam,ALL_ROUNDER,Indian,0.5,,21.0,0.0,0.0,0.0,50.0,0,1,11.39051536517645,0,0,0
IPL26-040,Ajay Mandal,ALL_ROUNDER,Indian,0.25,,26.0,149.0,10.0,0.0,50.0,0,1,35.57433234908545,0,0,0
IPL26-041,Madhav Tiwari,BOWLER,Indian,0.25,70.0,22.0,0.0,0.0,0.0,70.0,0,1,48.92705792176901,0,0,0
IPL26-042,Tripurana Vijay,BOWLER,Indian,0.25,50.0,24.0,0.0,0.0,0.0,50.0,0,1,30.410762791844277,5,2,0
IPL26-043,Auqib Nabi Dar,ALL_ROUNDER,Indian,0.25,,26.0,0.0,0.0,0.0,50.0,0,1,18.059967209678874,0,0,0
IPL26-044,Pathum Nissanka,BATSMAN,Sri Lankan,1.0,69.0,28.0,0.0,0.0,0.0,69.0,1,1,78.73088473873274,1,0,0
IPL26-045,David Miller,BATSMAN,South African,2.0,80.0,26.0,0.0,0.0,0.0,80.0,1,1,63.92878874229511,4,0,0
IPL26-046,Ben Duckett,BATSMAN,English,1.0,84.0,31.0,0.0,0.0,0.0,84.0,1,1,48.56412300574757,2,0,0
IPL26-047,Lungi Ngidi,BOWLER,South African,1.5,77.0,30.0,0.0,0.0,0.0,77.0,1,1,66.40240288639181,3,1,0
IPL26-048,Kyle Jamieson,ALL_ROUNDER,New Zealander,1.5,,26.0,0.0,0.0,0.0,50.0,1,1,9.026482969217438,0,0,0
IPL26-049,Prithvi Shaw,BATSMAN,Indian,2.0,72.0,26.0,0.0,0.0,0.0,72.0,0,1,57.06031927735609,4,2,0
IPL26-050,Sahil Parakh,BATSMAN,Indian,0.25,61.0,26.0,0.0,0.0,0.0,61.0,0,1,13.669850969428602,0,0,0
IPL26-051,Shubman Gill,BATSMAN,Indian,2.0,84.0,26.0,435.0,0.0,1502.36,84.0,0,1,98.53522692118227,5,1,0
IPL26-052,Rashid Khan,ALL_ROUNDER,Afghan,2.0,,26.0,86.0,13.0,1036.91,50.0,1,1,86.9042389747333,0,0,0
IPL26-053,Jos Buttler,WICKET_KEEPER,English,2.0,86.0,35.0,0.0,0.0,0.0,86.0,1,1,39.624595630067084,0,0,0
IPL26-054,Kagiso Rabada,BOWLER,South African,2.0,89.0,31.0,0.0,0.0,0.0,89.0,1,1,75.05136314609742,0,0,0
IPL26-055,Mohammed Siraj,BOWLER,Indian,2.0,79.0,32.0,0.0,12.0,835.35,79.0,0,1,89.34581001322061,0,0,0
IPL26-056,Sai Sudharsan,BATSMAN,Indian,1.5,83.0,24.0,487.0,0.0,1572.25,83.0,0,1,100.0,3,0,1
IPL26-057,Prasidh Krishna,BOWLER,Indian,2.0,77.0,30.0,0.0,12.0,571.61,77.0,0,1,100.0,4,2,0
IPL26-058,Washington Sundar,ALL_ROUNDER,Indian,2.0,,26.0,240.0,4.0,670.48,50.0,0,1,100.0,5,0,0
IPL26-059,Rahul Tewatia,ALL_ROUNDER,Indian,2.0,,33.0,0.0,0.0,0.0,50.0,0,1,44.066653871074195,0,0,0
IPL26-060,Shahrukh Khan,BATSMAN,Indian,1.5,66.0,26.0,144.0,0.0,378.48,66.0,0,1,100.0,0,0,0
IPL26-061,R. Sai Kishore,BOWLER,Indian,1.5,75.0,26.0,0.0,0.0,0.0,75.0,0,1,56.9861585760185,0,0,0
IPL26-062,Glenn Phillips,BATSMAN,New Zealander,1.5,61.0,26.0,0.0,0.0,0.0,61.0,1,1,32.395830176233545,0,0,0
IPL26-063,Jayant Yadav,BOWLER,Indian,2.0,61.0,36.0,0.0,0.0,0.0,61.0,0,1,41.319809441469104,1,0,0
IPL26-064,Anuj Rawat,WICKET_KEEPER,Indian,0.5,66.0,26.0,282.0,0.0,109.12,66.0,0,1,100.0,1,2,0
IPL26-065,Kumar Kushagra,WICKET_KEEPER,Indian,0.5,56.0,21.0,21.0,0.0,18.97,56.0,0,1,93.95704737878829,2,2,0
IPL26-066,Gurnoor Singh Brar,BOWLER,Indian,0.5,65.0,26.0,0.0,0.0,0.0,65.0,0,1,15.76589511864009,0,0,0
IPL26-067,Nishant Sindhu,BATSMAN,Indian,0.5,61.0,22.0,0.0,0.0,0.0,61.0,0,1,29.518352350292666,2,0,0
IPL26-068,Manav Suthar,BOWLER,Indian,0.25,58.0,23.0,0.0,0.0,0.0,58.0,0,1,27.959295457420936,3,0,0
IPL26-069,Ishant Sharma,BOWLER,Indian,1.5,78.0,37.0,0.0,0.0,0.0,78.0,0,1,74.58157959431104,2,1,0
IPL26-070,Arshad Khan,BOWLER,Indian,0.5,64.0,26.0,0.0,9.0,357.1,64.0,0,1,100.0,4,0,0
IPL26-071,Jason Holder,ALL_ROUNDER,West Indian,1.5,,41.0,0.0,0.0,0.0,50.0,1,1,23.925922152164443,1,0,0
IPL26-072,Tom Banton,WICKET_KEEPER,English,1.0,58.0,27.0,0.0,0.0,0.0,58.0,1,1,19.460757427654762,1,2,0
IPL26-073,Ashok Sharma,BOWLER,Indian,0.25,64.0,26.0,0.0,6.0,94.13,64.0,0,1,97.9666577906154,0,0,0
IPL26-074,Luke Wood,BOWLER,English,1.0,50.0,26.0,0.0,0.0,0.0,50.0,1,1,37.42015443417439,0,0,0
IPL26-075,Prithvi Raj,BOWLER,Indian,0.25,73.0,26.0,3.0,0.0,0.0,73.0,0,1,50.31739498427758,3,2,0
IPL26-076,Sunil Narine,ALL_ROUNDER,West Indian,2.0,,37.0,0.0,0.0,0.0,50.0,1,1,23.5228757663996,5,1,0
IPL26-077,Varun Chakravarthy,BOWLER,Indian,2.0,85.0,34.0,0.0,0.0,0.0,85.0,0,1,74.484684852763,3,0,0
IPL26-078,Rinku Singh,BATSMAN,Indian,1.5,74.0,37.0,0.0,0.0,0.0,74.0,0,1,70.942795846373,4,0,0
IPL26-079,Harshit Rana,BOWLER,Indian,1.0,73.0,24.0,0.0,10.0,541.9,73.0,0,1,100.0,0,0,0
IPL26-080,Angkrish Raghuvanshi,BATSMAN,Indian,0.5,73.0,22.0,0.0,0.0,0.0,73.0,0,1,63.81778778284575,0,0,0
IPL26-081,Ramandeep Singh,ALL_ROUNDER,Indian,1.5,,26.0,100.0,6.0,355.97,50.0,0,1,91.20972404281402,3,1,0
IPL26-082,Ajinkya Rahane,BATSMAN,Indian,2.0,84.0,38.0,0.0,0.0,0.0,84.0,0,1,45.315808012834445,3,0,0
IPL26-083,Rovman Powell,BATSMAN,West Indian,1.5,67.0,32.0,0.0,0.0,0.0,67.0,1,1,41.84062446474161,3,2,0
IPL26-084,Vaibhav Arora,BOWLER,Indian,1.5,73.0,28.0,0.0,0.0,0.0,73.0,0,1,54.03491818657153,1,0,0
IPL26-085,Manish Pandey,BATSMAN,Indian,2.0,79.0,26.0,0.0,0.0,0.0,79.0,0,1,69.71069654488771,2,0,0
IPL26-086,Anukul Roy,BOWLER,Indian,0.5,69.0,27.0,0.0,0.0,0.0,69.0,0,1,50.808641660751626,2,0,0
IPL26-087,Umran Malik,BOWLER,Indian,1.5,65.0,26.0,0.0,5.0,0.0,65.0,0,1,46.509589333342106,0,0,0
IPL26-088,Cameron Green,ALL_ROUNDER,Australian,1.0,,26.0,0.0,0.0,0.0,50.0,1,1,12.14459556035971,1,2,0
IPL26-089,Matheesha Pathirana,BOWLER,Sri Lankan,1.5,77.0,24.0,0.0,0.0,0.0,77.0,1,1,42.41707536706715,3,1,1
IPL26-090,Mustafizur Rahman,BOWLER,Bangladeshi,1.5,77.0,30.0,0.0,13.0,258.07,77.0,1,1,97.8986569720455,0,0,0
IPL26-091,Tejasvi Singh,BATSMAN,Indian,0.25,78.0,26.0,0.0,0.0,0.0,78.0,0,1,70.74150450684546,1,0,0
IPL26-092,Finn Allen,BATSMAN,New Zealander,1.0,74.0,27.0,0.0,0.0,0.0,74.0,1,1,76.55174367065692,4,0,0
IPL26-093,Rachin Ravindra,BATSMAN,New Zealander,1.0,67.0,26.0,0.0,0.0,0.0,67.0,1,1,43.8318183374356,5,0,0
IPL26-094,Tim Seifert,WICKET_KEEPER,New Zealander,1.0,58.0,24.0,0.0,0.0,0.0,58.0,1,1,49.626740730694884,1,1,0
IPL26-095,Akash Deep,BOWLER,Indian,1.0,58.0,26.0,0.0,5.0,74.49,58.0,0,1,100.0,0,0,0
IPL26-096,Rahul Tripathi,BATSMAN,Indian,2.0,73.0,26.0,0.0,0.0,0.0,73.0,0,1,61.495105211705045,2,1,0
IPL26-097,Prashant Solanki,BOWLER,Indian,0.25,75.0,26.0,0.0,0.0,0.0,75.0,0,1,34.050149289459554,3,1,0
IPL26-098,Kartik Tyagi,BOWLER,Indian,1.0,71.0,25.0,0.0,15.0,267.17,71.0,0,1,96.65932034984195,5,0,0
IPL26-099,Sarthak Ranjan,BATSMAN,Indian,0.25,59.0,29.0,61.0,0.0,0.0,59.0,0,1,40.51457158415424,4,2,0
IPL26-100,Daksh Kamra,BATSMAN,Indian,0.25,50.0,26.0,0.0,0.0,0.0,50.0,0,1,49.964858052927546,5,1,0
IPL26-101,Rishabh Pant,WICKET_KEEPER,Indian,2.0,82.0,28.0,0.0,0.0,0.0,82.0,0,1,65.77462085714521,5,1,0
IPL26-102,Nicholas Pooran,WICKET_KEEPER,West Indian,2.0,77.0,30.0,0.0,0.0,0.0,77.0,1,1,80.56568467722856,1,0,0
IPL26-103,Mayank Yadav,BOWLER,Indian,1.0,63.0,26.0,0.0,0.0,0.0,63.0,0,1,0.0,0,0,0
IPL26-104,Mohammed Shami,BOWLER,Indian,2.0,77.0,36.0,0.0,9.0,366.12,77.0,0,1,98.08392581520692,0,0,0
IPL26-105,Mohsin Khan,BOWLER,Indian,1.5,75.0,38.0,0.0,13.0,341.0,75.0,0,1,100.0,5,0,0
IPL26-106,Ayush Badoni,BATSMAN,Indian,0.5,70.0,26.0,0.0,0.0,0.0,70.0,0,1,61.23031248795959,3,2,0
IPL26-107,Avesh Khan,BOWLER,Indian,1.5,73.0,29.0,0.0,9.0,614.92,73.0,0,1,96.77662024418254,0,0,0
IPL26-108,Abdul Samad,BATSMAN,Indian,1.5,66.0,26.0,124.0,10.0,652.13,66.0,0,1,100.0,5,1,0
IPL26-109,Mitchell Marsh,ALL_ROUNDER,Australian,1.5,,34.0,0.0,0.0,0.0,50.0,1,1,39.396668470767956,0,0,0
IPL26-110,Aiden Markram,ALL_ROUNDER,South African,1.5,,31.0,0.0,0.0,0.0,50.0,1,1,27.822013907804582,3,1,0
IPL26-111,Shahbaz Ahmed,ALL_ROUNDER,Indian,1.5,,26.0,168.0,7.0,458.64,50.0,0,1,100.0,4,1,0
IPL26-112,Matthew Breetzke,BATSMAN,South African,1.0,61.0,27.0,0.0,0.0,0.0,61.0,1,1,39.48834055870802,5,2,0
IPL26-113,Digvesh Rathi,BOWLER,Indian,0.5,65.0,26.0,0.0,0.0,0.0,65.0,0,1,15.144655725366304,2,1,0
IPL26-114,Himmat Singh,BATSMAN,Indian,0.5,66.0,29.0,173.0,0.0,101.92,66.0,0,1,99.85724007732159,2,0,0
IPL26-115,Arshin Kulkarni,BATSMAN,Indian,0.25,56.0,26.0,0.0,0.0,0.0,56.0,0,1,33.298317102775776,5,1,0
IPL26-116,Manimaran Siddharth,BOWLER,Indian,0.5,68.0,27.0,0.0,0.0,0.0,68.0,0,1,55.55928660458078,1,0,0
IPL26-117,Akash Singh,BOWLER,Indian,0.25,67.0,39.0,0.0,9.0,96.39,67.0,0,1,95.40515439472611,4,2,0
IPL26-118,Arjun Tendulkar,BOWLER,Indian,0.5,64.0,26.0,38.0,8.0,32.51,64.0,0,1,100.0,1,2,0
IPL26-119,Prince Yadav,BATSMAN,Indian,0.25,52.0,24.0,5.0,0.0,347.54,52.0,0,1,91.86057030522392,2,1,0
IPL26-120,Josh Inglis,WICKET_KEEPER,Australian,1.0,74.0,31.0,0.0,0.0,0.0,74.0,1,1,69.48962735858933,3,0,0
IPL26-121,Akshat Raghuwanshi,BATSMAN,Indian,0.25,59.0,22.0,53.0,0.0,22.82,59.0,0,1,100.0,5,1,0
IPL26-122,Mukul Choudhary,BATSMAN,Indian,0.25,71.0,21.0,0.0,0.0,0.0,71.0,0,1,40.67534302850091,0,0,0
IPL26-123,Wanindu Hasaranga,BOWLER,Sri Lankan,1.5,76.0,28.0,0.0,0.0,0.0,76.0,1,1,47.52019271153319,2,1,0
IPL26-124,Anrich Nortje,BOWLER,South African,1.5,76.0,32.0,0.0,0.0,0.0,76.0,1,1,56.96509630836673,4,1,0
IPL26-125,Naman Tiwari,BOWLER,Indian,0.25,76.0,26.0,0.0,0.0,0.0,76.0,0,1,58.15875137163873,2,0,0
IPL26-126,Rohit Sharma,BATSMAN,Indian,2.0,54.0,39.0,5.0,0.0,0.0,54.0,0,1,44.562497545673814,4,2,0
IPL26-127,Jasprit Bumrah,BOWLER,Indian,2.0,95.0,32.0,0.0,0.0,0.0,95.0,0,1,70.29831497479077,4,1,1
IPL26-128,Suryakumar Yadav,BATSMAN,Indian,2.0,84.0,35.0,0.0,0.0,0.0,84.0,0,1,79.90099790136554,5,0,0
IPL26-129,Hardik Pandya,ALL_ROUNDER,Indian,2.0,,32.0,0.0,0.0,0.0,50.0,0,1,25.548547431897468,4,1,0
IPL26-130,Tilak Varma,BATSMAN,Indian,1.5,76.0,23.0,324.0,0.0,1185.21,76.0,0,1,100.0,1,0,1
IPL26-131,Trent Boult,BOWLER,New Zealander,2.0,87.0,36.0,0.0,0.0,0.0,87.0,1,1,77.83260269997989,3,0,1
IPL26-132,Deepak Chahar,BOWLER,Indian,2.0,80.0,26.0,0.0,0.0,0.0,80.0,0,1,54.743092663222995,2,1,0
IPL26-133,Naman Dhir,BATSMAN,Indian,0.5,71.0,26.0,259.0,0.0,863.67,71.0,0,1,99.8198948212278,3,2,0
IPL26-134,Will Jacks,ALL_ROUNDER,English,1.5,,27.0,0.0,0.0,0.0,50.0,1,1,28.93891183320917,0,0,0
IPL26-135,Robin Minz,WICKET_KEEPER,Indian,0.5,55.0,23.0,0.0,0.0,0.0,55.0,0,1,29.362723619543402,2,0,0
IPL26-136,Ryan Rickelton,WICKET_KEEPER,South African,1.0,73.0,29.0,0.0,0.0,0.0,73.0,1,1,21.850267857084575,3,2,0
IPL26-137,Shardul Thakur,ALL_ROUNDER,Indian,2.0,,34.0,0.0,0.0,0.0,50.0,0,1,18.839084041249656,3,0,0
IPL26-138,Sherfane Rutherford,BATSMAN,West Indian,1.0,67.0,27.0,0.0,0.0,0.0,67.0,1,1,51.96540675261579,5,2,0
IPL26-139,Mayank Markande,BOWLER,Indian,1.5,72.0,28.0,0.0,0.0,0.0,72.0,0,1,50.75802666148017,5,1,0
IPL26-140,Allah Ghazanfar,BOWLER,Afghan,1.0,70.0,26.0,0.0,0.0,0.0,70.0,1,1,48.47229775647426,0,0,0
IPL26-141,Corbin Bosch,ALL_ROUNDER,South African,1.0,,31.0,0.0,0.0,0.0,50.0,1,1,7.508671540025912,4,0,0
IPL26-142,Mitchell Santner,ALL_ROUNDER,New Zealander,1.5,,34.0,0.0,0.0,0.0,50.0,1,1,33.78070707210872,2,0,0
IPL26-143,Ashwani Kumar,BOWLER,Indian,0.25,73.0,26.0,0.0,17.0,180.0,73.0,0,1,100.0,5,2,0
IPL26-144,Raj Angad Bawa,BATSMAN,Indian,0.5,62.0,23.0,0.0,0.0,0.0,62.0,0,1,34.624543614185136,2,1,0
IPL26-145,Raghu Sharma,BOWLER,Indian,0.25,59.0,26.0,0.0,4.0,37.39,59.0,0,1,100.0,0,0,0
IPL26-146,Quinton de Kock,WICKET_KEEPER,South African,2.0,79.0,33.0,0.0,0.0,0.0,79.0,1,1,44.82246697726919,5,0,0
IPL26-147,Atharva Ankolekar,ALL_ROUNDER,Indian,1.0,,25.0,78.0,9.0,0.0,50.0,0,1,28.0453654955798,5,0,0
IPL26-148,Mohammad Izhar,BOWLER,Indian,0.25,76.0,26.0,0.0,0.0,0.0,76.0,0,1,55.973361916038904,4,0,0
IPL26-149,Danish Malewar,BATSMAN,Indian,0.25,52.0,26.0,0.0,0.0,0.0,52.0,0,1,60.24986250885992,2,0,0
IPL26-150,Mayank Rawat,BATSMAN,Indian,0.25,56.0,26.0,24.0,0.0,0.0,56.0,0,1,36.229405212301714,2,1,0
IPL26-151,Shreyas Iyer,BATSMAN,Indian,2.0,83.0,31.0,0.0,0.0,0.0,83.0,0,1,61.249572733998065,2,2,0
IPL26-152,Arshdeep Singh,BOWLER,Indian,2.0,78.0,21.0,0.0,12.0,828.89,78.0,0,1,100.0,4,1,1
IPL26-153,Yuzvendra Chahal,BOWLER,Indian,2.0,100.0,35.0,0.0,0.0,0.0,100.0,0,1,73.46463441380666,5,1,1
IPL26-154,Marco Jansen,ALL_ROUNDER,South African,1.0,,26.0,0.0,0.0,0.0,50.0,1,1,1.253252887724066,0,0,0
IPL26-155,Prabhsimran Singh,WICKET_KEEPER,Indian,1.5,74.0,25.0,0.0,0.0,0.0,74.0,0,1,49.58825169351796,2,1,0
IPL26-156,Harpreet Brar,ALL_ROUNDER,Indian,1.5,,30.0,91.0,13.0,492.23,50.0,0,1,100.0,3,0,0
IPL26-157,Shashank Singh,BATSMAN,Indian,1.5,73.0,26.0,193.0,0.0,1092.28,73.0,0,1,93.62807432765541,4,1,0
IPL26-158,Azmatullah Omarzai,ALL_ROUNDER,Afghan,1.0,,26.0,225.0,9.0,458.76,50.0,1,1,100.0,1,0,0
IPL26-159,Nehal Wadhera,BATSMAN,Indian,0.5,68.0,25.0,0.0,0.0,0.0,68.0,0,1,59.08423408090961,0,0,0
IPL26-160,Xavier Bartlett,BOWLER,Australian,1.0,55.0,27.0,0.0,0.0,0.0,55.0,1,1,67.75093550177594,3,1,0
IPL26-161,Lockie Ferguson,BOWLER,New Zealander,1.5,74.0,35.0,0.0,0.0,0.0,74.0,1,1,57.19942984168977,2,1,0
IPL26-162,Marcus Stoinis,ALL_ROUNDER,Australian,1.5,,36.0,0.0,0.0,0.0,50.0,1,1,32.61381341302573,1,2,0
IPL26-163,Mitch Owen,ALL_ROUNDER,Australian,1.0,,22.0,0.0,0.0,0.0,50.0,1,1,37.00827905980178,0,0,0
IPL26-164,Musheer Khan,BOWLER,Indian,0.5,61.0,26.0,0.0,1.0,9.79,61.0,0,1,100.0,4,2,0
IPL26-165,Priyansh Arya,BATSMAN,Indian,0.5,74.0,25.0,261.0,0.0,912.18,74.0,0,1,98.8314749414577,1,1,0
IPL26-166,Vyshak Vijaykumar,BOWLER,Indian,1.5,62.0,26.0,0.0,0.0,0.0,62.0,0,1,16.86849903123376,5,1,0
IPL26-167,Yash Thakur,BOWLER,Indian,0.5,67.0,26.0,0.0,8.0,223.54,67.0,0,1,100.0,1,0,0
IPL26-168,Pyla Avinash,BATSMAN,Indian,0.25,63.0,25.0,0.0,0.0,0.0,63.0,0,1,61.264428257445886,3,2,0
IPL26-169,Harnoor Pannu,BATSMAN,Indian,0.25,64.0,26.0,0.0,0.0,0.0,64.0,0,1,57.787951329189816,0,0,0
IPL26-170,Vishnu Vinod,WICKET_KEEPER,Indian,1.0,62.0,32.0,226.0,0.0,15.19,62.0,0,1,98.30077479077818,3,0,0
IPL26-171,Suryansh Shedge,BATSMAN,Indian,0.25,67.0,23.0,165.0,0.0,226.14,67.0,0,1,95.57753590669651,3,0,0
IPL26-172,Cooper Connolly,BATSMAN,Australian,1.0,75.0,22.0,0.0,0.0,0.0,75.0,1,1,72.66722011048057,2,0,0
IPL26-173,Ben Dwarshuis,BOWLER,Australian,1.0,56.0,31.0,0.0,0.0,0.0,56.0,1,1,23.95813815085908,4,2,0
IPL26-174,Praveen Dubey,BOWLER,Indian,0.25,59.0,32.0,0.0,0.0,0.0,59.0,0,1,52.82412949312286,1,0,0
IPL26-175,Vishal Nishad,BOWLER,Indian,0.25,51.0,26.0,0.0,0.0,0.0,51.0,0,1,13.406610174130256,0,0,0
IPL26-176,Yashasvi Jaiswal,BATSMAN,Indian,1.5,78.0,24.0,0.0,0.0,0.0,78.0,0,1,69.23369939683656,5,1,1
IPL26-177,Ravindra Jadeja,ALL_ROUNDER,Indian,2.0,,37.0,0.0,0.0,0.0,50.0,0,1,61.23033976553185,4,1,0
IPL26-178,Riyan Parag,ALL_ROUNDER,Indian,2.0,,24.0,0.0,0.0,0.0,50.0,0,1,23.241021294251283,4,2,0
IPL26-179,Jofra Archer,BOWLER,English,1.5,80.0,31.0,0.0,0.0,0.0,80.0,1,1,48.4146682442221,0,0,0
IPL26-180,Dhruv Jurel,WICKET_KEEPER,Indian,1.0,73.0,25.0,334.0,0.0,1059.22,73.0,0,1,99.15506750922579,4,2,0
IPL26-181,Shimron Hetmyer,BATSMAN,West Indian,2.0,72.0,29.0,0.0,0.0,0.0,72.0,1,1,57.33801091615561,2,0,0
IPL26-182,Sam Curran,ALL_ROUNDER,English,2.0,,26.0,0.0,0.0,0.0,50.0,1,1,22.83167993991062,4,2,0
IPL26-183,Sandeep Sharma,BOWLER,Indian,2.0,77.0,26.0,0.0,9.0,459.67,77.0,0,1,93.07788422820782,2,2,0
IPL26-184,Vaibhav Suryavanshi,BATSMAN,Indian,0.5,80.0,26.0,0.0,0.0,0.0,80.0,0,1,37.65904539897516,1,0,0
IPL26-185,Tushar Deshpande,BOWLER,Indian,1.5,72.0,26.0,0.0,0.0,0.0,72.0,0,1,50.956495662264246,1,2,0
IPL26-186,Shubham Dubey,BATSMAN,Indian,0.5,72.0,32.0,0.0,0.0,0.0,72.0,0,1,40.35042551868975,3,0,0
IPL26-187,Yudhvir Charak,BOWLER,Indian,0.5,66.0,26.0,0.0,0.0,0.0,66.0,0,1,53.85997817950342,2,1,0
IPL26-188,Kwena Maphaka,BOWLER,South African,0.5,52.0,20.0,0.0,0.0,0.0,52.0,1,1,18.681174751729905,5,1,0
IPL26-189,Lhuan-Dre Pretorius,BATSMAN,South African,0.5,57.0,20.0,0.0,0.0,0.0,57.0,1,1,55.00776025666784,1,1,0
IPL26-190,Nandre Burger,BOWLER,South African,1.0,70.0,30.0,0.0,0.0,0.0,70.0,1,1,37.10107407538642,4,2,0
IPL26-191,Donovan Ferreira,WICKET_KEEPER,South African,1.0,69.0,27.0,0.0,0.0,0.0,69.0,1,1,49.019582726978136,0,0,0
IPL26-192,Ravi Bishnoi,BOWLER,Indian,2.0,74.0,25.0,0.0,12.0,466.26,74.0,0,1,96.11731827729315,0,0,0
IPL26-193,Adam Milne,BOWLER,New Zealander,1.0,59.0,34.0,0.0,0.0,0.0,59.0,1,1,51.04000714510647,2,1,0
IPL26-194,Ravi Singh,BATSMAN,Indian,0.25,59.0,26.0,4.0,0.0,4.35,59.0,0,1,67.06776974175496,5,1,0
IPL26-195,Sushant Mishra,BOWLER,Indian,0.25,75.0,25.0,0.0,0.0,0.0,75.0,0,1,30.617822048232327,3,2,1
IPL26-196,Kuldeep Sen,BOWLER,Indian,1.0,70.0,29.0,0.0,0.0,0.0,70.0,0,1,52.98760379411518,4,0,0
IPL26-197,Brijesh Sharma,BOWLER,Indian,0.25,67.0,26.0,0.0,11.0,210.22,67.0,0,1,100.0,2,2,0
IPL26-198,Aman Rao Perala,BATSMAN,Indian,0.25,71.0,26.0,0.0,0.0,0.0,71.0,0,1,80.5764560103994,0,0,0
IPL26-199,Vignesh Puthur,BOWLER,Indian,0.25,73.0,25.0,0.0,0.0,0.0,73.0,0,1,26.610449562350542,2,0,0
IPL26-200,Virat Kohli,BATSMAN,Indian,2.0,100.0,37.0,0.0,0.0,0.0,100.0,0,1,82.51866153981516,4,2,1
IPL26-201,Rajat Patidar,BATSMAN,Indian,1.5,75.0,33.0,0.0,0.0,0.0,75.0,0,1,52.647874323871726,5,0,0
IPL26-202,Phil Salt,WICKET_KEEPER,English,1.0,75.0,47.0,0.0,0.0,0.0,75.0,1,1,69.78854315119422,5,1,0
IPL26-203,Josh Hazlewood,BOWLER,Australian,1.5,79.0,35.0,0.0,0.0,0.0,79.0,1,1,42.436213233595176,1,0,0
IPL26-204,Yash Dayal,BOWLER,Indian,1.5,68.0,28.0,0.0,7.0,485.16,68.0,0,1,100.0,4,0,0
IPL26-205,Krunal Pandya,ALL_ROUNDER,Indian,2.0,,35.0,0.0,0.0,0.0,50.0,0,1,15.751261561279398,1,0,0
IPL26-206,Bhuvneshwar Kumar,BOWLER,Indian,2.0,98.0,36.0,0.0,0.0,0.0,98.0,0,1,87.58615682846488,1,2,1
IPL26-207,Tim David,BATSMAN,Singaporean,1.5,74.0,26.0,0.0,0.0,0.0,74.0,1,1,56.10441260055429,1,0,0
IPL26-208,Romario Shepherd,ALL_ROUNDER,West Indian,1.0,,31.0,0.0,0.0,0.0,50.0,1,1,34.78073494463845,2,0,0
IPL26-209,Nuwan Thushara,BOWLER,Sri Lankan,1.0,68.0,31.0,0.0,0.0,0.0,68.0,1,1,52.64165583179583,0,0,0
IPL26-210,Swapnil Singh,BOWLER,Indian,1.0,66.0,35.0,74.0,7.0,131.12,66.0,0,1,100.0,5,1,0
IPL26-211,Jacob Bethell,BATSMAN,English,1.0,64.0,20.0,0.0,0.0,0.0,64.0,1,1,37.93078662613498,2,0,0
IPL26-212,Devdutt Padikkal,BATSMAN,Indian,1.5,73.0,25.0,0.0,0.0,0.0,73.0,0,1,55.00172823914127,0,0,0
IPL26-213,Suyash Sharma,BOWLER,Indian,0.5,64.0,26.0,0.0,7.0,369.66,64.0,0,1,92.69003110086561,5,0,0
IPL26-214,Rasikh Dar,BOWLER,Indian,0.5,71.0,26.0,0.0,0.0,0.0,71.0,0,1,62.06302360058234,4,0,0
IPL26-215,Jitesh Sharma,WICKET_KEEPER,Indian,1.5,56.0,32.0,0.0,0.0,0.0,56.0,0,1,28.194098513720505,5,1,0
IPL26-216,Abhinandan Singh,BOWLER,Indian,0.25,59.0,26.0,0.0,3.0,38.42,59.0,0,1,98.40254964713665,5,0,0
IPL26-217,Venkatesh Iyer,ALL_ROUNDER,Indian,1.5,,35.0,0.0,0.0,0.0,50.0,0,1,60.7009844076897,5,2,0
IPL26-218,Jordan Cox,WICKET_KEEPER,English,1.0,80.0,34.0,0.0,0.0,0.0,80.0,1,1,67.48180034492695,3,0,0
IPL26-219,Mangesh Yadav,BOWLER,Indian,0.25,65.0,26.0,0.0,0.0,0.0,65.0,0,1,33.72353717305764,4,2,0
IPL26-220,Vicky Kanhaiya Ostwal,BOWLER,Indian,0.5,74.0,26.0,0.0,0.0,0.0,74.0,0,1,54.19940297048231,2,1,0
IPL26-221,Kanishk Chouhan,BATSMAN,Indian,0.25,50.0,26.0,0.0,0.0,0.0,50.0,0,1,13.393820114023015,2,0,0
IPL26-222,Vihaan Malhotra,BATSMAN,Indian,0.25,50.0,19.0,0.0,0.0,0.0,50.0,0,1,49.80154163353023,0,0,0
IPL26-223,Satvik Deswal,BOWLER,Indian,0.25,77.0,26.0,0.0,0.0,0.0,77.0,0,1,77.19492570244762,2,0,0
IPL26-224,Yash Raj Punja,BOWLER,Indian,0.25,68.0,26.0,0.0,9.0,128.95,68.0,0,1,100.0,1,2,0
IPL26-225,Pat Cummins,ALL_ROUNDER,Australian,2.0,,33.0,0.0,0.0,0.0,50.0,1,1,11.580729758907022,5,1,0
IPL26-226,Heinrich Klaasen,WICKET_KEEPER,South African,1.5,80.0,26.0,0.0,0.0,0.0,80.0,1,1,79.81162551835726,2,0,0
IPL26-227,Travis Head,BATSMAN,Australian,1.5,75.0,32.0,0.0,0.0,0.0,75.0,1,1,66.25283602131664,0,0,0
IPL26-228,Abhishek Sharma,ALL_ROUNDER,Indian,1.5,,26.0,434.0,1.0,1410.48,50.0,0,1,91.59135732335582,0,0,0
IPL26-229,Nitish Kumar Reddy,ALL_ROUNDER,Indian,1.0,,23.0,0.0,0.0,0.0,50.0,0,1,40.85339095225193,1,0,0
IPL26-230,Ishan Kishan,WICKET_KEEPER,Indian,2.0,78.0,27.0,389.0,0.0,1062.44,78.0,0,1,99.46735447402959,0,0,0
IPL26-231,Harshal Patel,BOWLER,Indian,2.0,88.0,35.0,0.0,0.0,0.0,88.0,0,1,88.35411459597218,3,0,1
IPL26-232,Jaydev Unadkat,BOWLER,Indian,2.0,81.0,33.0,0.0,0.0,0.0,81.0,0,1,55.94616662735475,5,2,0
IPL26-233,Zeeshan Ansari,BOWLER,Indian,0.5,59.0,26.0,0.0,6.0,99.75,59.0,0,1,100.0,5,2,0
IPL26-234,Brydon Carse,BOWLER,English,1.0,72.0,30.0,0.0,0.0,0.0,72.0,1,1,38.73934223701395,5,1,0
IPL26-235,Kamindu Mendis,BATSMAN,Sri Lankan,1.0,65.0,27.0,0.0,0.0,0.0,65.0,1,1,32.86794933398728,4,1,0
IPL26-236,Harsh Dubey,BOWLER,Indian,0.5,70.0,23.0,13.0,12.0,174.77,70.0,0,1,100.0,2,0,0
IPL26-237,Aniket Verma,BATSMAN,Indian,0.25,66.0,24.0,117.0,0.0,403.65,66.0,0,1,99.93928294430617,3,2,0
IPL26-238,Eshan Malinga,BOWLER,Sri Lankan,0.25,74.0,25.0,0.0,0.0,0.0,74.0,1,1,38.23693560539128,2,0,0
IPL26-239,Smaran Ravichandaran,BATSMAN,Indian,0.25,73.0,26.0,0.0,0.0,0.0,73.0,0,1,55.137544233207926,3,2,0
IPL26-240,Liam Livingstone,ALL_ROUNDER,English,1.5,,32.0,0.0,0.0,0.0,50.0,1,1,27.182110814619698,2,1,0
IPL26-241,Salil Arora,WICKET_KEEPER,Indian,0.25,68.0,23.0,35.0,0.0,31.36,68.0,0,1,100.0,1,0,0
IPL26-242,Jack Edwards,ALL_ROUNDER,Australian,1.0,,26.0,0.0,0.0,0.0,50.0,1,1,41.07779369254072,0,0,0
IPL26-243,Shivam Mavi,BOWLER,Indian,1.5,64.0,27.0,0.0,12.0,0.0,64.0,0,1,54.17088248633428,0,0,0
IPL26-244,Amit Kumar,BOWLER,Indian,0.25,56.0,26.0,0.0,1.0,0.0,56.0,0,1,32.558422270657225,1,2,0
IPL26-245,Onkar Tarmale,ALL_ROUNDER,Indian,0.25,,26.0,0.0,0.0,0.0,50.0,0,1,55.430591851236635,3,2,0
IPL26-246,Sakib Hussain,BOWLER,Indian,0.25,71.0,21.0,0.0,11.0,221.1,71.0,0,1,100.0,4,1,0
IPL26-247,Praful Hinge,BOWLER,Indian,0.25,70.0,26.0,0.0,0.0,0.0,70.0,0,1,49.75738391171532,3,0,0
IPL26-248,Shivang Kumar,BOWLER,Indian,0.25,63.0,26.0,53.0,5.0,185.9,63.0,0,1,100.0,0,0,0
IPL26-249,Krains Fuletra,BOWLER,Indian,0.25,55.0,26.0,0.0,0.0,0.0,55.0,0,1,63.86107524508839,4,1,0
IPL26-250,Jake Fraser-McGurk,BATSMAN,Australian,1.0,71.0,23.0,0.0,0.0,0.0,71.0,1,1,66.28457726860358,2,2,0
IPL26-251,Devon Conway,WICKET_KEEPER,New Zealander,1.5,76.0,26.0,0.0,0.0,0.0,76.0,1,1,53.492768566147134,4,0,0
IPL26-252,Gus Atkinson,BOWLER,English,1.0,80.0,28.0,0.0,0.0,0.0,80.0,1,1,50.356817563264755,3,2,0
IPL26-253,Jamie Smith,WICKET_KEEPER,English,1.0,71.0,37.0,0.0,0.0,0.0,71.0,1,1,40.542797603298986,1,0,0
IPL26-254,Deepak Hooda,ALL_ROUNDER,Indian,2.0,,31.0,0.0,0.0,0.0,50.0,0,1,28.90349928264007,2,1,0
IPL26-255,Wiaan Mulder,BOWLER,South African,1.0,50.0,28.0,0.0,0.0,0.0,50.0,1,1,38.376278358506156,3,1,0
IPL26-256,Rahmanullah Gurbaz,WICKET_KEEPER,Afghan,1.0,67.0,24.0,233.0,0.0,183.09,67.0,1,1,94.57878123194145,2,2,0
IPL26-257,Jonny Bairstow,WICKET_KEEPER,English,1.5,75.0,36.0,0.0,0.0,0.0,75.0,1,1,62.71222517679453,4,0,0
IPL26-258,K.S. Bharat,WICKET_KEEPER,Indian,1.5,67.0,26.0,0.0,0.0,0.0,67.0,0,1,45.16282983564831,0,0,0
IPL26-259,Gerald Coetzee,BOWLER,South African,1.0,67.0,25.0,0.0,0.0,0.0,67.0,1,1,36.84138325037313,3,0,0
IPL26-260,Spencer Johnson,BOWLER,Australian,1.0,57.0,38.0,0.0,0.0,0.0,57.0,1,1,14.560192576239302,1,2,0
IPL26-261,Fazalhaq Farooqi,BOWLER,Afghan,1.0,63.0,25.0,0.0,18.0,34.22,63.0,1,1,94.39593946555512,4,0,0
IPL26-262,Maheesh Theekshana,BOWLER,Sri Lankan,1.0,71.0,25.0,0.0,0.0,0.0,71.0,1,1,41.41926683527983,3,0,0
IPL26-263,Mujeeb Ur Rahman,BOWLER,Afghan,2.0,67.0,25.0,0.0,7.0,8.29,67.0,1,1,87.7602072183749,1,0,0
IPL26-264,Aarya Desai,BATSMAN,Indian,0.25,55.0,23.0,99.0,0.0,0.0,55.0,0,1,39.263566031129855,3,0,0
IPL26-265,Yash Dhull,BATSMAN,Indian,0.5,55.0,23.0,0.0,0.0,0.0,55.0,0,1,31.35318294218364,4,2,0
IPL26-266,Abhinav Manohar,BATSMAN,Indian,0.5,62.0,31.0,0.0,0.0,0.0,62.0,0,1,22.25857496989421,3,2,0
IPL26-267,Anmolpreet Singh,BATSMAN,Indian,1.0,63.0,28.0,344.0,0.0,4.93,63.0,0,1,81.7687703765364,2,0,0
IPL26-268,Atharva Taide,BATSMAN,Indian,0.5,68.0,26.0,326.0,0.0,59.39,68.0,0,1,97.32221460150603,4,0,0
IPL26-269,Mahipal Lomror,BATSMAN,Indian,1.5,65.0,26.0,0.0,0.0,0.0,65.0,0,1,43.810560014003784,3,1,0
IPL26-270,Vijay Shankar,ALL_ROUNDER,Indian,2.0,,35.0,0.0,0.0,0.0,50.0,0,1,29.873326662568424,0,0,0
IPL26-271,Tanush Kotian,BATSMAN,Indian,0.5,61.0,27.0,75.0,14.0,18.32,61.0,0,1,100.0,3,0,0
IPL26-272,Kamlesh Nagarkoti,BOWLER,Indian,1.5,57.0,26.0,0.0,0.0,0.0,57.0,0,1,29.63843513003364,2,0,0
IPL26-273,Ruchit Ahir,BATSMAN,Indian,0.25,74.0,26.0,0.0,0.0,0.0,74.0,0,1,66.31929042122587,1,1,0
IPL26-274,Sanvir Singh,BATSMAN,Indian,0.5,60.0,29.0,103.0,4.0,20.67,60.0,0,1,100.0,1,1,0
IPL26-275,Vansh Bedi,WICKET_KEEPER,Indian,0.25,50.0,23.0,0.0,0.0,0.0,50.0,0,1,31.57309948987217,1,0,0
IPL26-276,Raj Limbani,BOWLER,Indian,0.25,75.0,26.0,0.0,0.0,0.0,75.0,0,1,35.13807999627294,0,0,0
IPL26-277,Simarjeet Singh,BOWLER,Indian,1.0,65.0,28.0,0.0,9.0,87.74,65.0,0,1,98.11716689254494,2,2,0
IPL26-278,Akash Madhwal,BOWLER,Indian,1.0,68.0,32.0,0.0,10.0,143.34,68.0,0,1,100.0,4,0,0
IPL26-279,Karn Sharma,BOWLER,Indian,2.0,80.0,38.0,0.0,0.0,0.0,80.0,0,1,63.79243374490885,1,0,0
IPL26-280,Sean Abbott,BOWLER,Australian,1.0,54.0,34.0,0.0,0.0,0.0,54.0,1,1,41.60035565968645,2,1,0
IPL26-281,Michael Bracewell,ALL_ROUNDER,New Zealander,1.0,,35.0,0.0,0.0,0.0,50.0,1,1,46.11903227387703,3,1,0
IPL26-282,Daryl Mitchell,BATSMAN,New Zealander,1.0,67.0,26.0,0.0,0.0,0.0,67.0,1,1,59.852890225986165,0,0,0
IPL26-283,Dasun Shanaka,BATSMAN,Sri Lankan,1.5,62.0,34.0,0.0,0.0,0.0,62.0,1,1,20.960063185255876,2,0,0
IPL26-284,Chetan Sakariya,BOWLER,Indian,1.5,70.0,27.0,0.0,0.0,0.0,70.0,0,1,25.835593757319153,2,1,0
IPL26-285,Waqar Salamkheil,BOWLER,Afghan,1.0,72.0,29.0,0.0,10.0,0.0,72.0,1,1,62.46970842322221,4,2,0
IPL26-286,Taskin Ahmed,BOWLER,Bangladeshi,1.0,80.0,31.0,0.0,12.0,0.0,80.0,1,1,79.46564845854341,2,2,0
IPL26-287,Alzarri Joseph,BOWLER,West Indian,1.5,68.0,29.0,0.0,0.0,0.0,68.0,1,1,52.96549721877539,4,2,0
IPL26-288,Riley Meredith,BOWLER,Australian,1.0,69.0,29.0,0.0,0.0,0.0,69.0,1,1,100.0,0,0,0
IPL26-289,Jhye Richardson,BOWLER,Australian,1.5,58.0,29.0,0.0,0.0,0.0,58.0,1,1,50.82123926162843,0,0,0
IPL26-290,Daniel Lawrence,BATSMAN,English,1.0,79.0,26.0,0.0,0.0,0.0,79.0,1,1,82.43456096629629,3,0,0
IPL26-291,Murugan Ashwin,BOWLER,Indian,1.5,72.0,35.0,0.0,0.0,0.0,72.0,0,1,64.98841900869714,4,0,0
IPL26-292,William Sutherland,ALL_ROUNDER,Australian,1.0,,26.0,0.0,0.0,0.0,50.0,1,1,30.754282501143372,4,2,0
IPL26-293,Kartikeya Singh,BOWLER,Indian,0.5,79.0,26.0,0.0,0.0,0.0,79.0,0,1,55.607121084638635,1,2,0
IPL26-294,Shivam Shukla,BOWLER,Indian,0.25,63.0,26.0,0.0,2.0,0.0,63.0,0,1,55.02768176067115,1,1,0
IPL26-295,Wahidullah Zadran,BOWLER,Afghan,1.0,62.0,26.0,0.0,2.0,0.0,62.0,1,1,28.67928990855641,3,1,0
IPL26-296,KC Cariappa,BOWLER,Indian,0.5,59.0,32.0,0.0,9.0,0.0,59.0,0,1,34.780160284478164,0,0,0
IPL26-297,Sediqullah Atal,BATSMAN,Afghan,1.0,64.0,24.0,244.0,0.0,14.99,64.0,1,1,100.0,5,0,0
IPL26-298,Nathan Smith,BOWLER,New Zealander,1.0,53.0,26.0,8.0,1.0,0.0,53.0,1,1,27.5283567430827,1,0,0
IPL26-299,Manan Vohra,BATSMAN,Indian,1.5,68.0,32.0,0.0,0.0,0.0,68.0,0,1,50.827160641994425,2,1,0
IPL26-300,Jacob Duffy,BOWLER,New Zealander,1.0,67.0,25.0,0.0,0.0,0.0,67.0,1,1,80.63145020259698,0,0,0
